[2026-06-07T02:17:48.403Z] GET https://www.basketball-reference.com/teams/SAS/2026.html → pending (?ms, ?B)
[2026-06-07T02:17:50.724Z] GET https://www.basketball-reference.com/teams/SAS/2026.html → 403 (192ms, 6329B)
[2026-06-07T02:17:50.958Z] GET https://www.basketball-reference.com/cdn-cgi/challenge-platform/h/g/orchestrate/chl_page/v1?ray=a07c29ad3fa72b7e → pending (?ms, ?B)
[2026-06-07T02:17:51.864Z] GET blob:https://www.basketball-reference.com/8ecf4b7c-ea06-4188-9e86-6686e94ff57b → pending (?ms, ?B)
[2026-06-07T02:17:51.869Z] GET https://challenges.cloudflare.com/turnstile/v0/g/8fc8ed1d8752/api.js?onload=NoWu9&render=explicit → pending (?ms, ?B)
[2026-06-07T02:17:51.985Z] POST https://www.basketball-reference.com/cdn-cgi/challenge-platform/h/g/flow/ov1/916187168:1780797622:AE5fjmuq25TpICVYWNwj8fZj_v_C2bIzUdyMZBdB7j0/a07c29ad3fa72b7e/RdAYvOd7dEuiDjsQEDlAxV.9LXZsjIIp8HXrV_1wiv8-1780798670-1.2.1.1-lZwi5oXeqmsrV5_jmH8VXtvYfLIJUfAQP6oHio4lVAvytKqd6IA3GqVeX4pSzCAA → 200 (562ms, ?B)
[2026-06-07T02:17:53.878Z] GET blob:https://www.basketball-reference.com/18cb1e5b-3969-4425-8e25-e2257cbc1d6e → 200 (4ms, 292B)
[2026-06-07T02:17:55.291Z] GET https://challenges.cloudflare.com/cdn-cgi/challenge-platform/h/g/turnstile/f/ov2/av0/rch/11lcv/0x4AAAAAAADnPIDROrmt1Wwj/light/fbE/new/normal?lang=auto → pending (?ms, ?B)
[2026-06-07T02:17:55.918Z] GET https://www.espn.com/nba/team/stats/_/name/sa/san-antonio-spurs → 200 (610ms, ?B)
[2026-06-07T02:17:56.318Z] GET https://challenges.cloudflare.com/cdn-cgi/challenge-platform/h/g/cmg/1 → pending (?ms, ?B)
[2026-06-07T02:17:56.533Z] GET https://dcf.espn.com/TWDC-DTCI/prod/Bootstrap.js → pending (?ms, ?B)
[2026-06-07T02:17:56.535Z] GET https://cdn1.espn.net/fitt/43919cae0e28-release-06-02-2026.2.0.4833/client/espnfitt/css/fusion-a01cce68.css → pending (?ms, ?B)
[2026-06-07T02:17:56.535Z] GET https://cdn1.espn.net/fitt/43919cae0e28-release-06-02-2026.2.0.4833/client/espnfitt/css/6185-d8af0775.css → pending (?ms, ?B)
[2026-06-07T02:17:56.535Z] GET https://cdn1.espn.net/fitt/43919cae0e28-release-06-02-2026.2.0.4833/client/espnfitt/css/espnfitt-aac59152.css → pending (?ms, ?B)
[2026-06-07T02:17:56.535Z] GET https://cdn1.espn.net/fitt/43919cae0e28-release-06-02-2026.2.0.4833/client/espnfitt/css/394-f8f14c08.css → pending (?ms, ?B)
[2026-06-07T02:17:56.535Z] GET https://cdn1.espn.net/fitt/43919cae0e28-release-06-02-2026.2.0.4833/client/espnfitt/css/1825-bae7d0ed.css → pending (?ms, ?B)
[2026-06-07T02:17:56.535Z] GET https://cdn1.espn.net/fitt/43919cae0e28-release-06-02-2026.2.0.4833/client/espnfitt/css/3479-14ceef13.css → pending (?ms, ?B)
[2026-06-07T02:17:56.535Z] GET https://cdn1.espn.net/fitt/43919cae0e28-release-06-02-2026.2.0.4833/client/espnfitt/css/team.stats-142b92ad.css → pending (?ms, ?B)
[2026-06-07T02:17:56.535Z] GET https://a.espncdn.com/fonts/_Publico/PublicoBannerExtraboldWeb.woff2 → pending (?ms, ?B)
[2026-06-07T02:17:56.535Z] GET https://a.espncdn.com/fonts/_BentonSans/BentonSansBlack.woff2 → pending (?ms, ?B)
[2026-06-07T02:17:56.535Z] GET https://a.espncdn.com/fonts/_BentonSansCond/BentonSansCondBold.woff2 → pending (?ms, ?B)
[2026-06-07T02:17:56.536Z] GET https://a.espncdn.com/fonts/_PlayoffProCond/PlayoffProCondBold.woff2 → pending (?ms, ?B)
[2026-06-07T02:17:56.536Z] GET https://a.espncdn.com/fonts/_PlayoffProCond/PlayoffProCondBlack.woff2 → pending (?ms, ?B)
[2026-06-07T02:17:56.536Z] GET https://a.espncdn.com/fonts/_BentonSans/BentonSansBold.woff2 → pending (?ms, ?B)
[2026-06-07T02:17:56.536Z] GET https://a.espncdn.com/fonts/_BentonSans/BentonSansMedium.woff2 → pending (?ms, ?B)
[2026-06-07T02:17:56.536Z] GET https://a.espncdn.com/fonts/_BentonSans/BentonSansRegular.woff2 → pending (?ms, ?B)
[2026-06-07T02:17:56.536Z] GET https://a.espncdn.com/fonts/_Ignite/ESPNIgniteDisplay-CondensedHeavy-Web.woff2 → pending (?ms, ?B)
[2026-06-07T02:17:56.536Z] GET https://a.espncdn.com/fonts/_Ignite/ESPNIgniteText-Regular-Web.woff2 → pending (?ms, ?B)
[2026-06-07T02:17:56.536Z] GET https://a.espncdn.com/fonts/_Ignite/ESPNIgniteTextCondensed-Regular-Web.woff2 → pending (?ms, ?B)
[2026-06-07T02:17:56.536Z] GET https://a.espncdn.com/fonts/_Ignite/ESPNIgniteTextCondensed-Bold-Web.woff2 → pending (?ms, ?B)
[2026-06-07T02:17:56.536Z] GET https://cdn1.espn.net/fitt/43919cae0e28-release-06-02-2026.2.0.4833/client/espnfitt/runtime-5b7306cd.js → pending (?ms, ?B)
[2026-06-07T02:17:56.536Z] GET https://cdn1.espn.net/fitt/43919cae0e28-release-06-02-2026.2.0.4833/client/espnfitt/dmp-sdk-cbf49318.js → pending (?ms, ?B)
[2026-06-07T02:17:56.536Z] GET https://cdn1.espn.net/fitt/43919cae0e28-release-06-02-2026.2.0.4833/client/espnfitt/6185-08c0f755.js → pending (?ms, ?B)
[2026-06-07T02:17:56.537Z] GET https://cdn1.espn.net/fitt/43919cae0e28-release-06-02-2026.2.0.4833/client/espnfitt/1609-dac15037.js → pending (?ms, ?B)
[2026-06-07T02:17:56.537Z] GET https://cdn1.espn.net/fitt/43919cae0e28-release-06-02-2026.2.0.4833/client/espnfitt/9264-d288023b.js → pending (?ms, ?B)
[2026-06-07T02:17:56.537Z] GET https://cdn1.espn.net/fitt/43919cae0e28-release-06-02-2026.2.0.4833/client/espnfitt/394-c019a863.js → pending (?ms, ?B)
[2026-06-07T02:17:56.537Z] GET https://cdn1.espn.net/fitt/43919cae0e28-release-06-02-2026.2.0.4833/client/espnfitt/3866-debef506.js → pending (?ms, ?B)
[2026-06-07T02:17:56.537Z] GET https://cdn1.espn.net/fitt/43919cae0e28-release-06-02-2026.2.0.4833/client/espnfitt/1765-53c8f25a.js → pending (?ms, ?B)
[2026-06-07T02:17:56.537Z] GET https://cdn1.espn.net/fitt/43919cae0e28-release-06-02-2026.2.0.4833/client/espnfitt/149-d38c33d6.js → pending (?ms, ?B)
[2026-06-07T02:17:56.537Z] GET https://cdn1.espn.net/fitt/43919cae0e28-release-06-02-2026.2.0.4833/client/espnfitt/6845-f9662716.js → pending (?ms, ?B)
[2026-06-07T02:17:56.537Z] GET https://cdn1.espn.net/fitt/43919cae0e28-release-06-02-2026.2.0.4833/client/espnfitt/1029-124f7f39.js → pending (?ms, ?B)
[2026-06-07T02:17:56.537Z] GET https://cdn1.espn.net/fitt/43919cae0e28-release-06-02-2026.2.0.4833/client/espnfitt/9195-ac79fa8d.js → pending (?ms, ?B)
[2026-06-07T02:17:56.537Z] GET https://cdn1.espn.net/fitt/43919cae0e28-release-06-02-2026.2.0.4833/client/espnfitt/6746-79f4cb5e.js → pending (?ms, ?B)
[2026-06-07T02:17:56.537Z] GET https://cdn1.espn.net/fitt/43919cae0e28-release-06-02-2026.2.0.4833/client/espnfitt/821-0e469e43.js → pending (?ms, ?B)
[2026-06-07T02:17:56.537Z] GET https://cdn1.espn.net/fitt/43919cae0e28-release-06-02-2026.2.0.4833/client/espnfitt/2553-30c398b3.js → pending (?ms, ?B)
[2026-06-07T02:17:56.537Z] GET https://cdn1.espn.net/fitt/43919cae0e28-release-06-02-2026.2.0.4833/client/espnfitt/4714-ce84554c.js → pending (?ms, ?B)
[2026-06-07T02:17:56.738Z] GET https://cdn1.espn.net/fitt/43919cae0e28-release-06-02-2026.2.0.4833/client/espnfitt/_manifest.js → 200 (436ms, ?B)
[2026-06-07T02:17:56.738Z] GET https://cdn1.espn.net/fitt/43919cae0e28-release-06-02-2026.2.0.4833/client/espnfitt/espn-en-0193295f.js → 200 (437ms, ?B)
[2026-06-07T02:17:56.738Z] GET https://cdn1.espn.net/fitt/43919cae0e28-release-06-02-2026.2.0.4833/client/espnfitt/espnfitt-4be98d9b.js → 200 (473ms, ?B)
[2026-06-07T02:17:56.738Z] GET https://cdn1.espn.net/fitt/43919cae0e28-release-06-02-2026.2.0.4833/client/espnfitt/team.stats-b132d699.js → 200 (650ms, ?B)
[2026-06-07T02:17:56.925Z] GET https://www.datadoghq-browser-agent.com/us1/v5/datadog-rum.js → pending (?ms, ?B)
[2026-06-07T02:17:56.926Z] GET https://cdn1.espn.net/fitt/43919cae0e28-release-06-02-2026.2.0.4833/client/espnfitt/_manifest.js → 200 (248ms, 47737B)
[2026-06-07T02:17:56.926Z] GET https://cdn1.espn.net/fitt/43919cae0e28-release-06-02-2026.2.0.4833/client/espnfitt/espn-en-0193295f.js → 200 (249ms, 208120B)
[2026-06-07T02:17:56.926Z] GET https://cdn1.espn.net/fitt/43919cae0e28-release-06-02-2026.2.0.4833/client/espnfitt/espnfitt-4be98d9b.js → 200 (249ms, 591854B)
[2026-06-07T02:17:56.926Z] GET https://cdn1.espn.net/fitt/43919cae0e28-release-06-02-2026.2.0.4833/client/espnfitt/team.stats-b132d699.js → 200 (285ms, 44717B)
[2026-06-07T02:17:57.047Z] GET https://secure.espncdn.com/redesign/assets/img/logos/logo-espn-82x20.png → pending (?ms, ?B)
[2026-06-07T02:17:57.047Z] GET https://a.espncdn.com/fonts/_BentonSans/BentonSansMedium-i18n-support.woff2 → 200 (553ms, 40644B)
[2026-06-07T02:17:57.047Z] GET https://a.espncdn.com/fonts/_BentonSans/BentonSansRegular-i18n-support.woff2 → 200 (603ms, 39924B)
[2026-06-07T02:17:57.387Z] GET https://pcs.bamgrid.com/v1/espn?namespaces=web&brand=google&platform=chrome → 200 (211ms, 575B)
[2026-06-07T02:17:57.405Z] GET https://pinpoint.espn.com/geo → pending (?ms, ?B)
[2026-06-07T02:17:57.482Z] GET https://site.web.api.espn.com/apis/site/v2/content/14274856/categories?lang=en&limit=50 → pending (?ms, ?B)
[2026-06-07T02:17:57.482Z] GET https://cdn.registerdisney.go.com/v4/OneID.js → pending (?ms, ?B)
[2026-06-07T02:17:57.482Z] GET https://client-sdk-configs.bamgrid.com/bam-sdk/v7.0/espn-a9b93989/browser/v35.2/macosx/chrome/prod.json → 200 (191ms, 84218B)
[2026-06-07T02:17:57.560Z] GET https://a.espncdn.com/combiner/i?img=/i/teamlogos/nba/500/sa.png&h=200&w=200 → pending (?ms, ?B)
[2026-06-07T02:17:57.560Z] GET https://a.espncdn.com/combiner/i?img=/i/teamlogos/nba/500/sa.png&scale=crop&cquality=40&location=origin&w=64&h=64 → pending (?ms, ?B)
[2026-06-07T02:17:57.560Z] GET https://a.espncdn.com/combiner/i?img=/i/headshots/nba/players/full/5104157.png&h=96&w=96&scale=crop → pending (?ms, ?B)
[2026-06-07T02:17:57.560Z] GET https://a.espncdn.com/combiner/i?img=/i/headshots/nba/players/full/4845367.png&h=96&w=96&scale=crop → pending (?ms, ?B)
[2026-06-07T02:17:57.560Z] GET https://a.espncdn.com/combiner/i?img=/i/headshots/nba/players/full/4395630.png&h=96&w=96&scale=crop → pending (?ms, ?B)
[2026-06-07T02:17:57.570Z] GET https://a.espncdn.com/redesign/assets/img/logos/espn-404@2x.png → pending (?ms, ?B)
[2026-06-07T02:17:57.571Z] GET https://a.espncdn.com/assets/icons/appTile.svg → pending (?ms, ?B)
[2026-06-07T02:17:57.571Z] GET https://a.espncdn.com/assets/icons/fantasy-white.svg → pending (?ms, ?B)
[2026-06-07T02:17:57.599Z] GET https://pcs.bamgrid.com/v1/espn?namespaces=hive-dmp → 200 (68ms, 319B)
[2026-06-07T02:17:57.668Z] GET https://hiveplayer-static.bamgrid.com/artifacts/hive/playback-service/26.5.0-esmeralda/all_browser_es5/playback-service.js → pending (?ms, ?B)
[2026-06-07T02:17:57.679Z] POST https://espn.api.edge.bamgrid.com/graph/v1/device/graphql → pending (?ms, ?B)
[2026-06-07T02:17:58.035Z] GET https://pcs.bamgrid.com/v1/espn?brand=google&platform=chrome&os=macos&namespaces=hive-dmp,ads,pqm → 200 (67ms, 1794B)
[2026-06-07T02:17:58.141Z] GET https://espn.api.edge.bamgrid.com/dictionary/v1/dictionaries?variables={%22dictionary%22:[{%22resourceKey%22:%22accessibility%22,%22version%22:%22latest%22},{%22resourceKey%22:%22application%22,%22version%22:%22latest%22},{%22resourceKey%22:%22media%22,%22version%22:%22latest%22},{%22resourceKey%22:%22sdk-errors%22,%22version%22:%22latest%22}],%22location%22:%22CN%22,%22pinnedPlatformVersion%22:%221.0%22,%22pinnedPlatformName%22:%22web%22,%22platform%22:%22web%22,%22preferredLanguage%22:%22en%22,%22tenant%22:%22espn%22} → 200 (110ms, 207014B)
[2026-06-07T02:17:58.434Z] GET https://site.web.api.espn.com/apis/personalized/v2/scoreboard/header?sport=basketball&league=nba&region=us&lang=en&contentorigin=espn&configuration=STREAM_MENU&platform=web&features=sfb-all%2Ccutl&buyWindow=1m&showAirings=buy%2Clive%2Creplay&showZipLookup=true&tz=America%2FNew_York&postalCode=100000&playabilitySource=playbackId → 200 (226ms, 15116B)
[2026-06-07T02:17:58.665Z] GET https://cdn.registerdisney.go.com/v4/bundle/web/ESPN-ONESITE.WEB/en-US?cssOverride=https%3A%2F%2Fsecure.espncdn.com%2Fcombiner%2Fc%3Fcss%3Ddisneyid%2Fcorev4.css&logLevel=INFO → pending (?ms, ?B)
[2026-06-07T02:17:58.666Z] GET https://www.espn.com/login/responder/v4/index.html?clientId=ESPN-ONESITE.WEB&environment=PROD → pending (?ms, ?B)
[2026-06-07T02:17:58.673Z] GET https://cdn.taboola.com/libtrc/espn-network/loader.js → pending (?ms, ?B)
[2026-06-07T02:17:58.673Z] GET https://secure.espncdn.com/js/omniture/tracking.js → pending (?ms, ?B)
[2026-06-07T02:17:58.673Z] GET https://secure.espncdn.com/ad/doubleclick/ads.js → pending (?ms, ?B)
[2026-06-07T02:17:58.673Z] GET https://secure.espncdn.com/connected-devices/espn-watchsdk-js/4.6.8/dist/espn-watchsdk-web-umd.min.js → pending (?ms, ?B)
[2026-06-07T02:17:58.682Z] GET https://secure.espncdn.com/i/espnicons/Symbol_Defs--v49.svg → pending (?ms, ?B)
[2026-06-07T02:17:58.732Z] GET https://cdn.registerdisney.go.com/v4/responder.js → 200 (640ms, 8348B)
[2026-06-07T02:17:58.785Z] GET https://a.espncdn.com/combiner/i?img=/i/teamlogos/nba/500/scoreboard/sa.png&w=32&h=32&scale=crop&cquality=40&location=origin → 200 (194ms, 1338B)
[2026-06-07T02:17:58.785Z] GET https://a.espncdn.com/combiner/i?img=/i/teamlogos/nba/500/scoreboard/ny.png&w=32&h=32&scale=crop&cquality=40&location=origin → 200 (196ms, 1657B)
[2026-06-07T02:17:59.216Z] GET https://log.espn.com/log?srvc=sz&silent&returnBody=SWID&responseType=JSON → pending (?ms, ?B)
[2026-06-07T02:17:59.217Z] GET https://a.espncdn.com/connected-devices/app-configurations/espn-js-sdk-web-2.0.config.json → 200 (187ms, 3104B)
[2026-06-07T02:17:59.217Z] GET https://entitlement.auth.adobe.com/entitlement/v4/AccessEnabler.js → pending (?ms, ?B)
[2026-06-07T02:17:59.217Z] GET https://broadband.espn.com/espn3/auth/watchespn/user?partner=watchespn&platform=web → 200 (227ms, 307B)
[2026-06-07T02:17:59.380Z] GET https://cdn.registerdisney.go.com/v4/asset/bundler/ESPN/v4/images/v2/espn-red-logo.svg → 200 (187ms, 1258B)
[2026-06-07T02:17:59.403Z] GET https://www.google.com/recaptcha/enterprise.js?onload=grecaptcha1780798679389&render=6LciB_gZAAAAAA_mwJ4G0XZ0BXWvLTt67V7YizXx&hl=en → pending (?ms, ?B)
[2026-06-07T02:17:59.403Z] GET https://cdn.registerdisney.go.com/v4/asset/images/svgs/myDisneyDark.svg → 200 (185ms, 8205B)
[2026-06-07T02:17:59.403Z] GET https://fonts.gstatic.com/s/notosans/v27/o-0IIpQlx3QUlC5A4PNr5TRASf6M7Q.woff2 → pending (?ms, ?B)
[2026-06-07T02:17:59.936Z] GET https://cdn.taboola.com/libtrc/tr5?abgroup=trecs-3288-fix-served-sizes-reporting-on-explore-more-display-items_ctrl&pub=espn-network → 200 (180ms, 3B)
[2026-06-07T02:17:59.941Z] GET https://gum.criteo.com/sync?c=72&r=2&j=TRC.getRTUS → pending (?ms, ?B)
[2026-06-07T02:17:59.966Z] GET https://sp.auth.adobe.com/entitlement/v4/AccessEnablerProxy.html?9f61ce3349740cda7528 → 200 (662ms, 235B)
[2026-06-07T02:18:00.053Z] GET https://www.gstatic.com/recaptcha/releases/ne1iDVwClkE7nKD3uA9Vqsvl/recaptcha__en.js → 200 (451ms, 894957B)
[2026-06-07T02:18:00.446Z] GET https://pm-widget.taboola.com/espn-network/load.js → 200 (197ms, 3174B)
[2026-06-07T02:18:00.446Z] POST https://trc.taboola.com/espnnetwork-espn/trc/3/json?llvl=2&tim=10%3A18%3A00.444&lti=default-trecs-3288-fix-served-sizes-reporting-on-explore-more-display-items_ctrl&pubit=n&t=1&data=%7B%22id%22%3A%2298228%22%2C%22sd%22%3A%22%22%2C%22ui%22%3A%22%22%2C%22ii%22%3A%22%2Fnba%2Fteam%2Fstats%2F_%2Fname%2Fsa%2Fsan-antonio-spurs%22%2C%22it%22%3A%22other%22%2C%22vi%22%3A1780798680444%2C%22cv%22%3A%2220260604-9-RELEASE%22%2C%22uiv%22%3A%22default%22%2C%22u%22%3A%22https%3A%2F%2Fwww.espn.com%2Fnba%2Fteam%2Fstats%2F_%2Fname%2Fsa%2Fsan-antonio-spurs%22%2C%22qs%22%3A%22%22%2C%22bv%22%3A%220%22%2C%22btv%22%3A%220%22%2C%22ul%22%3A%5B%22en-US%22%5D%2C%22cos%22%3A%224g%22%2C%22bu%22%3A%22https%3A%2F%2Fwww.espn.com%2Fnba%2Fteam%2Fstats%2F_%2Fname%2Fsa%2Fsan-antonio-spurs%22%2C%22vpi%22%3A%22%2Fnba%2Fteam%2Fstats%2F_%2Fname%2Fsa%2Fsan-antonio-spurs%22%2C%22bad%22%3A-1%2C%22sw%22%3A1280%2C%22sh%22%3A720%2C%22bw%22%3A1280%2C%22bh%22%3A720%2C%22dw%22%3A1280%2C%22dh%22%3A2205%2C%22sde%22%3A%221.000%22%2C%22lt%22%3A%22default-trecs-3288-fix-served-sizes-reporting-on-explore-more-display-items_ctrl%22%2C%22nsid%22%3A%22espn-network%22%2C%22r%22%3A%5B%7B%22li%22%3A%22rbox-o2m%22%2C%22uip%22%3A%22below%20content%20-%20dead%20end%20-%20nba%22%2C%22orig_uip%22%3A%22below%20content%20-%20dead%20end%20-%20nba%22%2C%22s%22%3A3%2C%22uim%22%3A%22thumbnails-a%3Apub%3Despn-network%3Aabp%3D0%22%2C%22cd%22%3A2012.19%2C%22mw%22%3A1220%7D%5D%2C%22pev%22%3A%2231150%22%2C%22uad%22%3A%7B%22mobile%22%3Afalse%2C%22model%22%3A%22%22%2C%22platform%22%3A%22macOS%22%2C%22platformVersion%22%3A%2226.5.1%22%2C%22uaFullVersion%22%3A%22145.0.7632.6%22%7D%2C%22cacheKey%22%3A%22other%3D%2Fnba%2Fteam%2Fstats%2F_%2Fname%2Fsa%2Fsan-antonio-spurs%2Cbelow%20content%20-%20dead%20end%20-%20nba%3Dthumbnails-a%3Apub%3Despn-network%3Aabp%3D0%22%2C%22_cn%22%3A%22tions_1%22%2C%22lbt%22%3A1780584001285%2C%22wc%22%3Atrue%7D → 200 (258ms, ?B)
[2026-06-07T02:18:00.540Z] GET https://www.google.com/recaptcha/enterprise/anchor?ar=1&k=6LciB_gZAAAAAA_mwJ4G0XZ0BXWvLTt67V7YizXx&co=aHR0cHM6Ly9jZG4ucmVnaXN0ZXJkaXNuZXkuZ28uY29tOjQ0Mw..&hl=en&v=ne1iDVwClkE7nKD3uA9Vqsvl&size=invisible&anchor-ms=20000&execute-ms=30000&cb=euah2euhe7l0 → 200 (82ms, 54909B)
[2026-06-07T02:18:00.628Z] GET https://www.gstatic.com/recaptcha/releases/ne1iDVwClkE7nKD3uA9Vqsvl/styles__ltr.css → pending (?ms, ?B)
[2026-06-07T02:18:00.628Z] GET https://www.gstatic.com/recaptcha/releases/ne1iDVwClkE7nKD3uA9Vqsvl/recaptcha__en.js → 200 (15ms, 894957B)
[2026-06-07T02:18:00.629Z] GET https://sp.auth.adobe.com/entitlement/v4/AccessEnablerProxy.js → pending (?ms, ?B)
[2026-06-07T02:18:00.643Z] GET https://pm-widget.taboola.com/espn-network/pmk-20220605.9.js → pending (?ms, ?B)
[2026-06-07T02:18:00.712Z] POST https://ty-trc-events.taboola.com/espnnetwork-espn/log/2/debug?type=warn&msg=adgb%20-%20not%20initialized.&lt=default-trecs-3288-fix-served-sizes-reporting-on-explore-more-display-items_ctrl&tvi48=28907&tvi50=30819&tim=10%3A18%3A00.711&id=63218&cv=20260604-9-RELEASE&llvl=2 → pending (?ms, ?B)
[2026-06-07T02:18:00.712Z] POST https://ty-trc-events.taboola.com/espnnetwork-espn/log/3/abtests?route=TY%3ATY%3AV&lti=default-trecs-3288-fix-served-sizes-reporting-on-explore-more-display-items_ctrl&tvi48=28907&tvi50=30819&ri=d48726b582dadf392e65239b334eaa72&sd=v2_2fa71d9e273704cdb260075ada07af38_f0100220-852a-412b-88a3-f1a27398fd2e-tuct111e5a58_1780798680_1780798680_CNawjgYQwqhJGPza_f7pMyABKAEwMDjK_QdA9qAQSNru1gNQ4cIJWABgAGjc6tGZ9I2O2UJwAYABAIgBAJABAA&ui=f0100220-852a-412b-88a3-f1a27398fd2e-tuct111e5a58&pi=%2Fnba%2Fteam%2Fstats%2F_%2Fname%2Fsa%2Fsan-antonio-spurs&wi=7174992810494690378&pt=other&vi=1780798680444&tim=10%3A18%3A00.711&id=49044&llvl=2&cv=20260604-9-RELEASE&d=%7B%22abTestsEventType%22%3A%22simple%22%2C%22name%22%3A%22traffic-type%22%2C%22type%22%3A%22default%22%2C%22eventTime%22%3A1780798680711%7D → pending (?ms, ?B)
[2026-06-07T02:18:00.730Z] GET https://images.taboola.com/taboola/image/fetch/f_jpg%2Cq_auto%2Ch_256%2Cw_460%2Cc_fill%2Cg_faces:auto%2Ce_sharpen/https%3A//cdn.taboola.com/libtrc/static/thumbnails/d94882679da0cb0fe29465c742a947b4.jpg → 200 (239ms, 18362B)
[2026-06-07T02:18:00.731Z] GET https://images.taboola.com/taboola/image/fetch/f_jpg%2Cq_auto%2Ch_256%2Cw_460%2Cc_fill%2Cg_faces:auto%2Ce_sharpen/https%3A//cdn.taboola.com/libtrc/static/thumbnails/5058cf7ffc41dff5e1bc586a4d56ef9f.jpg → 200 (249ms, 38814B)
[2026-06-07T02:18:00.731Z] GET https://images.taboola.com/taboola/image/fetch/c_crop%2Cf_jpg%2Cq_auto%2Ce_sharpen%2Car_1.7778%2Cw_1200%2Cx_0%2Cy_128/c_fill%2Cw_460%2Ch_256/https%3A//cdn.taboola.com/libtrc/static/thumbnails/3a563ce04a9e2f0815036b95f7f363f9.jpg → 200 (218ms, 14104B)
[2026-06-07T02:18:00.731Z] GET https://images.taboola.com/taboola/image/fetch/f_jpg%2Cq_auto%2Ch_256%2Cw_460%2Cc_fill%2Cg_faces:auto%2Ce_sharpen/https%3A//cdn.taboola.com/libtrc/static/thumbnails/e8fc873f2b8ec8c4dc009c61305d1b33.jpg → 200 (249ms, 15004B)
[2026-06-07T02:18:00.731Z] GET https://images.taboola.com/taboola/image/fetch/c_crop%2Cf_jpg%2Cq_auto%2Ce_sharpen%2Car_1.7778%2Cw_1280%2Cx_0%2Cy_0/c_fill%2Cw_460%2Ch_256/http%3A//cdn.taboola.com/libtrc/static/thumbnails/27f64b45b55c21b8886d554bddf738b4.png → 200 (218ms, 10726B)
[2026-06-07T02:18:00.731Z] GET https://images.taboola.com/taboola/image/fetch/f_jpg%2Cq_auto%2Ch_256%2Cw_460%2Cc_fill%2Cg_faces:auto%2Ce_sharpen/http%3A//cdn.taboola.com/libtrc/static/thumbnails/5968b810ff94c1d885a123bffaf15026.jpg → 200 (231ms, 18252B)
[2026-06-07T02:18:00.734Z] GET https://cdn.taboola.com/static/91/9117a6d9-cbf1-4ea6-8caa-7461ce6554bc.gif → 200 (200ms, 3915B)
[2026-06-07T02:18:00.734Z] POST https://trc.taboola.com/espnnetwork-espn/trc/3/json?tvi48=28907&tvi50=30819&route=TY%3ATY%3AV&data=%7B%22sd%22%3A%22v2_2fa71d9e273704cdb260075ada07af38_f0100220-852a-412b-88a3-f1a27398fd2e-tuct111e5a58_1780798680_1780798680_CNawjgYQwqhJGPza_f7pMyABKAEwMDjK_QdA9qAQSNru1gNQ4cIJWABgAGjc6tGZ9I2O2UJwAYABAIgBAJABAA%22%2C%22ui%22%3A%22f0100220-852a-412b-88a3-f1a27398fd2e-tuct111e5a58%22%2C%22uifp%22%3A%22f0100220-852a-412b-88a3-f1a27398fd2e-tuct111e5a58%22%2C%22id%22%3A%2269873%22%2C%22ii%22%3A%22%2Fnba%2Fteam%2Fstats%2F_%2Fname%2Fsa%2Fsan-antonio-spurs%22%2C%22it%22%3A%22other%22%2C%22vi%22%3A1780798680444%2C%22cv%22%3A%2220260604-9-RELEASE%22%2C%22uiv%22%3A%22default%22%2C%22u%22%3A%22https%3A%2F%2Fwww.espn.com%2Fnba%2Fteam%2Fstats%2F_%2Fname%2Fsa%2Fsan-antonio-spurs%22%2C%22qs%22%3A%22%22%2C%22bv%22%3A%220%22%2C%22btv%22%3A%220%22%2C%22ul%22%3A%5B%22en-US%22%5D%2C%22cos%22%3A%224g%22%2C%22bu%22%3A%22https%3A%2F%2Fwww.espn.com%2Fnba%2Fteam%2Fstats%2F_%2Fname%2Fsa%2Fsan-antonio-spurs%22%2C%22vpi%22%3A%22%2Fnba%2Fteam%2Fstats%2F_%2Fname%2Fsa%2Fsan-antonio-spurs%22%2C%22bad%22%3A-1%2C%22sw%22%3A1280%2C%22sh%22%3A720%2C%22bw%22%3A1280%2C%22bh%22%3A720%2C%22dw%22%3A1280%2C%22dh%22%3A3379%2C%22sde%22%3A%221.000%22%2C%22lt%22%3A%22default-trecs-3288-fix-served-sizes-reporting-on-explore-more-display-items_ctrl%22%2C%22nsid%22%3A%22espn-network%22%2C%22r%22%3A%5B%7B%22li%22%3A%22rbox-o2m%22%2C%22uip%22%3A%22below%20content%20-%20dead%20end%20-%20nba%22%2C%22orig_uip%22%3A%22below%20content%20-%20dead%20end%20-%20nba%22%2C%22s%22%3A3%2C%22uim%22%3A%22thumbnails-a%3Apub%3Despn-network%3Aabp%3D0%22%2C%22cd%22%3A2012.19%2C%22mw%22%3A1220%2C%22fb%22%3A%222%22%2C%22fi%22%3A3%2C%22fti%22%3A%22delta-override%3A10778002%3APUBLISHED%22%7D%5D%2C%22pev%22%3A%2231150%22%2C%22plf%22%3A%7B%22stop_tslt%22%3Atrue%7D%2C%22uad%22%3A%7B%22mobile%22%3Afalse%2C%22model%22%3A%22%22%2C%22platform%22%3A%22macOS%22%2C%22platformVersion%22%3A%2226.5.1%22%2C%22uaFullVersion%22%3A%22145.0.7632.6%22%7D%2C%22cacheKey%22%3A%22other%3D%2Fnba%2Fteam%2Fstats%2F_%2Fname%2Fsa%2Fsan-antonio-spurs%2Cbelow%20content%20-%20dead%20end%20-%20nba%3Dthumbnails-a%3Apub%3Despn-network%3Aabp%3D0%22%2C%22_cn%22%3A%22tions_2%22%2C%22lbt%22%3A1780584001285%2C%22wc%22%3Atrue%7D&llvl=2&tim=10%3A18%3A00.734&lti=default-trecs-3288-fix-served-sizes-reporting-on-explore-more-display-items_ctrl&pubit=n&t=1 → 200 (266ms, 7586B)
[2026-06-07T02:18:00.854Z] POST https://sp.auth.adobe.com/o/client/register → 201 (813ms, 310B)
[2026-06-07T02:18:01.297Z] POST https://ty-trc-events.taboola.com/espnnetwork-espn/log/3/social?lti=default-trecs-3288-fix-served-sizes-reporting-on-explore-more-display-items_ctrl&ri=0e3330874c5c629e6dd65fbd85a2b637&sd=v2_2fa71d9e273704cdb260075ada07af38_f0100220-852a-412b-88a3-f1a27398fd2e-tuct111e5a58_1780798680_1780798680_CNawjgYQwqhJGPza_f7pMyABKAEwMDjK_QdA9qAQSNru1gNQ4cIJWABgAGjc6tGZ9I2O2UJwAYABAIgBAJABAA&ui=f0100220-852a-412b-88a3-f1a27398fd2e-tuct111e5a58&pi=%2Fnba%2Fteam%2Fstats%2F_%2Fname%2Fsa%2Fsan-antonio-spurs&wi=7174992810494690378&pt=other&vi=1780798680444&st=social-available&d=%7B%22data%22%3A%5B%7B%22i%22%3A%22ctx%22%2C%22ism%22%3Afalse%2C%22srx%22%3A1280%2C%22sry%22%3A720%2C%22pd%22%3Anull%2C%22tpl%22%3A%22%22%2C%22url%22%3A%22https%3A%2F%2Fwww.espn.com%2Fnba%2Fteam%2Fstats%2F_%2Fname%2Fsa%2Fsan-antonio-spurs%22%2C%22rref%22%3A%22%22%2C%22sref%22%3A%22%22%2C%22hdl%22%3A%22San%20Antonio%20Spurs%202025-26%20NBA%20Postseason%20Stats%20-%20ESPN%22%2C%22sec%22%3A%22nba%22%2C%22aut%22%3A%5B%5D%2C%22img%22%3A%22https%3A%2F%2Fa.espncdn.com%2Fcombiner%2Fi%3Fimg%3D%2Fi%2Fteamlogos%2Fnba%2F500%2Fsa.png%22%2C%22v%22%3A15%2C%22pw%22%3Afalse%7D%5D%7D → 204 (211ms, ?B)
[2026-06-07T02:18:01.512Z] GET https://www.google.com/recaptcha/enterprise/webworker.js?hl=en&v=ne1iDVwClkE7nKD3uA9Vqsvl → 200 (97ms, 102B)
[2026-06-07T02:18:01.517Z] GET https://www.gstatic.com/recaptcha/api2/logo_48.png → 200 (51ms, 2228B)
[2026-06-07T02:18:01.517Z] GET https://fonts.gstatic.com/s/roboto/v48/KFO7CnqEu92Fr1ME7kSn66aGLdTylUAMa3yUBHMdazQ.woff2 → 200 (92ms, 34668B)
[2026-06-07T02:18:01.610Z] GET https://www.gstatic.com/recaptcha/releases/ne1iDVwClkE7nKD3uA9Vqsvl/recaptcha__en.js → 200 (41ms, 894957B)
[2026-06-07T02:18:01.668Z] POST https://sp.auth.adobe.com/o/client/token → pending (?ms, ?B)
[2026-06-07T02:18:01.733Z] GET https://cdn.taboola.com/libtrc/static/thumbnails/f539211219b796ffbb49949997c764f0.png → 200 (191ms, 254B)
[2026-06-07T02:18:01.738Z] POST https://trc.taboola.com/espnnetwork-espn/log/3/bulk?route=TY%3ATY%3AV&lti=default-trecs-3288-fix-served-sizes-reporting-on-explore-more-display-items_ctrl&tvi48=28907&tvi50=30819&cv=20260604-9-RELEASE&bulkSize=3 → 204 (383ms, ?B)
[2026-06-07T02:18:02.114Z] GET https://sp.auth.adobe.com/adobe-services/config/ESPN → pending (?ms, ?B)
[2026-06-07T02:18:02.420Z] GET https://gum.criteo.com/sync?s=1&c=72&r=2&j=TRC.getRTUS → 200 (141ms, 136B)
[2026-06-07T02:18:02.773Z] GET https://dcf.espn.com/TWDC-DTCI/prod/serverComponent.php?namespace=Bootstrapper&staticJsPath=/TWDC-DTCI/prod/code/&ClientID=2750&PageID=https%3A%2F%2Fwww.espn.com%2Fnba%2Fteam%2Fstats%2F_%2Fname%2Fsa%2Fsan-antonio-spurs%3Fcds%3Dn%26country%3Dcn%26region%3Dunknown%26gpc%3Dxx%26shouldFire%3Dy%26nAsyncNgeo%3Dn%26portal%3Dsports%26site%3Despn%26siteRegion%3D%26realHost%3Dwww.espn.com%26kpTlium%3Dn%26eventStep%3Dnon-ecom&custDomain=dcf.espn.com → 200 (539ms, 1244B)
[2026-06-07T02:18:03.086Z] GET https://www.googletagservices.com/tag/js/gpt.js?network-code=21783347309 → 200 (163ms, 112772B)
[2026-06-07T02:18:03.086Z] GET https://secure.espncdn.com/prod/scripts/prebid8.26.0.js → 200 (357ms, 340582B)
[2026-06-07T02:18:03.264Z] GET https://securepubads.g.doubleclick.net/pagead/managed/js/gpt/m202606020101/pubads_impl.js?cb=31098954 → 200 (160ms, 615842B)
[2026-06-07T02:18:03.266Z] GET https://securepubads.g.doubleclick.net/pagead/managed/dict/m202606040101/gpt → 200 (149ms, 64902B)
[2026-06-07T02:18:03.314Z] GET https://dcf.espn.com/TWDC-DTCI/prod/code/af7ee5626c21da6c1657c4e60d439f3a.js?conditionId0=4958322 → 200 (147ms, 163356B)
[2026-06-07T02:18:03.314Z] GET https://dcf.espn.com/TWDC-DTCI/prod/code/180c898d38bbecdb99928e5c3de8f957.js?conditionId0=4956281 → 200 (154ms, 460603B)
[2026-06-07T02:18:03.314Z] GET https://dcf.espn.com/TWDC-DTCI/prod/code/470fe3f257ba2b027af1f8f93cc9b7b0.js?conditionId0=4872138 → 200 (87ms, 11213B)
[2026-06-07T02:18:03.314Z] GET https://dcf.espn.com/TWDC-DTCI/prod/code/be63887d6787664f1642b46ddff33cd2.js?conditionId0=4905158 → 200 (80ms, 10448B)
[2026-06-07T02:18:03.314Z] GET https://dcf.espn.com/TWDC-DTCI/prod/code/98b259aabe7f900db4b0febb129ef3b8.js?conditionId0=4884623 → 200 (86ms, 527B)
[2026-06-07T02:18:03.314Z] GET https://dcf.espn.com/TWDC-DTCI/prod/code/6017163b9f256b1e7b756a2a3ece8e17.js?conditionId0=4905158 → 200 (85ms, 1941B)
[2026-06-07T02:18:03.314Z] GET https://dcf.espn.com/TWDC-DTCI/prod/code/1d862b4a3b308eadcaea9760fc12172a.js?conditionId0=4958322 → 200 (88ms, 16393B)
[2026-06-07T02:18:03.314Z] GET https://dcf.espn.com/TWDC-DTCI/prod/code/b09d9ba996da0be696938685746e77eb.js?conditionId0=4956281 → 200 (154ms, 1769B)
[2026-06-07T02:18:03.314Z] GET https://dcf.espn.com/TWDC-DTCI/prod/code/d2d30fa54de287bb14a60179ecd6825f.js?conditionId0=4872138 → 200 (154ms, 9725B)
[2026-06-07T02:18:03.314Z] GET https://dcf.espn.com/TWDC-DTCI/prod/code/046b6b803e16c78a2d2beaddb46a1708.js?conditionId0=4871166 → 200 (85ms, 2844B)
[2026-06-07T02:18:03.314Z] GET https://dcf.espn.com/TWDC-DTCI/prod/code/4b9e17bb02fac4afac0692b5296ed87e.js?conditionId0=4871166 → 200 (86ms, 2285B)
[2026-06-07T02:18:03.400Z] GET https://static.chartbeat.com/js/chartbeat_video.js → 200 (234ms, 74182B)
[2026-06-07T02:18:03.401Z] GET https://cdn.parsely.com/keys/espn.com/p.js → pending (?ms, ?B)
[2026-06-07T02:18:03.401Z] GET https://d.impactradius-event.com/A1323623-ff1f-47da-bf87-01a65620c9c91.js → 200 (301ms, 59328B)
[2026-06-07T02:18:03.402Z] GET https://secure.espn.com/js/dcf/tags/vision/latest/vision-media.js → 200 (273ms, 45821B)
[2026-06-07T02:18:03.402Z] GET https://sb.scorecardresearch.com/cs/3000005/beacon.js → pending (?ms, ?B)
[2026-06-07T02:18:03.440Z] GET https://fundingchoicesmessages.google.com/i/21783347309?ers=3 → pending (?ms, ?B)
[2026-06-07T02:18:03.460Z] GET https://fastlane.rubiconproject.com/a/api/fastlane.json?account_id=13042&site_id=92444&zone_id=435334&size_id=2&alt_size_ids=57&rf=https%3A%2F%2Fwww.espn.com%2Fnba%2Fteam%2Fstats%2F_%2Fname%2Fsa%2Fsan-antonio-spurs&tg_i.domain=espn.com&tg_i.page=https%3A%2F%2Fwww.espn.com%2Fnba%2Fteam%2Fstats%2F_%2Fname%2Fsa%2Fsan-antonio-spurs&tg_i.pbadslot=%2F21783347309%2Fespn.com%2Fnba%2Fteam%2Fstats&tk_flint=pbjs_lite_v8.26.0&l_pb_bid_id=2abf94ed15fd648&p_screen_res=1280x720&rp_secure=1&rp_maxbids=1&p_gpid=%2F21783347309%2Fespn.com%2Fnba%2Fteam%2Fstats&m_ch_ua=%22Not%3AA-Brand%22%7Cv%3D%2299%22%2C%22HeadlessChrome%22%7Cv%3D%22145%22%2C%22Chromium%22%7Cv%3D%22145%22&m_ch_full_ver=%22Not%3AA-Brand%22%7Cv%3D%2299%22%2C%22HeadlessChrome%22%7Cv%3D%22145%22%2C%22Chromium%22%7Cv%3D%22145%22&m_ch_mobile=%3F0&m_ch_platform=macOS&slots=1&rand=0.5123028676652961 → pending (?ms, ?B)
[2026-06-07T02:18:03.460Z] POST https://ib.adnxs.com/ut/v3/prebid → pending (?ms, ?B)
[2026-06-07T02:18:03.467Z] GET https://disney.demdex.net/id?d_visid_ver=5.5.0&d_fieldgroup=MC&d_rtbd=json&d_ver=2&d_verify=1&d_orgid=EE0201AC512D2BE80A490D4C%40AdobeOrg&d_nsid=0&d_coppa=true&ts=1780798683465 → 200 (217ms, 186B)
[2026-06-07T02:18:03.468Z] GET https://cdn-gl.imrworldwide.com/conf/P07264C85-15CD-4A80-8E56-B5BFA6D93296.js → 200 (185ms, 28756B)
[2026-06-07T02:18:03.640Z] GET https://pespn.chartbeat.net/ping?h=espn.com&p=%2Fnba%2Fteam%2Fstats%2F_%2Fname%2Fsa%2Fsan-antonio-spurs&u=BgdCSLBFrErGCzLBHt&d=espn.com&g=22222&g0=nba&g1=stats&n=1&f=00001&c=0&x=0&m=0&y=3132&o=1280&w=720&j=45&R=1&W=0&I=0&E=0&e=0&r=&PA=https%3A%2F%2Fwww.espn.com%2Fnba%2Fteam%2Fstats%2F_%2Fname%2Fsa%2Fsan-antonio-spurs&b=2745&t=BcBvXPCThEZcCbRdr8BHhFjOCFeTQ-&V=151&i=San%20Antonio%20Spurs%202025-26%20NBA%20Postseason%20Stats&tz=-480&sn=1&sv=CqWmVmBNx-8uDWa1J_Znou64av-F&sr=external&sd=1&im=067b2ff3&_ → pending (?ms, ?B)
[2026-06-07T02:18:03.654Z] GET https://cdn-gl.imrworldwide.com/novms/js/2/nlsSDK600.bundle.min.js → pending (?ms, ?B)
[2026-06-07T02:18:03.684Z] GET https://sw88.espn.com/id?d_visid_ver=5.5.0&d_fieldgroup=A&mcorgid=EE0201AC512D2BE80A490D4C%40AdobeOrg&mid=25101326007792372344309697180452091661&d_coppa=true&ts=1780798683683 → pending (?ms, ?B)
[2026-06-07T02:18:03.712Z] POST https://go.web.plus.espn.com/xur/9070 → pending (?ms, ?B)
[2026-06-07T02:18:03.772Z] GET https://vision.fn-pz.com/v3/config/espn-web → pending (?ms, ?B)
[2026-06-07T02:18:03.776Z] POST https://vision.fn-pz.com/v3/event → pending (?ms, ?B)
[2026-06-07T02:18:03.776Z] POST https://vision.fn-pz.com/v3/event → pending (?ms, ?B)
[2026-06-07T02:18:03.786Z] GET https://p1.parsely.com/px/?rand=1780798683784&plid=4fbe18e4-1aab-4844-b686-674d109b64dd&idsite=espn.com&url=https%3A%2F%2Fwww.espn.com%2Fnba%2Fteam%2Fstats%2F_%2Fname%2Fsa%2Fsan-antonio-spurs&urlref=&screen=1280x720%7C1280x720%7C24&data=%7B%7D&sid=1&surl=https%3A%2F%2Fwww.espn.com%2Fnba%2Fteam%2Fstats%2F_%2Fname%2Fsa%2Fsan-antonio-spurs&sref=&sts=1780798683783&slts=0&title=San+Antonio+Spurs+2025-26+NBA+Postseason+Stats+-+ESPN&date=Sun+Jun+07+2026+10%3A18%3A03+GMT%2B0800+(China+Standard+Time)&action=pageview&metadata=%7B%22title%22%3A%22San+Antonio+Spurs+2025-26+NBA+Postseason+Stats+-+ESPN%22%2C%22link%22%3A%22https%3A%2F%2Fwww.espn.com%2Fnba%2Fteam%2Fstats%2F_%2Fname%2Fsa%2Fsan-antonio-spurs%22%2C%22page_type%22%3A%22index%22%2C%22section%22%3A%22nba%22%7D&js=1&pvid=ffca2476-c2e9-4f55-8436-99490d9271d7&u=pid%3D548a9c48-1fbf-45f2-9c64-a2e84c5ce1ea → 200 (838ms, 43B)
[2026-06-07T02:18:03.790Z] GET blob:https://www.espn.com/5762433a-415c-4cc8-b6b5-bf0dca4913ca → 200 (16ms, 192B)
[2026-06-07T02:18:03.802Z] GET https://cdn-gl.imrworldwide.com/novms/html/ls.html → 200 (53ms, 12185B)
[2026-06-07T02:18:03.849Z] GET https://sb.scorecardresearch.com/internal-cs/default/beacon.js → 200 (63ms, 21373B)
[2026-06-07T02:18:03.863Z] GET https://secure-sdk.imrworldwide.com/cgi-bin/gn?prd=session&c9=devid,&c13=asid,P07264C85-15CD-4A80-8E56-B5BFA6D93296&sessionId=sywki8poz1n75ceqmwsi8zwcfeemy1780798683&c16=sdkv,bj.6.0.0&uoo=&fp_id=bvjx3iby8ivz36wlzzvtmisuy8rbt1780798683&fp_cr_tm=1780798683802&fp_acc_tm=1780798683802&fp_emm_tm=1780798683802&ve_id=&c30=bldv,6.0.0.748&uid2=&uid2_token=&hem_sha256=&hem_sha1=&hem_md5=&hem_unknown=&sdd=&retry=0 → 200 (315ms, 44B)
[2026-06-07T02:18:03.863Z] GET https://sywki8poz1n75ceqmwsi8zwcfeemy1780798683.nuid.imrworldwide.com/ → pending (?ms, ?B)
[2026-06-07T02:18:03.913Z] GET https://sb.scorecardresearch.com/b?c1=2&c2=3000005&cs_it=b1&cv=4.13.1%2B2508250908&ns__t=1780798683912&ns_c=UTF-8&cs_cfg=1101110&c7=https%3A%2F%2Fwww.espn.com%2Fnba%2Fteam%2Fstats%2F_%2Fname%2Fsa%2Fsan-antonio-spurs&c8=San%20Antonio%20Spurs%202025-26%20NBA%20Postseason%20Stats%20-%20ESPN&c9= → 302 (284ms, ?B)
[2026-06-07T02:18:03.982Z] POST https://sw88.espn.com/b/ss/wdgespcom,wdgespge/1/JS-2.27.0/s89923133500570?AQB=1&ndh=1&pf=1&t=7%2F5%2F2026%2010%3A18%3A3%200%20-480&mid=25101326007792372344309697180452091661&aamlh=11&ce=UTF-8&ns=espn&pageName=espn%3Anba%3Ateam%3Astats&g=https%3A%2F%2Fwww.espn.com%2Fnba%2Fteam%2Fstats%2F_%2Fname%2Fsa%2Fsan-antonio-spurs&c.&accessmethod=no&ad_blocker=no&affiliate_name=not%20authenticated&adsanalyticsblocked=no&auto_start=no&betaccountlinked=no&clientsidetest=wpnx-web-espn-gamecast-in-watch%3Aenabled%3A1%2Cwpnx-espn-bbd-streamcenter-cutl%3AisEnabled%3A2%2Cwpnx-espn-bbd-sc4u-side-nav-prod%3Acontrol%3A1%2Cwpnx-bbd-espn-autoplay-v2%3Acontrol%3A1%2Cwpnx-espn-android-scores-type-ramp%3Acontrol%3A1%2Cwpnx-espn-bbd-sc4u-side-nav%3Acontrol%3A1&content_type=stats&country=us&dssid=a806a699-ca34-49e2-bf37-eeb4970e51a1%2C19bf18c0-6217-11f1-ad3a-02e9847abafc&dsdeviceid=a806a699-ca34-49e2-bf37-eeb4970e51a1&dssessionid=19bf18c0-6217-11f1-ad3a-02e9847abafc&edition=en-us&entitlements=no%20entitlements&hasfantasy=no&has_favorites=no&has_notifications=no&hidebetting=false&language=en_us&league=nba&leaguemanager=no&login_status=anonymous&orientation=desktop&page_infrastructure=fitt&page_name=espn%3Anba%3Ateam%3Astats&page_url=https%3A%2F%2Fwww.espn.com%2Fnba%2Fteam%2Fstats%2F_%2Fname%2Fsa%2Fsan-antonio-spurs&paywallshown=no&privacystate=GPC%3AOptIn&section1=nba&site=espn&sport=basketball&swid=65CADD94-86DD-42C7-C200-34A22ED228D3&teamname=San%20Antonio%20Spurs&tveauthenticated=no&ssotveauthenticated=no&isptveauthenticated=no&isWholesaleUser=no&isMVPDWholesaleUser=no&videoAutoplayTilePresent=no&videoAutoplayTileCount=0&videoHeaderPresent=no&videoHeaderAutoplayPresent=no&wholesaleUserProvider=no%20provider&.c&server=espn&aamb=6G1ynYcLPuiQxYZrsz_pkqfLG9yMXBpb2zX5dvJdYQJzPXImdj0y&s=1280x720&c=24&j=1.6&v=N&k=Y&bw=1280&bh=720&mcorgid=EE0201AC512D2BE80A490D4C%40AdobeOrg&AQE=1 → 200 (89ms, 55B)
[2026-06-07T02:18:04.010Z] GET https://ep1.adtrafficquality.google/getconfig/sodar?sv=200&tid=gpt&tv=m202606020101&st=env&sjk=3667340403660364 → 200 (219ms, 17898B)
[2026-06-07T02:18:04.020Z] GET https://securepubads.g.doubleclick.net/gampad/ads?pvsid=3667340403660364&correlator=4444841871479391&hxva=1&scor=2641566118161362&eid=31098907%2C31098954&output=ldjh&gdfp_req=1&vrg=202606020101&ptt=17&impl=fifs&iu_parts=21783347309%2Cespn.com%2Cnba%2Cteam%2Cstats&enc_prev_ius=%2F0%2F1%2F2%2F3%2F4%2C%2F0%2F1%2F2%2F3%2F4&prev_iu_szs=1x2%2C1x1&ifi=1&didk=750974729~3977884931&dids=ad-slot-exclusions-934338~ad-slot-overlay-633902&adfs=1580171005~4272461154&sfv=1-0-45&ists=1&eri=1&sc=1&lrm=100&cookie_enabled=1&abxe=1&dt=1780798684012&lmt=1780798976&adxs=0%2C0&adys=109%2C0&biw=1280&bih=720&scr_x=0&scr_y=0&btvi=0%7C0&ucis=1%7C2&oid=2&u_his=3&u_h=720&u_w=1280&u_ah=720&u_aw=1280&u_cd=24&u_sd=1&u_tz=480&dmc=8&bc=31&nvt=1&uach=WyJtYWNPUyIsIjI2LjUuMSIsImFybSIsIiIsIjE0NS4wLjc2MzIuNiIsbnVsbCwwLG51bGwsIjY0IixbWyJOb3Q6QS1CcmFuZCIsIjk5LjAuMC4wIl0sWyJIZWFkbGVzc0Nocm9tZSIsIjE0NS4wLjc2MzIuNiJdLFsiQ2hyb21pdW0iLCIxNDUuMC43NjMyLjYiXV0sMF0.&url=https%3A%2F%2Fwww.espn.com%2Fnba%2Fteam%2Fstats%2F_%2Fname%2Fsa%2Fsan-antonio-spurs&vis=1&psz=1280x0%7C1280x-1&msz=1280x0%7C1280x-1&fws=0%2C512&ohw=0%2C0&dlt=1780798676529&idt=6897&ppid=65CADD94-86DD-42C7-C200-34A22ED228D3&prev_scp=pos%3Dexclusions%7CslotId%3Dad-slot-overlay-633902%26pos%3Doutofpage&cust_params=pgtyp%3Dstats%26sp%3Dnba%26ed%3Dus%26lang%3Den%26tm%3Dsa%26league%3Dnba%26darkmode%3Dfalse%26ajx_url%3Dhttps%253A%252F%252Fwww.espn.com%252Fnba%252Fteam%252Fstats%252F_%252Fname%252Fsa%252Fsan-antonio-spurs%26mnr%3Df%26swid%3D65CADD94-86DD-42C7-C200-34A22ED228D3%26d_us_privacy%3D%26hip%3Dfbd007c8098451fee9ec27d9210f016957b077d490f991bbd60c6dfa4e0149fd%26inskin_yes%3Dno%26prof%3Dxl&adks=3988422792%2C3973943195&frm=20&eoidce=1&pgls=CAk. → 200 (99ms, 9832B)
[2026-06-07T02:18:04.020Z] GET https://65942dcd30b7a061d7d1ae8885e595bf.safeframe.googlesyndication.com/safeframe/1-0-45/html/container.html → 200 (580ms, 7404B)
[2026-06-07T02:18:04.125Z] GET https://secure.espncdn.com/ad/doubleclick/hanfordCap.js → 200 (236ms, 499B)
[2026-06-07T02:18:04.125Z] GET https://www.googletagmanager.com/gtag/js?id=AW-817714641 → 200 (196ms, 430546B)
[2026-06-07T02:18:04.197Z] GET https://sb.scorecardresearch.com/b2?c1=2&c2=3000005&cs_it=b1&cv=4.13.1%2B2508250908&ns__t=1780798683912&ns_c=UTF-8&cs_cfg=1101110&c7=https%3A%2F%2Fwww.espn.com%2Fnba%2Fteam%2Fstats%2F_%2Fname%2Fsa%2Fsan-antonio-spurs&c8=San%20Antonio%20Spurs%202025-26%20NBA%20Postseason%20Stats%20-%20ESPN&c9= → 204 (284ms, ?B)
[2026-06-07T02:18:04.234Z] GET https://ep2.adtrafficquality.google/sodar/sodar2.js → 200 (192ms, 21535B)
[2026-06-07T02:18:04.362Z] GET https://securepubads.g.doubleclick.net/pcs/view?xai=AKAOjsuLJeGfPdhYzUG0B6s-nTDw-I-lh2FjNAXMInT3g6beIptl6M-lnAJUbz1J8mDCU41EmNjh7MWgDPiuVm09LT4VasCsLtz6IPw10eOciT-QSpanVJEMfPnBn4ilC5qIR0Ba1T3pFJdwHmDU4AT_L6UjuS-u0WWvGCEFSa_GtTzl6exYpqzItyGyxnzw45vMBDpY-Rx9OZp-PVyeMFo7Gd_jfpmycjd3lsPRKq8yCZ5ZGRbnFFbQOj6tc8-Eg8GlS7qOmC6q9wSaNVJ5RbQm3n_0KNlGFDBud03Ob6lRHHV3TmX5sEpgqfnlpNXGBgP0xb7PBYkKK9tF-QFLfPW_DMI78G8upcoCvcaByC1Y1WiMjXDcPiIvNLOz_-DJwZEuK63p6NMJ4kg30EqmfMbb0i5R9aUdrKaBDESXeLh3TQ&sai=AMfl-YS2-PXFajlqsKw_EboICnuhYtL4wB3smXHlSE13tkLgRQR-5sNS6NdBrmLB77Aius3d1Y-a23OPiV27dsNKq-MzrsLyMGD-LfVfPIEIn2e1CzRmWQup036NUl0Z0KDMQFFDWnfxvku_ACK4NTT7ZGUbKpUyBnfIel4f3B5dXRykTvHWB6lzHiy3GoUAdK1VsBuQbjff32nUPd-1fh5RJ9jkqsV_BkcaxQPOK-gpBihDAFo3_9TWMqjX2LSMjICr9EfCQyglOhWRwfkcI5CtLqR1MgFgXvwiKGM5rbbC9Patw25PyocDNv2xjgILqb6QR4NWZn7Qt3lE8TukveCqXkOXmbFBumuWQ8AP2czITS3ZGvr0xjykaV_r_-5Ew5dJ5ZDVaSph1voAJX5mkSbnp8LdsjRBqaoYGPLK9hFg&sig=Cg0ArKJSzEX3Ro61r1qdEAE&uach_m=%5BUACH%5D&urlfix=1&adurl=https://secure.espncdn.com/ad/blank.gif → 302 (60ms, ?B)
[2026-06-07T02:18:04.383Z] GET https://googleads.g.doubleclick.net/pagead/viewthroughconversion/817714641/?random=1780798684373&cv=11&fst=1780798684373&bg=ffffff&guid=ON&async=1&en=gtag.config&gtm=45be6631v9100158892za200zd9100158892xec&gcd=13l3l3l3l1l1&dma=0&tag_exp=0~115616985~115938465~115938469~118228215~119027222&u_w=1280&u_h=720&url=https%3A%2F%2Fwww.espn.com%2Fnba%2Fteam%2Fstats%2F_%2Fname%2Fsa%2Fsan-antonio-spurs&ref=https%3A%2F%2Fwww.espn.com%2Fnba%2Fteam%2Fstats%2F_%2Fname%2Fsa%2Fsan-antonio-spurs&rcb=18&frm=1&hn=www.googleadservices.com&npa=0&pscdl=noapi&auid=1785555222.1780798684&uaa=arm&uab=64&uafvl=Not%253AA-Brand%3B99.0.0.0%7CHeadlessChrome%3B145.0.7632.6%7CChromium%3B145.0.7632.6&uamb=0&uam=&uap=macOS&uapv=26.5.1&uaw=0&data=event%3Dgtag.config&ept=9&rfmt=3&fmt=4 → pending (?ms, ?B)
[2026-06-07T02:18:04.383Z] POST https://www.google.com/rmkt/collect/817714641/?random=1780798684373&cv=11&fst=1780798684373&fmt=8&bg=ffffff&guid=ON&async=1&en=gtag.config&gtm=45be6631v9100158892za200zd9100158892xec&gcd=13l3l3l3l1l1&dma=0&tag_exp=0~115616985~115938465~115938469~118228215~119027222&u_w=1280&u_h=720&url=https%3A%2F%2Fwww.espn.com%2Fnba%2Fteam%2Fstats%2F_%2Fname%2Fsa%2Fsan-antonio-spurs&ref=https%3A%2F%2Fwww.espn.com%2Fnba%2Fteam%2Fstats%2F_%2Fname%2Fsa%2Fsan-antonio-spurs&rcb=18&frm=1&hn=www.googleadservices.com&npa=0&pscdl=noapi&auid=1785555222.1780798684&uaa=arm&uab=64&uafvl=Not%253AA-Brand%3B99.0.0.0%7CHeadlessChrome%3B145.0.7632.6%7CChromium%3B145.0.7632.6&uamb=0&uam=&uap=macOS&uapv=26.5.1&uaw=0&data=event%3Dgtag.config&ept=68&gcp=5 → pending (?ms, ?B)
[2026-06-07T02:18:04.383Z] POST https://www.google.com/ccm/collect?rcb=18&frm=1&auid=1785555222.1780798684&en=page_view&dr=www.espn.com&dl=https%3A%2F%2Fwww.espn.com%2Fnba%2Fteam%2Fstats%2F_%2Fname%2Fsa%2Fsan-antonio-spurs&scrsrc=www.googletagmanager.com&rnd=505150800.1780798684&navt=n&npa=0&gtm=45be6631v9100158892za200zd9100158892xec&gcd=13l3l3l3l1l1&dma=0&tag_exp=0~115616985~115938465~115938469~118228215~119027222&apve=1&apvf=f&apvc=1&tids=AW-817714641&tid=AW-817714641&tft=1780798684382&tfd=259 → pending (?ms, ?B)
[2026-06-07T02:18:04.422Z] GET https://secure.espncdn.com/ad/blank.gif → 200 (236ms, 1093B)
[2026-06-07T02:18:04.428Z] GET https://ep2.adtrafficquality.google/sodar/sodar2/254/runner.html → 200 (65ms, 14627B)
[2026-06-07T02:18:04.429Z] GET https://www.google.com/recaptcha/api2/aframe → pending (?ms, ?B)
[2026-06-07T02:18:04.470Z] GET https://securepubads.g.doubleclick.net/gampad/ads?pvsid=3667340403660364&correlator=3156590009707708&hxva=1&scor=2641566118161362&eid=31098907%2C31098954&output=ldjh&gdfp_req=1&vrg=202606020101&ptt=17&impl=fifs&iu_parts=21783347309%2Cespn.com%2Cnba%2Cteam%2Cstats&enc_prev_ius=%2F0%2F1%2F2%2F3%2F4%2C%2F0%2F1%2F2%2F3%2F4%2C%2F0%2F1%2F2%2F3%2F4&prev_iu_szs=1680x1050%2C1x2%2C1280x100%7C970x250%7C728x90&ifi=3&didk=3894274937~750974729~1690926658&dids=ad-slot-wallpaper-437104~ad-slot-exclusions-934338~ad-slot-banner-785652&adfs=401784483~1580171005~1658034044&sfv=1-0-45&rcs=0%2C1%2C0&eri=1&sc=1&lrm=100&cookie=ID%3D326ef29c6fe295d1%3AT%3D1780798684%3ART%3D1780798684%3AS%3DALNI_MbuNg1CHPk4-XBA2bEaSXHOnjIR-A&gpic=UID%3D000014476c1fb61d%3AT%3D1780798684%3ART%3D1780798684%3AS%3DALNI_MZ87n0tOZ4JypTPEOhZ9EM8Ibt3Pw&abxe=1&dt=1780798684460&lmt=1780798976&adxs=0%2C0%2C0&adys=109%2C109%2C302&biw=1280&bih=720&scr_x=0&scr_y=0&btvi=0%7C0%7C0&ucis=3%7C1%7C4&oid=2&u_his=3&u_h=720&u_w=1280&u_ah=720&u_aw=1280&u_cd=24&u_sd=1&u_tz=480&dmc=8&bc=31&nvt=1&uach=WyJtYWNPUyIsIjI2LjUuMSIsImFybSIsIiIsIjE0NS4wLjc2MzIuNiIsbnVsbCwwLG51bGwsIjY0IixbWyJOb3Q6QS1CcmFuZCIsIjk5LjAuMC4wIl0sWyJIZWFkbGVzc0Nocm9tZSIsIjE0NS4wLjc2MzIuNiJdLFsiQ2hyb21pdW0iLCIxNDUuMC43NjMyLjYiXV0sMF0.&uas=3&url=https%3A%2F%2Fwww.espn.com%2Fnba%2Fteam%2Fstats%2F_%2Fname%2Fsa%2Fsan-antonio-spurs&vis=1&psz=1280x0%7C1280x0%7C1280x100&msz=1680x0%7C0x0%7C1280x100&fws=640%2C128%2C0&ohw=0%2C0%2C0&psts=AOrYGsn7OzT1sHKxkVKMzRMgmzsCicSiCgiJjYRqN9YLrFUEqg8iomrHlMZlHvsrma7yS4dgc8F-dg63vDwTIMeKmgYcywvN1VnzG42hewoFLIal0yyfc3aKM4MpmyixkjLVGhvy7Dm7C4aGELKQcdk&dlt=1780798676529&idt=6897&ppid=65CADD94-86DD-42C7-C200-34A22ED228D3&prev_scp=pos%3Dwallpaper%7Cpos%3Dexclusions%7Cpos%3Dbanner&cust_params=pgtyp%3Dstats%26sp%3Dnba%26ed%3Dus%26lang%3Den%26tm%3Dsa%26league%3Dnba%26darkmode%3Dfalse%26ajx_url%3Dhttps%253A%252F%252Fwww.espn.com%252Fnba%252Fteam%252Fstats%252F_%252Fname%252Fsa%252Fsan-antonio-spurs%26mnr%3Df%26swid%3D65CADD94-86DD-42C7-C200-34A22ED228D3%26d_us_privacy%3D%26hip%3Dfbd007c8098451fee9ec27d9210f016957b077d490f991bbd60c6dfa4e0149fd%26inskin_yes%3Dno%26prof%3Dxl&adks=1149734144%2C3988422792%2C1344148092&frm=20&eo_id_str=ID%3D109055eb94a22d5f%3AT%3D1780798684%3ART%3D1780798684%3AS%3DAA-AfjYk-jrqmaBHDjDtBGCMJGLB&gblpids=%2F21783347309%2Fespn.com%2Fnba%2Fteam%2Fstats~%2F21783347309%2Fespn.com%2Fnba%2Fteam%2Fstats~%2F21783347309%2Fespn.com%2Fnba%2Fteam%2Fstats&pb_szs=970x250%7C728x90~970x250%7C728x90~970x250%7C728x90&pgls=CAk. → 200 (163ms, 29747B)
[2026-06-07T02:18:04.498Z] GET https://pagead2.googlesyndication.com/bg/WTjLr0YvkDEeF5MTTn-f2BbM6vD8FMWGIAlvuf4NS9g.js → 200 (194ms, 57596B)
[2026-06-07T02:18:04.640Z] GET https://securepubads.g.doubleclick.net/pcs/view?xai=AKAOjstonvBcnaxosY-0eo2NYI4vU_E3f6bAxN7R8Vq_STVBpafp1ajbBMFdTcIE-BOPd3h8AfbPpa2Y3g20VYajYQaxo2iYR1dQ-ZXyrt_zf1XbKihvrHTNshwyNXkBSlp_Rr8O11KIokT2sFvMVOS1WMPBq9k7hdg0--j8YmOJpSNbeHs4JiSg2UFfExWpDKJcOGxvb8t_jE900LBD1O604bizwQRnIWTWmnpro-jnCGX73ehQzefQ03igMUtmqjXrkldSYz2waxMzKhMIQOsysjpsQS_-1iudbxykxLIok1uGXoR7nK3E8lLtOG4UX2NIH1GN0Ui3g0peJgHTAYOStdmIHQzsO5vZ-UQj0rqO7z6f1mLa8POb4W6Rtzr6LKDV1Nh2iF8cJfnyeWjRgPp3TDmo3ZeQxEw1js1l-JrjqsF9ta_5lTh5szZYWVLke28gX-BSppRLRP52Vejy4oiELMnbEg&sai=AMfl-YQrjwYkwRgjP8OS054qX9rKefDm2HavzEeS0HZtZEurApi14XHHi5lx_VqyLEs9iXAVvSE4soQ5g4ii8m7MKfVIT6RZXdla2bX1DzgSIHQtQ962rDqhyZUJWXP4tHO3joAiuCVxAy9k9qvUsvYSFi16VD5h_BFY58OoLG67zGPZoIzB1zFt0f85EZeooNzuuM87YJ1qSZbVhfLCpxFwRcivD3PR1hTLMZIWwtWJ12Z4RhBdwz-yfX522UIdKV5RcZ6_9HOML6MfPmwMFHPwcbTAQcrl_0pEESYg6Lwxvcr-wve9o7jxvNB81dvDDofU1vZe_UAccC9ktFIoEbV9-1PSvqhcMRl_N1CZ5l2b8MaH-T8qFH2sSbC2Cto0rWTiubTasXGrvhbhfXY&sig=Cg0ArKJSzHus6rPdEiGjEAE&uach_m=%5BUACH%5D&urlfix=1&adurl= → 200 (63ms, ?B)
[2026-06-07T02:18:04.640Z] GET https://ads.rubiconproject.com/ad/15584.js → pending (?ms, ?B)
[2026-06-07T02:18:04.640Z] GET https://pagead2.googlesyndication.com/pagead/managed/js/activeview/current/ufs_web_display.js → 200 (63ms, ?B)
[2026-06-07T02:18:05.449Z] GET https://ep2.adtrafficquality.google/generate_204?0BfCIg → 204 (1ms, ?B)
[2026-06-07T02:18:05.450Z] GET https://ep1.adtrafficquality.google/pagead/sodar?id=sodar2&v=254&t=2&li=gpt_m202606020101&jk=3667340403660364&bg=!a2ilaArNAAYVyLrKNcg7AEcBe5WfOHWHIYAfBvI2cASLXsDATbwZO3WnwZiddgy1Pj-q8_EbQZDur-f4TqzYx3u1gjRKjq7XbgjcDxbXwcdCXhLZvVQ78AIAAAAyUgAAAAJoAQd-ADY2OX0rkhl0hXZnRN27l152LIyh05GqRKizEV7SwifzXJJSciit7egl6pzsAI4M3dY-zEMItjEKAPi75RK2XJgoOVpOA4cwayVCqK5-MJcI3kLyrrV90brl9-BJ1Pwk6yj6OXTDyE8p93RbPBYUObjfg_wxa_xddnUIFQ9WfG17zlviGX17Y5NoFT08_VOAkl-RPZZSUa2jwIPd1sG9hqo8ER86eB7ejOdE7LZI2plqpbphtvARLk2mveGOJHr7oS6LQlnUGctULnooAeLH9nYunVDumAkWIiGQO48mSmiPhVwtmyxYySeNDdxCudClzE6aJcRNHogEF3DPbDQ-C6T0mjwUvhvTmRphxReKysXRcZkXxy7IKLkEpRCrgiG2Wze4cKygmxYSoMq1G0AD69QC4JkCMErXNa8R4MnWNfq_Mlg3DBRKflpFwqWeNW62AfBfjpFDLwj9v7WyFDQq4j3jzJENd_Vee0VXuGdC4_ap_aabZ2BnuNSTJos_TikFPdtY8qcmvOXxxYz_wDMqelb7noW0SVrdXuamXAKPP8gO8RPWCOWx_qCXLChyZJXEMb1SkULUNjH9QhJXiaTfoiC3qc1TjxzPhNixwbUEQWOmVsZqrBkClynlViuErf06RAQTZA3214YNq4Bgs7Fw8xgwVJzu7wqw4rXa8uxnkFeFq8mk17ZBlkUfZyGN8AJTAyk_XfZNx3AR6PxVg-UG-kJxnTEPjUJLva-p_jHzkKAVDtVE9fUNIGOo3GJnxj-KiD1qeg5Kk-OrcY4ZyQnfHctO5sQi44LGDxd_ZaQ28ikdDIisTLXJt1IZi_KW95EwsWVGHP0Yc-65EtKyd9zNMN8IJKSn3npcq3FVcaFewMM8ZZyaNPHK_geRijJaVy7wM2hpF6epf36drJ_CX2ww3wgxrO5icl44h9eZ78yL0xj6o84mlORCwrSAwEEjLIOVtCwlLQilhNJ9V3tNhkCIfzwJpATewrXcVARvt733mAL83DH_0ouAMObgifsmCaMMyJZ8dacHRJNXcFhBQN3G_1Sj3H6ksTA7gnJH25jZSyVwxX_S9iCDdHYe2_a4EGJXcBwvZJXjJFb0rQuKiHHRA0Jdg4J5maLQ0Af-1mbiSyP58uB8_1Jl0FeGdecy_UGLuQGclLLb → pending (?ms, ?B)
[2026-06-07T02:18:05.453Z] GET https://pagead2.googlesyndication.com/pagead/sodar?id=sodar2&v=254&li=gpt_m202606020101&jk=3667340403660364&rc=null → 204 (89ms, ?B)
[2026-06-07T02:18:05.631Z] GET https://smarttag.rubiconproject.com/a/15584/102754/482952-57.js?&cb=0.2974506813670249&tk_st=1&rf=https%3A//www.espn.com/nba/team/stats/_/name/sa/san-antonio-spurs&rp_s=c&p_pos=atf&p_screen_res=1280x720&ad_slot=102754_57&rp_secure=1 → pending (?ms, ?B)
[2026-06-07T02:18:05.820Z] GET https://secure-sdk.imrworldwide.com/cgi-bin/gn?prd=dcr&ci=us-600140&ch=us-600140_b01_nba_S&asn=nba&fp_id=bvjx3iby8ivz36wlzzvtmisuy8rbt1780798683&fp_cr_tm=1780798683802&fp_acc_tm=1780798683802&fp_emm_tm=1780798683802&ve_id=&sessionId=sywki8poz1n75ceqmwsi8zwcfeemy1780798683&prv=1&c6=vc,b01&ca=NA&c13=asid,P07264C85-15CD-4A80-8E56-B5BFA6D93296&c32=segA,stats&c33=segB,NA&c34=segC,stats&c15=apn,&sup=1&segment2=&segment1=&forward=0&plugv=&playerv=&ad=0&cr=V&c9=devid,&enc=true&c1=nuid,1t7q7zn6sluerrezaryzzdwff9qa01780798683&at=view&rt=text&c16=sdkv,bj.6.0.0&c27=cln,0&crs=&lat=&lon=&c29=plid,17807986838005373&c30=bldv,6.0.0.748&st=dcr&c7=osgrp,&c8=devgrp,&c10=plt,&c40=adbid,&c14=osver,NA&c26=dmap,1&dd=&hrd=&wkd=&c35=adrsid,&c36=cref1,&c37=cref2,&c11=agg,1&c12=apv,&c51=adl,0&c52=noad,0&pc=NA&c53=fef,n&c54=oad,&c55=cref3,&c57=adldf,2&ai=espn_nba_stats&c3=st,c&c64=starttm,1780798685&adid=espn_nba_stats&c58=isLive,false&c59=sesid,&c61=createtm,1780798684&c63=pipMode,&uoo=&c68=bndlid,&nodeTM=&logTM=&c73=phtype,&c74=dvcnm,&c76=adbsnid,&c44=progen,&davty=0&si=https%3A%2F%2Fwww.espn.com%2Fnba%2Fteam%2Fstats%2F_%2Fname%2Fsa%2Fsan-antonio-spurs&c66=mediaurl,&sdd=&c62=sendTime,1780798684&rnd=201879 → 200 (88ms, 44B)
[2026-06-07T02:18:05.820Z] GET https://global.imrworldwide.com/cgi-bin/gn?prd=metadata&c9=devid,&c13=asid,P07264C85-15CD-4A80-8E56-B5BFA6D93296&sessionId=sywki8poz1n75ceqmwsi8zwcfeemy1780798683&c30=bldv,6.0.0.748&pgUrl=https%3A%2F%2Fwww.espn.com%2Fnba%2Fteam%2Fstats%2F_%2Fname%2Fsa%2Fsan-antonio-spurs&pgTitle=San%20Antonio%20Spurs%202025-26%20NBA%20Postseason%20Stats%20-%20ESPN&uoo= → 200 (624ms, 35B)
[2026-06-07T02:18:07.460Z] GET https://image8.pubmatic.com/AdServer/ImgSync?p=0 → pending (?ms, ?B)
[2026-06-07T02:18:08.865Z] GET https://loadus.exelator.com/getid?p=1480&g=1&j=0&asid=P07264C85-15CD-4A80-8E56-B5BFA6D93296 → 302 (823ms, ?B)
[2026-06-07T02:18:08.866Z] GET https://thrtle.com/insync?vxii_pid=10071&vxii_pdid=1d684aa0-6217-11f1-8489-43c127160ea6 → 200 (674ms, 43B)
[2026-06-07T02:18:09.018Z] GET https://image8.pubmatic.com/AdServer/ImgSync?p=0&rdf=1 → 302 (491ms, ?B)
[2026-06-07T02:18:09.510Z] GET https://cm.g.doubleclick.net/pixel?google_nid=pubmatic&google_cm&google_sc&gdpr=-1&gdpr_consent= → 302 (87ms, ?B)
[2026-06-07T02:18:09.598Z] GET https://image2.pubmatic.com/AdServer/Pug?vcode=bz0yJnR5cGU9MSZjb2RlPTIxNzcmdGw9MTI5NjAw&gdpr=-1&gdpr_consent=&piggybackCookie=CAESECA_IUZR26IW3cSI-t9RfgY&google_cver=1 → pending (?ms, ?B)
[2026-06-07T02:18:09.688Z] GET https://load77.exelator.com/pixel.gif → pending (?ms, ?B)
[2026-06-07T02:18:09.943Z] POST https://ty-trc-events.taboola.com/espnnetwork-espn/log/3/perf?tvi48=28907&tvi50=30819&route=TY%3ATY%3AV&lti=default-trecs-3288-fix-served-sizes-reporting-on-explore-more-display-items_ctrl → 204 (210ms, ?B)
[2026-06-07T02:18:10.357Z] GET https://image8.pubmatic.com/AdServer/ImgSync?sec=1&gdpr=0&gdpr_consent=&us_privacy= → pending (?ms, ?B)
[2026-06-07T02:18:14.976Z] GET https://loadus.exelator.com/getid?p=1480&g=1&j=0&asid=P07264C85-15CD-4A80-8E56-B5BFA6D93296 → 302 (267ms, ?B)
[2026-06-07T02:18:15.244Z] GET https://load77.exelator.com/pixel.gif → 204 (265ms, ?B)
[2026-06-07T02:18:18.641Z] GET https://pespn.chartbeat.net/ping?h=espn.com&p=%2Fnba%2Fteam%2Fstats%2F_%2Fname%2Fsa%2Fsan-antonio-spurs&u=BgdCSLBFrErGCzLBHt&d=espn.com&g=22222&g0=nba&g1=stats&g6=5082874724%7C%7C1%2C5075907490%7C%7C1&n=1&f=00001&c=0.25&x=0&m=0&y=3282&o=1280&w=720&j=30&R=1&W=0&I=0&E=5&e=5&r=&PA=https%3A%2F%2Fwww.espn.com%2Fnba%2Fteam%2Fstats%2F_%2Fname%2Fsa%2Fsan-antonio-spurs&b=2745&t=BcBvXPCThEZcCbRdr8BHhFjOCFeTQ-&V=151&tz=-480&sn=2&sv=CqWmVmBNx-8uDWa1J_Znou64av-F&sr=external&sd=1&im=067b2ff3&_ → pending (?ms, ?B)
[2026-06-07T02:18:18.696Z] GET https://www.espn.com/nba/team/stats/_/name/ny/new-york-knicks → pending (?ms, ?B)
[2026-06-07T02:18:18.696Z] POST https://ty-trc-events.taboola.com/espnnetwork-espn/log/3/perf?tvi48=28907&tvi50=30819&route=TY%3ATY%3AV&lti=default-trecs-3288-fix-served-sizes-reporting-on-explore-more-display-items_ctrl → pending (?ms, ?B)
[2026-06-07T02:18:18.696Z] GET https://secure-sdk.imrworldwide.com/cgi-bin/gn?prd=dcr&ci=us-600140&ch=us-600140_b01_nba_S&asn=nba&fp_id=bvjx3iby8ivz36wlzzvtmisuy8rbt1780798683&fp_cr_tm=1780798683802&fp_acc_tm=1780798683802&fp_emm_tm=1780798683802&ve_id=&sessionId=sywki8poz1n75ceqmwsi8zwcfeemy1780798683&prv=1&c6=vc,b01&ca=NA&c13=asid,P07264C85-15CD-4A80-8E56-B5BFA6D93296&c32=segA,stats&c33=segB,NA&c34=segC,stats&c15=apn,&sup=1&segment2=&segment1=&forward=0&plugv=&playerv=&ad=0&cr=D&c9=devid,&enc=true&c1=nuid,1t7q7zn6sluerrezaryzzdwff9qa01780798683&at=timer&rt=text&c16=sdkv,bj.6.0.0&c27=cln,13&crs=&lat=&lon=&c29=plid,17807986838005373&c30=bldv,6.0.0.748&st=dcr&c7=osgrp,&c8=devgrp,&c10=plt,&c40=adbid,&c14=osver,NA&c26=dmap,1&dd=&hrd=&wkd=&c35=adrsid,&c36=cref1,&c37=cref2,&c11=agg,1&c12=apv,&c51=adl,0&c52=noad,0&pc=NA&c53=fef,n&c54=oad,&c55=cref3,&c57=adldf,2&ai=espn_nba_stats&c3=st,c&c64=starttm,1780798685&adid=espn_nba_stats&c58=isLive,false&c59=sesid,&c61=createtm,1780798697&c63=pipMode,&uoo=&c68=bndlid,&nodeTM=&logTM=&c73=phtype,&c74=dvcnm,&c76=adbsnid,&c44=progen,&davty=2&si=https%3A%2F%2Fwww.espn.com%2Fnba%2Fteam%2Fstats%2F_%2Fname%2Fsa%2Fsan-antonio-spurs&c66=mediaurl,&sdd=&c62=sendTime,1780798697&rnd=204455 → pending (?ms, ?B)
[2026-06-07T02:18:19.010Z] GET https://p1.parsely.com/px/?rand=1780798699003&plid=4fbe18e4-1aab-4844-b686-674d109b64dd&idsite=espn.com&url=https%3A%2F%2Fwww.espn.com%2Fnba%2Fteam%2Fstats%2F_%2Fname%2Fsa%2Fsan-antonio-spurs&urlref=&screen=1280x720%7C1280x720%7C24&data=%7B%7D&sid=1&surl=https%3A%2F%2Fwww.espn.com%2Fnba%2Fteam%2Fstats%2F_%2Fname%2Fsa%2Fsan-antonio-spurs&sref=&sts=1780798683783&slts=0&date=Sun+Jun+07+2026+10%3A18%3A19+GMT%2B0800+(China+Standard+Time)&action=heartbeat&inc=5&tt=4901&pvid=ffca2476-c2e9-4f55-8436-99490d9271d7&u=pid%3D548a9c48-1fbf-45f2-9c64-a2e84c5ce1ea → pending (?ms, ?B)
[2026-06-07T02:18:19.010Z] POST https://ty-trc-events.taboola.com/espnnetwork-espn/log/3/perf?tvi48=28907&tvi50=30819&route=TY%3ATY%3AV&lti=default-trecs-3288-fix-served-sizes-reporting-on-explore-more-display-items_ctrl → pending (?ms, ?B)
[2026-06-07T02:18:19.012Z] GET https://dcf.espn.com/TWDC-DTCI/prod/Bootstrap.js → 200 (83ms, 676624B)
[2026-06-07T02:18:19.012Z] GET https://cdn1.espn.net/fitt/43919cae0e28-release-06-02-2026.2.0.4833/client/espnfitt/css/fusion-a01cce68.css → 200 (2ms, 642726B)
[2026-06-07T02:18:19.012Z] GET https://cdn1.espn.net/fitt/43919cae0e28-release-06-02-2026.2.0.4833/client/espnfitt/css/6185-d8af0775.css → 200 (3ms, 95361B)
[2026-06-07T02:18:19.012Z] GET https://cdn1.espn.net/fitt/43919cae0e28-release-06-02-2026.2.0.4833/client/espnfitt/css/espnfitt-aac59152.css → 200 (3ms, 306945B)
[2026-06-07T02:18:19.012Z] GET https://cdn1.espn.net/fitt/43919cae0e28-release-06-02-2026.2.0.4833/client/espnfitt/css/394-f8f14c08.css → 200 (15ms, 14830B)
[2026-06-07T02:18:19.012Z] GET https://cdn1.espn.net/fitt/43919cae0e28-release-06-02-2026.2.0.4833/client/espnfitt/css/1825-bae7d0ed.css → 200 (15ms, 4318B)
[2026-06-07T02:18:19.012Z] GET https://cdn1.espn.net/fitt/43919cae0e28-release-06-02-2026.2.0.4833/client/espnfitt/css/3479-14ceef13.css → 200 (16ms, 14714B)
[2026-06-07T02:18:19.012Z] GET https://cdn1.espn.net/fitt/43919cae0e28-release-06-02-2026.2.0.4833/client/espnfitt/css/team.stats-142b92ad.css → 200 (16ms, 16182B)
[2026-06-07T02:18:19.012Z] GET https://a.espncdn.com/fonts/_Publico/PublicoBannerExtraboldWeb.woff2 → 200 (17ms, 43297B)
[2026-06-07T02:18:19.012Z] GET https://a.espncdn.com/fonts/_BentonSans/BentonSansBlack.woff2 → 200 (16ms, 16088B)
[2026-06-07T02:18:19.012Z] GET https://a.espncdn.com/fonts/_BentonSansCond/BentonSansCondBold.woff2 → 200 (16ms, 14728B)
[2026-06-07T02:18:19.012Z] GET https://a.espncdn.com/fonts/_PlayoffProCond/PlayoffProCondBold.woff2 → 200 (16ms, 15324B)
[2026-06-07T02:18:19.013Z] GET https://a.espncdn.com/fonts/_PlayoffProCond/PlayoffProCondBlack.woff2 → 200 (15ms, 15320B)
[2026-06-07T02:18:19.013Z] GET https://a.espncdn.com/fonts/_BentonSans/BentonSansBold.woff2 → 200 (16ms, 25008B)
[2026-06-07T02:18:19.013Z] GET https://a.espncdn.com/fonts/_BentonSans/BentonSansMedium.woff2 → 200 (16ms, 26068B)
[2026-06-07T02:18:19.013Z] GET https://a.espncdn.com/fonts/_BentonSans/BentonSansRegular.woff2 → 200 (16ms, 24448B)
[2026-06-07T02:18:19.013Z] GET https://a.espncdn.com/fonts/_Ignite/ESPNIgniteDisplay-CondensedHeavy-Web.woff2 → 200 (16ms, 28876B)
[2026-06-07T02:18:19.013Z] GET https://a.espncdn.com/fonts/_Ignite/ESPNIgniteText-Regular-Web.woff2 → 200 (16ms, 29444B)
[2026-06-07T02:18:19.013Z] GET https://a.espncdn.com/fonts/_Ignite/ESPNIgniteTextCondensed-Regular-Web.woff2 → 200 (16ms, 29972B)
[2026-06-07T02:18:19.013Z] GET https://a.espncdn.com/fonts/_Ignite/ESPNIgniteTextCondensed-Bold-Web.woff2 → 200 (16ms, 31048B)
[2026-06-07T02:18:19.013Z] GET https://cdn1.espn.net/fitt/43919cae0e28-release-06-02-2026.2.0.4833/client/espnfitt/runtime-5b7306cd.js → 200 (17ms, 5335B)
[2026-06-07T02:18:19.013Z] GET https://cdn1.espn.net/fitt/43919cae0e28-release-06-02-2026.2.0.4833/client/espnfitt/dmp-sdk-cbf49318.js → 200 (37ms, 2948838B)
[2026-06-07T02:18:19.013Z] GET https://cdn1.espn.net/fitt/43919cae0e28-release-06-02-2026.2.0.4833/client/espnfitt/6185-08c0f755.js → 200 (81ms, 2053068B)
[2026-06-07T02:18:19.013Z] GET https://cdn1.espn.net/fitt/43919cae0e28-release-06-02-2026.2.0.4833/client/espnfitt/1609-dac15037.js → 200 (81ms, 10598B)
[2026-06-07T02:18:19.013Z] GET https://cdn1.espn.net/fitt/43919cae0e28-release-06-02-2026.2.0.4833/client/espnfitt/9264-d288023b.js → 200 (81ms, 15293B)
[2026-06-07T02:18:19.013Z] GET https://cdn1.espn.net/fitt/43919cae0e28-release-06-02-2026.2.0.4833/client/espnfitt/394-c019a863.js → 200 (81ms, 20707B)
[2026-06-07T02:18:19.013Z] GET https://cdn1.espn.net/fitt/43919cae0e28-release-06-02-2026.2.0.4833/client/espnfitt/3866-debef506.js → 200 (81ms, 369B)
[2026-06-07T02:18:19.013Z] GET https://cdn1.espn.net/fitt/43919cae0e28-release-06-02-2026.2.0.4833/client/espnfitt/1765-53c8f25a.js → 200 (81ms, 5825B)
[2026-06-07T02:18:19.013Z] GET https://cdn1.espn.net/fitt/43919cae0e28-release-06-02-2026.2.0.4833/client/espnfitt/149-d38c33d6.js → 200 (82ms, 9284B)
[2026-06-07T02:18:19.013Z] GET https://cdn1.espn.net/fitt/43919cae0e28-release-06-02-2026.2.0.4833/client/espnfitt/6845-f9662716.js → 200 (82ms, 8499B)
[2026-06-07T02:18:19.013Z] GET https://cdn1.espn.net/fitt/43919cae0e28-release-06-02-2026.2.0.4833/client/espnfitt/1029-124f7f39.js → 200 (82ms, 12128B)
[2026-06-07T02:18:19.014Z] GET https://cdn1.espn.net/fitt/43919cae0e28-release-06-02-2026.2.0.4833/client/espnfitt/9195-ac79fa8d.js → 200 (87ms, 25611B)
[2026-06-07T02:18:19.014Z] GET https://cdn1.espn.net/fitt/43919cae0e28-release-06-02-2026.2.0.4833/client/espnfitt/6746-79f4cb5e.js → 200 (87ms, 6118B)
[2026-06-07T02:18:19.014Z] GET https://cdn1.espn.net/fitt/43919cae0e28-release-06-02-2026.2.0.4833/client/espnfitt/821-0e469e43.js → 200 (127ms, 6131B)
[2026-06-07T02:18:19.014Z] GET https://cdn1.espn.net/fitt/43919cae0e28-release-06-02-2026.2.0.4833/client/espnfitt/2553-30c398b3.js → 200 (127ms, 9780B)
[2026-06-07T02:18:19.014Z] GET https://cdn1.espn.net/fitt/43919cae0e28-release-06-02-2026.2.0.4833/client/espnfitt/4714-ce84554c.js → 200 (130ms, 9416B)
[2026-06-07T02:18:19.038Z] GET https://cdn1.espn.net/fitt/43919cae0e28-release-06-02-2026.2.0.4833/client/espnfitt/_manifest.js → 200 (106ms, ?B)
[2026-06-07T02:18:19.038Z] GET https://cdn1.espn.net/fitt/43919cae0e28-release-06-02-2026.2.0.4833/client/espnfitt/espn-en-0193295f.js → 200 (106ms, ?B)
[2026-06-07T02:18:19.038Z] GET https://cdn1.espn.net/fitt/43919cae0e28-release-06-02-2026.2.0.4833/client/espnfitt/espnfitt-4be98d9b.js → 200 (107ms, ?B)
[2026-06-07T02:18:19.038Z] GET https://cdn1.espn.net/fitt/43919cae0e28-release-06-02-2026.2.0.4833/client/espnfitt/team.stats-b132d699.js → 200 (106ms, ?B)
[2026-06-07T02:18:19.101Z] GET https://www.datadoghq-browser-agent.com/us1/v5/datadog-rum.js → pending (?ms, ?B)
[2026-06-07T02:18:19.101Z] GET https://cdn1.espn.net/fitt/43919cae0e28-release-06-02-2026.2.0.4833/client/espnfitt/_manifest.js → 200 (40ms, 47737B)
[2026-06-07T02:18:19.101Z] GET https://cdn1.espn.net/fitt/43919cae0e28-release-06-02-2026.2.0.4833/client/espnfitt/espn-en-0193295f.js → 200 (40ms, 208120B)
[2026-06-07T02:18:19.101Z] GET https://cdn1.espn.net/fitt/43919cae0e28-release-06-02-2026.2.0.4833/client/espnfitt/espnfitt-4be98d9b.js → 200 (40ms, 591854B)
[2026-06-07T02:18:19.101Z] GET https://cdn1.espn.net/fitt/43919cae0e28-release-06-02-2026.2.0.4833/client/espnfitt/team.stats-b132d699.js → 200 (43ms, 44717B)
[2026-06-07T02:18:19.137Z] GET https://secure.espncdn.com/redesign/assets/img/logos/logo-espn-82x20.png → 200 (?ms, 571B)
[2026-06-07T02:18:19.137Z] GET https://a.espncdn.com/fonts/_BentonSans/BentonSansMedium-i18n-support.woff2 → 200 (?ms, 40644B)
[2026-06-07T02:18:19.137Z] GET https://a.espncdn.com/fonts/_BentonSans/BentonSansRegular-i18n-support.woff2 → 200 (?ms, 39924B)
[2026-06-07T02:18:19.183Z] GET https://pcs.bamgrid.com/v1/espn?namespaces=web&brand=google&platform=chrome → 200 (77ms, 575B)
[2026-06-07T02:18:19.242Z] GET https://cdn.registerdisney.go.com/v4/OneID.js → 200 (18ms, 475420B)
[2026-06-07T02:18:19.243Z] GET https://client-sdk-configs.bamgrid.com/bam-sdk/v7.0/espn-a9b93989/browser/v35.2/macosx/chrome/prod.json → 200 (17ms, 84218B)
[2026-06-07T02:18:19.267Z] POST https://espn.api.edge.bamgrid.com/graph/v1/device/graphql → 200 (245ms, 8984B)
[2026-06-07T02:18:19.267Z] GET https://pcs.bamgrid.com/v1/espn?namespaces=hive-dmp → 200 (82ms, 319B)
[2026-06-07T02:18:19.288Z] GET https://cdn.taboola.com/libtrc/espn-network/loader.js → 200 (12ms, 1278728B)
[2026-06-07T02:18:19.288Z] GET https://secure.espncdn.com/connected-devices/espn-watchsdk-js/4.6.8/dist/espn-watchsdk-web-umd.min.js → 200 (4ms, 354702B)
[2026-06-07T02:18:19.294Z] GET https://a.espncdn.com/connected-devices/app-configurations/espn-js-sdk-web-2.0.config.json → 200 (6ms, 3104B)
[2026-06-07T02:18:19.294Z] GET https://entitlement.auth.adobe.com/entitlement/v4/AccessEnabler.js → 200 (256ms, 131981B)
[2026-06-07T02:18:19.294Z] GET https://broadband.espn.com/espn3/auth/watchespn/user?partner=watchespn&platform=web → 200 (202ms, 307B)
[2026-06-07T02:18:19.306Z] GET https://cdn.taboola.com/libtrc/tr5?abgroup=trecs-3288-fix-served-sizes-reporting-on-explore-more-display-items_ctrl&pub=espn-network → 200 (2ms, 3B)
[2026-06-07T02:18:19.307Z] GET https://gum.criteo.com/sync?c=72&r=2&j=TRC.getRTUS → pending (?ms, ?B)
[2026-06-07T02:18:19.327Z] GET https://cdn.registerdisney.go.com/v4/bundle/web/ESPN-ONESITE.WEB/en-US?cssOverride=https%3A%2F%2Fsecure.espncdn.com%2Fcombiner%2Fc%3Fcss%3Ddisneyid%2Fcorev4.css&logLevel=INFO → 200 (?ms, 2610799B)
[2026-06-07T02:18:19.327Z] GET https://www.espn.com/login/responder/v4/index.html?clientId=ESPN-ONESITE.WEB&environment=PROD → 200 (1ms, 127B)
[2026-06-07T02:18:19.332Z] GET https://cdn.registerdisney.go.com/v4/responder.js → 200 (?ms, 8348B)
[2026-06-07T02:18:19.349Z] GET https://hiveplayer-static.bamgrid.com/artifacts/hive/playback-service/26.5.0-esmeralda/all_browser_es5/playback-service.js → 200 (56ms, 860503B)
[2026-06-07T02:18:19.354Z] GET https://a.espncdn.com/combiner/i?img=/i/teamlogos/nba/500/ny.png&h=200&w=200 → 200 (229ms, 23477B)
[2026-06-07T02:18:19.354Z] GET https://a.espncdn.com/combiner/i?img=/i/teamlogos/nba/500/ny.png&scale=crop&cquality=40&location=origin&w=64&h=64 → 200 (198ms, 4240B)
[2026-06-07T02:18:19.354Z] GET https://a.espncdn.com/combiner/i?img=/i/headshots/nba/players/full/3934672.png&h=96&w=96&scale=crop → 200 (213ms, 13963B)
[2026-06-07T02:18:19.354Z] GET https://a.espncdn.com/combiner/i?img=/i/headshots/nba/players/full/3136195.png&h=96&w=96&scale=crop → 200 (257ms, 13371B)
[2026-06-07T02:18:19.354Z] GET https://a.espncdn.com/combiner/i?img=/i/headshots/nba/players/full/3062679.png&h=96&w=96&scale=crop → 200 (264ms, 13057B)
[2026-06-07T02:18:19.365Z] GET https://cdn.registerdisney.go.com/v4/asset/bundler/ESPN/v4/images/v2/espn-red-logo.svg → 200 (1ms, 1258B)
[2026-06-07T02:18:19.365Z] GET https://www.google.com/recaptcha/enterprise.js?onload=grecaptcha1780798699363&render=6LciB_gZAAAAAA_mwJ4G0XZ0BXWvLTt67V7YizXx&hl=en → 200 (150ms, 1797B)
[2026-06-07T02:18:19.366Z] GET https://fonts.gstatic.com/s/notosans/v27/o-0IIpQlx3QUlC5A4PNr5TRASf6M7Q.woff2 → 200 (?ms, ?B)
[2026-06-07T02:18:19.405Z] GET https://a.espncdn.com/redesign/assets/img/logos/espn-404@2x.png → 200 (?ms, 2266B)
[2026-06-07T02:18:19.405Z] GET https://a.espncdn.com/assets/icons/appTile.svg → 200 (?ms, 577B)
[2026-06-07T02:18:19.405Z] GET https://a.espncdn.com/assets/icons/fantasy-white.svg → 200 (?ms, 1546B)
[2026-06-07T02:18:19.406Z] GET https://pcs.bamgrid.com/v1/espn?brand=google&platform=chrome&os=macos&namespaces=hive-dmp,ads,pqm → 200 (64ms, 1794B)
[2026-06-07T02:18:19.516Z] GET https://www.gstatic.com/recaptcha/releases/ne1iDVwClkE7nKD3uA9Vqsvl/recaptcha__en.js → 200 (14ms, 894957B)
[2026-06-07T02:18:19.535Z] GET https://www.google.com/recaptcha/enterprise/anchor?ar=1&k=6LciB_gZAAAAAA_mwJ4G0XZ0BXWvLTt67V7YizXx&co=aHR0cHM6Ly9jZG4ucmVnaXN0ZXJkaXNuZXkuZ28uY29tOjQ0Mw..&hl=en&v=ne1iDVwClkE7nKD3uA9Vqsvl&size=invisible&anchor-ms=20000&execute-ms=30000&cb=so8h506frg7t → 200 (84ms, ?B)
[2026-06-07T02:18:19.550Z] GET https://sp.auth.adobe.com/entitlement/v4/AccessEnablerProxy.html?9f61ce3349740cda7528 → 200 (?ms, 235B)
[2026-06-07T02:18:19.551Z] GET https://sp.auth.adobe.com/entitlement/v4/AccessEnablerProxy.js → 200 (?ms, 6012B)
[2026-06-07T02:18:19.558Z] GET https://sp.auth.adobe.com/adobe-services/config/ESPN → pending (?ms, ?B)
[2026-06-07T02:18:19.623Z] GET https://www.gstatic.com/recaptcha/releases/ne1iDVwClkE7nKD3uA9Vqsvl/styles__ltr.css → 200 (?ms, 82857B)
[2026-06-07T02:18:19.623Z] GET https://www.gstatic.com/recaptcha/releases/ne1iDVwClkE7nKD3uA9Vqsvl/recaptcha__en.js → 200 (12ms, 894957B)
[2026-06-07T02:18:19.678Z] GET https://fonts.gstatic.com/s/roboto/v48/KFO7CnqEu92Fr1ME7kSn66aGLdTylUAMa3yUBHMdazQ.woff2 → 200 (?ms, ?B)
[2026-06-07T02:18:19.792Z] GET https://www.google.com/recaptcha/enterprise/webworker.js?hl=en&v=ne1iDVwClkE7nKD3uA9Vqsvl → 200 (12ms, 102B)
[2026-06-07T02:18:19.796Z] GET https://www.gstatic.com/recaptcha/api2/logo_48.png → 200 (?ms, 2228B)
[2026-06-07T02:18:19.799Z] GET https://dcf.espn.com/TWDC-DTCI/prod/serverComponent.php?namespace=Bootstrapper&staticJsPath=/TWDC-DTCI/prod/code/&ClientID=2750&PageID=https%3A%2F%2Fwww.espn.com%2Fnba%2Fteam%2Fstats%2F_%2Fname%2Fny%2Fnew-york-knicks%3Fcds%3Dn%26country%3Dcn%26region%3Dunknown%26gpc%3Dxx%26shouldFire%3Dy%26nAsyncNgeo%3Dn%26portal%3Dsports%26site%3Despn%26siteRegion%3D%26realHost%3Dwww.espn.com%26kpTlium%3Dn%26eventStep%3Dnon-ecom&custDomain=dcf.espn.com → 200 (147ms, 1244B)
[2026-06-07T02:18:19.804Z] GET https://www.gstatic.com/recaptcha/releases/ne1iDVwClkE7nKD3uA9Vqsvl/recaptcha__en.js → 200 (49ms, 894957B)
[2026-06-07T02:18:19.816Z] GET https://pm-widget.taboola.com/espn-network/load.js → 200 (1ms, 3174B)
[2026-06-07T02:18:19.816Z] POST https://trc.taboola.com/espnnetwork-espn/trc/3/json?llvl=2&tim=10%3A18%3A19.809&lti=default-trecs-3288-fix-served-sizes-reporting-on-explore-more-display-items_ctrl&pubit=n&t=1&data=%7B%22id%22%3A%2254605%22%2C%22sd%22%3A%22v2_2fa71d9e273704cdb260075ada07af38_f0100220-852a-412b-88a3-f1a27398fd2e-tuct111e5a58_1780798680_1780798680_CNawjgYQwqhJGPza_f7pMyABKAEwMDjK_QdA9qAQSNru1gNQ4cIJWABgAGjc6tGZ9I2O2UJwAYABAIgBAJABAA%22%2C%22ui%22%3A%22f0100220-852a-412b-88a3-f1a27398fd2e-tuct111e5a58%22%2C%22ii%22%3A%22%2Fnba%2Fteam%2Fstats%2F_%2Fname%2Fny%2Fnew-york-knicks%22%2C%22it%22%3A%22other%22%2C%22vi%22%3A1780798699809%2C%22cv%22%3A%2220260604-9-RELEASE%22%2C%22uiv%22%3A%22default%22%2C%22u%22%3A%22https%3A%2F%2Fwww.espn.com%2Fnba%2Fteam%2Fstats%2F_%2Fname%2Fny%2Fnew-york-knicks%22%2C%22qs%22%3A%22%22%2C%22bv%22%3A%220%22%2C%22btv%22%3A%220%22%2C%22ul%22%3A%5B%22en-US%22%5D%2C%22cos%22%3A%224g%22%2C%22e%22%3A%22https%3A%2F%2Fwww.espn.com%2Fnba%2Fteam%2Fstats%2F_%2Fname%2Fsa%2Fsan-antonio-spurs%22%2C%22bu%22%3A%22https%3A%2F%2Fwww.espn.com%2Fnba%2Fteam%2Fstats%2F_%2Fname%2Fny%2Fnew-york-knicks%22%2C%22vpi%22%3A%22%2Fnba%2Fteam%2Fstats%2F_%2Fname%2Fny%2Fnew-york-knicks%22%2C%22bad%22%3A-1%2C%22sw%22%3A1280%2C%22sh%22%3A720%2C%22bw%22%3A1280%2C%22bh%22%3A720%2C%22dw%22%3A1280%2C%22dh%22%3A2205%2C%22sde%22%3A%221.000%22%2C%22lt%22%3A%22default-trecs-3288-fix-served-sizes-reporting-on-explore-more-display-items_ctrl%22%2C%22nsid%22%3A%22espn-network%22%2C%22r%22%3A%5B%7B%22li%22%3A%22rbox-o2m%22%2C%22uip%22%3A%22below%20content%20-%20dead%20end%20-%20nba%22%2C%22orig_uip%22%3A%22below%20content%20-%20dead%20end%20-%20nba%22%2C%22s%22%3A3%2C%22uim%22%3A%22thumbnails-a%3Apub%3Despn-network%3Aabp%3D0%22%2C%22cd%22%3A2012.19%2C%22mw%22%3A1220%7D%5D%2C%22pev%22%3A%2231150%22%2C%22uad%22%3A%7B%22mobile%22%3Afalse%2C%22model%22%3A%22%22%2C%22platform%22%3A%22macOS%22%2C%22platformVersion%22%3A%2226.5.1%22%2C%22uaFullVersion%22%3A%22145.0.7632.6%22%7D%2C%22cacheKey%22%3A%22other%3D%2Fnba%2Fteam%2Fstats%2F_%2Fname%2Fny%2Fnew-york-knicks%2Cbelow%20content%20-%20dead%20end%20-%20nba%3Dthumbnails-a%3Apub%3Despn-network%3Aabp%3D0%22%2C%22_cn%22%3A%22tions_1%22%2C%22lbt%22%3A1780584001285%2C%22uifp%22%3A%22f0100220-852a-412b-88a3-f1a27398fd2e-tuct111e5a58%22%2C%22wc%22%3Atrue%7D → 200 (273ms, 21560B)
[2026-06-07T02:18:19.823Z] GET https://pm-widget.taboola.com/espn-network/pmk-20220605.9.js → 200 (5ms, 85778B)
[2026-06-07T02:18:19.947Z] GET https://dcf.espn.com/TWDC-DTCI/prod/code/af7ee5626c21da6c1657c4e60d439f3a.js?conditionId0=4958322 → 200 (3ms, 163356B)
[2026-06-07T02:18:19.947Z] GET https://dcf.espn.com/TWDC-DTCI/prod/code/180c898d38bbecdb99928e5c3de8f957.js?conditionId0=4956281 → 200 (8ms, 460603B)
[2026-06-07T02:18:19.947Z] GET https://dcf.espn.com/TWDC-DTCI/prod/code/470fe3f257ba2b027af1f8f93cc9b7b0.js?conditionId0=4872138 → 200 (2ms, 11213B)
[2026-06-07T02:18:19.947Z] GET https://dcf.espn.com/TWDC-DTCI/prod/code/be63887d6787664f1642b46ddff33cd2.js?conditionId0=4905158 → 200 (3ms, 10448B)
[2026-06-07T02:18:19.947Z] GET https://dcf.espn.com/TWDC-DTCI/prod/code/98b259aabe7f900db4b0febb129ef3b8.js?conditionId0=4884623 → 200 (3ms, 527B)
[2026-06-07T02:18:19.947Z] GET https://dcf.espn.com/TWDC-DTCI/prod/code/6017163b9f256b1e7b756a2a3ece8e17.js?conditionId0=4905158 → 200 (3ms, 1941B)
[2026-06-07T02:18:19.947Z] GET https://dcf.espn.com/TWDC-DTCI/prod/code/1d862b4a3b308eadcaea9760fc12172a.js?conditionId0=4958322 → 200 (4ms, 16393B)
[2026-06-07T02:18:19.947Z] GET https://dcf.espn.com/TWDC-DTCI/prod/code/b09d9ba996da0be696938685746e77eb.js?conditionId0=4956281 → 200 (6ms, 1769B)
[2026-06-07T02:18:19.947Z] GET https://dcf.espn.com/TWDC-DTCI/prod/code/d2d30fa54de287bb14a60179ecd6825f.js?conditionId0=4872138 → 200 (7ms, 9725B)
[2026-06-07T02:18:19.947Z] GET https://dcf.espn.com/TWDC-DTCI/prod/code/046b6b803e16c78a2d2beaddb46a1708.js?conditionId0=4871166 → 200 (7ms, 2844B)
[2026-06-07T02:18:19.947Z] GET https://dcf.espn.com/TWDC-DTCI/prod/code/4b9e17bb02fac4afac0692b5296ed87e.js?conditionId0=4871166 → 200 (7ms, 2285B)
[2026-06-07T02:18:19.949Z] GET https://secure.espn.com/js/dcf/tags/vision/latest/vision-media.js → 200 (5ms, 45821B)
[2026-06-07T02:18:19.950Z] GET https://sb.scorecardresearch.com/cs/3000005/beacon.js → 302 (298ms, ?B)
[2026-06-07T02:18:19.953Z] GET https://d.impactradius-event.com/A1323623-ff1f-47da-bf87-01a65620c9c91.js → 200 (2ms, 59328B)
[2026-06-07T02:18:19.954Z] GET https://static.chartbeat.com/js/chartbeat_video.js → 200 (3ms, 74182B)
[2026-06-07T02:18:19.955Z] GET https://cdn-gl.imrworldwide.com/conf/P07264C85-15CD-4A80-8E56-B5BFA6D93296.js → 200 (1ms, 28756B)
[2026-06-07T02:18:19.955Z] GET https://cdn.parsely.com/keys/espn.com/p.js → 200 (2ms, 60243B)
[2026-06-07T02:18:19.962Z] POST https://go.web.plus.espn.com/cur/9070 → 204 (87ms, ?B)
[2026-06-07T02:18:19.962Z] GET https://cdn-gl.imrworldwide.com/novms/js/2/nlsSDK600.bundle.min.js → 200 (8ms, 285716B)
[2026-06-07T02:18:19.964Z] GET https://p1.parsely.com/px/?rand=1780798699964&plid=1151e0cf-ac5a-4d14-a751-ac2516e58c4f&idsite=espn.com&url=https%3A%2F%2Fwww.espn.com%2Fnba%2Fteam%2Fstats%2F_%2Fname%2Fny%2Fnew-york-knicks&urlref=&screen=1280x720%7C1280x720%7C24&data=%7B%7D&sid=1&surl=https%3A%2F%2Fwww.espn.com%2Fnba%2Fteam%2Fstats%2F_%2Fname%2Fsa%2Fsan-antonio-spurs&sref=&sts=1780798683783&slts=0&title=New+York+Knicks+2025-26+NBA+Postseason+Stats+-+ESPN&date=Sun+Jun+07+2026+10%3A18%3A19+GMT%2B0800+(China+Standard+Time)&action=pageview&metadata=%7B%22title%22%3A%22New+York+Knicks+2025-26+NBA+Postseason+Stats+-+ESPN%22%2C%22link%22%3A%22https%3A%2F%2Fwww.espn.com%2Fnba%2Fteam%2Fstats%2F_%2Fname%2Fny%2Fnew-york-knicks%22%2C%22page_type%22%3A%22index%22%2C%22section%22%3A%22nba%22%7D&js=1&pvid=42e05f25-3655-470e-8e13-3843431f871d&u=pid%3D548a9c48-1fbf-45f2-9c64-a2e84c5ce1ea → 200 (207ms, 43B)
[2026-06-07T02:18:19.970Z] GET https://pespn.chartbeat.net/ping?h=espn.com&p=%2Fnba%2Fteam%2Fstats%2F_%2Fname%2Fny%2Fnew-york-knicks&u=BgdCSLBFrErGCzLBHt&d=espn.com&g=22222&g0=nba&g1=stats&n=1&f=00001&c=0&x=0&m=0&y=2205&o=1280&w=720&j=45&R=1&W=0&I=0&E=0&e=0&r=&PA=https%3A%2F%2Fwww.espn.com%2Fnba%2Fteam%2Fstats%2F_%2Fname%2Fny%2Fnew-york-knicks&b=581&t=D7_ywZCshnshLblBaDbJqnUBSvqYN&V=151&z=t%3DBcBvXPCThEZcCbRdr8BHhFjOCFeTQ-%26E%3D5%26x%3D0%26c%3D0.26%26y%3D3282%26w%3D720&i=New%20York%20Knicks%202025-26%20NBA%20Postseason%20Stats&tz=-480&sn=1&sv=Ba6xhjDbXdq7E3NpHTfrE_CFmM4p&sr=external&sd=1&im=067b2ff3&_ → 200 (261ms, 43B)
[2026-06-07T02:18:19.970Z] GET blob:https://www.espn.com/9c72aac9-a14f-479f-a44b-60eba0d1f2d9 → 200 (5ms, 192B)
[2026-06-07T02:18:19.973Z] GET https://cdn-gl.imrworldwide.com/novms/html/ls.html → 200 (?ms, 12185B)
[2026-06-07T02:18:19.978Z] GET https://secure-sdk.imrworldwide.com/cgi-bin/gn?prd=session&c9=devid,&c13=asid,P07264C85-15CD-4A80-8E56-B5BFA6D93296&sessionId=mjm5uuajfh2ry3dqj73khhyai9aqn1780798699&c16=sdkv,bj.6.0.0&uoo=&fp_id=bvjx3iby8ivz36wlzzvtmisuy8rbt1780798683&fp_cr_tm=1780798683802&fp_acc_tm=1780798683802&fp_emm_tm=1780798683802&ve_id=&c30=bldv,6.0.0.748&uid2=&uid2_token=&hem_sha256=&hem_sha1=&hem_md5=&hem_unknown=&sdd=&retry=0 → 200 (88ms, 44B)
[2026-06-07T02:18:19.978Z] GET https://loadus.exelator.com/getid?p=1480&g=1&j=0&asid=P07264C85-15CD-4A80-8E56-B5BFA6D93296 → 302 (267ms, ?B)
[2026-06-07T02:18:19.978Z] GET https://thrtle.com/insync?vxii_pid=10071&vxii_pdid=1d684aa0-6217-11f1-8489-43c127160ea6 → 200 (223ms, 43B)
[2026-06-07T02:18:19.978Z] GET https://mjm5uuajfh2ry3dqj73khhyai9aqn1780798699.nuid.imrworldwide.com/ → 200 (503ms, 35B)
[2026-06-07T02:18:20.056Z] POST https://sw88.espn.com/b/ss/wdgespcom,wdgespge/1/JS-2.27.0/s81538886407331?AQB=1&ndh=1&pf=1&t=7%2F5%2F2026%2010%3A18%3A20%200%20-480&mid=25101326007792372344309697180452091661&aamlh=11&ce=UTF-8&ns=espn&pageName=espn%3Anba%3Ateam%3Astats&g=https%3A%2F%2Fwww.espn.com%2Fnba%2Fteam%2Fstats%2F_%2Fname%2Fny%2Fnew-york-knicks&c.&accessmethod=no&ad_blocker=no&affiliate_name=not%20authenticated&adsanalyticsblocked=no&auto_start=no&betaccountlinked=no&clientsidetest=wpnx-web-espn-gamecast-in-watch%3Aenabled%3A1%2Cwpnx-espn-bbd-streamcenter-cutl%3AisEnabled%3A2%2Cwpnx-espn-bbd-sc4u-side-nav-prod%3Acontrol%3A1%2Cwpnx-bbd-espn-autoplay-v2%3Acontrol%3A1%2Cwpnx-espn-android-scores-type-ramp%3Acontrol%3A1%2Cwpnx-espn-bbd-sc4u-side-nav%3Acontrol%3A1&content_type=stats&country=us&dssid=a806a699-ca34-49e2-bf37-eeb4970e51a1%2C267c82a0-6217-11f1-b5bc-1290d1825587&dsdeviceid=a806a699-ca34-49e2-bf37-eeb4970e51a1&dssessionid=267c82a0-6217-11f1-b5bc-1290d1825587&edition=en-us&entitlements=no%20entitlements&hasfantasy=no&has_favorites=no&has_notifications=no&hidebetting=false&language=en_us&league=nba&leaguemanager=no&login_status=anonymous&orientation=desktop&page_infrastructure=fitt&page_name=espn%3Anba%3Ateam%3Astats&page_url=https%3A%2F%2Fwww.espn.com%2Fnba%2Fteam%2Fstats%2F_%2Fname%2Fny%2Fnew-york-knicks&paywallshown=no&prev_page=espn%3Anba%3Ateam%3Astats&privacystate=GPC%3AOptIn&section1=nba&site=espn&sport=basketball&swid=65CADD94-86DD-42C7-C200-34A22ED228D3&teamname=New%20York%20Knicks&tveauthenticated=no&ssotveauthenticated=no&isptveauthenticated=no&isWholesaleUser=no&isMVPDWholesaleUser=no&videoAutoplayTilePresent=no&videoAutoplayTileCount=0&videoHeaderPresent=no&videoHeaderAutoplayPresent=no&wholesaleUserProvider=no%20provider&.c&server=espn&aamb=6G1ynYcLPuiQxYZrsz_pkqfLG9yMXBpb2zX5dvJdYQJzPXImdj0y&s=1280x720&c=24&j=1.6&v=N&k=Y&bw=1280&bh=720&mcorgid=EE0201AC512D2BE80A490D4C%40AdobeOrg&AQE=1 → 200 (103ms, 55B)
[2026-06-07T02:18:20.058Z] POST https://vision.fn-pz.com/v3/event → 202 (218ms, ?B)
[2026-06-07T02:18:20.058Z] POST https://vision.fn-pz.com/v3/event → 202 (215ms, ?B)
[2026-06-07T02:18:20.058Z] POST https://vision.fn-pz.com/v3/event → 202 (215ms, ?B)
[2026-06-07T02:18:20.093Z] POST https://ty-trc-events.taboola.com/espnnetwork-espn/log/2/debug?type=warn&msg=adgb%20-%20not%20initialized.&lt=default-trecs-3288-fix-served-sizes-reporting-on-explore-more-display-items_ctrl&tvi48=28907&tvi50=30819&tim=10%3A18%3A20.092&id=42629&cv=20260604-9-RELEASE&llvl=2 → 204 (222ms, ?B)
[2026-06-07T02:18:20.093Z] POST https://ty-trc-events.taboola.com/espnnetwork-espn/log/3/abtests?route=TY%3ATY%3AV&lti=default-trecs-3288-fix-served-sizes-reporting-on-explore-more-display-items_ctrl&tvi48=28907&tvi50=30819&ri=c52b4a9beea81a07b07db80504aa6157&sd=v2_2fa71d9e273704cdb260075ada07af38_f0100220-852a-412b-88a3-f1a27398fd2e-tuct111e5a58_1780798680_1780798699_CNawjgYQwqhJGKHy_v7pMyACKAEwMDjK_QdA9qAQSNru1gNQ4cIJWABgAGjc6tGZ9I2O2UJwAYABAIgBAJABAA&ui=f0100220-852a-412b-88a3-f1a27398fd2e-tuct111e5a58&pi=%2Fnba%2Fteam%2Fstats%2F_%2Fname%2Fny%2Fnew-york-knicks&wi=-1523483371351402657&pt=other&vi=1780798699809&tim=10%3A18%3A20.092&id=94078&llvl=2&cv=20260604-9-RELEASE&d=%7B%22abTestsEventType%22%3A%22simple%22%2C%22name%22%3A%22traffic-type%22%2C%22type%22%3A%22default%22%2C%22eventTime%22%3A1780798700093%7D → 204 (222ms, ?B)
[2026-06-07T02:18:20.093Z] POST https://ty-trc-events.taboola.com/espnnetwork-espn/log/3/social?lti=default-trecs-3288-fix-served-sizes-reporting-on-explore-more-display-items_ctrl&ri=c52b4a9beea81a07b07db80504aa6157&sd=v2_2fa71d9e273704cdb260075ada07af38_f0100220-852a-412b-88a3-f1a27398fd2e-tuct111e5a58_1780798680_1780798699_CNawjgYQwqhJGKHy_v7pMyACKAEwMDjK_QdA9qAQSNru1gNQ4cIJWABgAGjc6tGZ9I2O2UJwAYABAIgBAJABAA&ui=f0100220-852a-412b-88a3-f1a27398fd2e-tuct111e5a58&pi=%2Fnba%2Fteam%2Fstats%2F_%2Fname%2Fny%2Fnew-york-knicks&wi=-1523483371351402657&pt=other&vi=1780798699809&st=social-available&d=%7B%22data%22%3A%5B%7B%22i%22%3A%22ctx%22%2C%22ism%22%3Afalse%2C%22srx%22%3A1280%2C%22sry%22%3A720%2C%22pd%22%3Anull%2C%22tpl%22%3A%22%22%2C%22url%22%3A%22https%3A%2F%2Fwww.espn.com%2Fnba%2Fteam%2Fstats%2F_%2Fname%2Fny%2Fnew-york-knicks%22%2C%22rref%22%3A%22%22%2C%22sref%22%3A%22%22%2C%22hdl%22%3A%22New%20York%20Knicks%202025-26%20NBA%20Postseason%20Stats%20-%20ESPN%22%2C%22sec%22%3A%22nba%22%2C%22aut%22%3A%5B%5D%2C%22img%22%3A%22https%3A%2F%2Fa.espncdn.com%2Fcombiner%2Fi%3Fimg%3D%2Fi%2Fteamlogos%2Fnba%2F500%2Fny.png%22%2C%22v%22%3A15%2C%22pw%22%3Afalse%7D%5D%7D → 204 (222ms, ?B)
[2026-06-07T02:18:20.101Z] GET https://images.taboola.com/taboola/image/fetch/f_jpg%2Cq_auto%2Ch_256%2Cw_460%2Cc_fill%2Cg_faces:auto%2Ce_sharpen/https%3A//cdn.taboola.com/libtrc/static/thumbnails/d94882679da0cb0fe29465c742a947b4.jpg → 200 (1ms, 18362B)
[2026-06-07T02:18:20.101Z] GET https://images.taboola.com/taboola/image/fetch/c_crop%2Cf_jpg%2Cq_auto%2Ce_sharpen%2Car_1.7778%2Cw_1400%2Cx_0%2Cy_0/c_fill%2Cw_460%2Ch_256/https%3A//cdn.taboola.com/libtrc/static/thumbnails/299780529fdca8a3c6cc58b771adf79f.jpg → 200 (231ms, 11788B)
[2026-06-07T02:18:20.101Z] GET https://images.taboola.com/taboola/image/fetch/c_crop%2Cf_jpg%2Cq_auto%2Ce_sharpen%2Car_1.7778%2Cw_1536%2Cx_0%2Cy_0/c_fill%2Cw_460%2Ch_256/https%3A//cdn.taboola.com/libtrc/static/thumbnails/08cdd929ef428a5eea2f9cb95b9d6e73.png → 200 (207ms, 20548B)
[2026-06-07T02:18:20.101Z] GET https://images.taboola.com/taboola/image/fetch/c_crop%2Cf_jpg%2Cq_auto%2Ce_sharpen%2Car_1.7778%2Cw_1280%2Cx_0%2Cy_122/c_fill%2Cw_460%2Ch_256/https%3A//cdn.taboola.com/libtrc/static/thumbnails/cc87bdd71d1f0511581842698a2519f4.jpg → 200 (215ms, 23530B)
[2026-06-07T02:18:20.101Z] GET https://images.taboola.com/taboola/image/fetch/f_jpg%2Cq_auto%2Ch_256%2Cw_460%2Cc_fill%2Cg_faces:auto%2Ce_sharpen/https%3A//cdn.taboola.com/libtrc/static/thumbnails/d06e0bc5953ce933dbc0c20762fc60ee.jpg → 200 (226ms, 18944B)
[2026-06-07T02:18:20.101Z] GET https://images.taboola.com/taboola/image/fetch/c_crop%2Cf_jpg%2Cq_auto%2Ce_sharpen%2Car_1.7778%2Cw_1280%2Cx_0%2Cy_0/c_fill%2Cw_460%2Ch_256/http%3A//cdn.taboola.com/libtrc/static/thumbnails/27f64b45b55c21b8886d554bddf738b4.png → 200 (1ms, 10726B)
[2026-06-07T02:18:20.114Z] GET https://www.googletagservices.com/tag/js/gpt.js?network-code=21783347309 → 200 (3ms, 112772B)
[2026-06-07T02:18:20.114Z] GET https://secure.espncdn.com/prod/scripts/prebid8.26.0.js → 200 (6ms, 340582B)
[2026-06-07T02:18:20.117Z] GET https://cdn.taboola.com/static/91/9117a6d9-cbf1-4ea6-8caa-7461ce6554bc.gif → 200 (?ms, 3915B)
[2026-06-07T02:18:20.117Z] POST https://trc.taboola.com/espnnetwork-espn/trc/3/json?tvi48=28907&tvi50=30819&route=TY%3ATY%3AV&data=%7B%22sd%22%3A%22v2_2fa71d9e273704cdb260075ada07af38_f0100220-852a-412b-88a3-f1a27398fd2e-tuct111e5a58_1780798680_1780798699_CNawjgYQwqhJGKHy_v7pMyACKAEwMDjK_QdA9qAQSNru1gNQ4cIJWABgAGjc6tGZ9I2O2UJwAYABAIgBAJABAA%22%2C%22ui%22%3A%22f0100220-852a-412b-88a3-f1a27398fd2e-tuct111e5a58%22%2C%22uifp%22%3A%22f0100220-852a-412b-88a3-f1a27398fd2e-tuct111e5a58%22%2C%22id%22%3A%2260202%22%2C%22ii%22%3A%22%2Fnba%2Fteam%2Fstats%2F_%2Fname%2Fny%2Fnew-york-knicks%22%2C%22it%22%3A%22other%22%2C%22vi%22%3A1780798699809%2C%22cv%22%3A%2220260604-9-RELEASE%22%2C%22uiv%22%3A%22default%22%2C%22u%22%3A%22https%3A%2F%2Fwww.espn.com%2Fnba%2Fteam%2Fstats%2F_%2Fname%2Fny%2Fnew-york-knicks%22%2C%22qs%22%3A%22%22%2C%22bv%22%3A%220%22%2C%22btv%22%3A%220%22%2C%22ul%22%3A%5B%22en-US%22%5D%2C%22cos%22%3A%224g%22%2C%22e%22%3A%22https%3A%2F%2Fwww.espn.com%2Fnba%2Fteam%2Fstats%2F_%2Fname%2Fsa%2Fsan-antonio-spurs%22%2C%22bu%22%3A%22https%3A%2F%2Fwww.espn.com%2Fnba%2Fteam%2Fstats%2F_%2Fname%2Fny%2Fnew-york-knicks%22%2C%22vpi%22%3A%22%2Fnba%2Fteam%2Fstats%2F_%2Fname%2Fny%2Fnew-york-knicks%22%2C%22bad%22%3A-1%2C%22sw%22%3A1280%2C%22sh%22%3A720%2C%22bw%22%3A1280%2C%22bh%22%3A720%2C%22dw%22%3A1280%2C%22dh%22%3A3360%2C%22sde%22%3A%221.000%22%2C%22lt%22%3A%22default-trecs-3288-fix-served-sizes-reporting-on-explore-more-display-items_ctrl%22%2C%22nsid%22%3A%22espn-network%22%2C%22r%22%3A%5B%7B%22li%22%3A%22rbox-o2m%22%2C%22uip%22%3A%22below%20content%20-%20dead%20end%20-%20nba%22%2C%22orig_uip%22%3A%22below%20content%20-%20dead%20end%20-%20nba%22%2C%22s%22%3A3%2C%22uim%22%3A%22thumbnails-a%3Apub%3Despn-network%3Aabp%3D0%22%2C%22cd%22%3A2012.19%2C%22mw%22%3A1220%2C%22fb%22%3A%222%22%2C%22fi%22%3A3%2C%22fti%22%3A%22delta-override%3A10778002%3APUBLISHED%22%7D%5D%2C%22pev%22%3A%2231150%22%2C%22plf%22%3A%7B%22stop_tslt%22%3Atrue%7D%2C%22uad%22%3A%7B%22mobile%22%3Afalse%2C%22model%22%3A%22%22%2C%22platform%22%3A%22macOS%22%2C%22platformVersion%22%3A%2226.5.1%22%2C%22uaFullVersion%22%3A%22145.0.7632.6%22%7D%2C%22cacheKey%22%3A%22other%3D%2Fnba%2Fteam%2Fstats%2F_%2Fname%2Fny%2Fnew-york-knicks%2Cbelow%20content%20-%20dead%20end%20-%20nba%3Dthumbnails-a%3Apub%3Despn-network%3Aabp%3D0%22%2C%22_cn%22%3A%22tions_2%22%2C%22lbt%22%3A1780584001285%2C%22wc%22%3Atrue%7D&llvl=2&tim=10%3A18%3A20.116&lti=default-trecs-3288-fix-served-sizes-reporting-on-explore-more-display-items_ctrl&pubit=n&t=1 → 200 (235ms, 7457B)
[2026-06-07T02:18:20.120Z] GET https://securepubads.g.doubleclick.net/pagead/managed/js/gpt/m202606020101/pubads_impl.js?cb=31098954 → 200 (8ms, 615842B)
[2026-06-07T02:18:20.155Z] POST https://ib.adnxs.com/ut/v3/prebid → 200 (406ms, 35B)
[2026-06-07T02:18:20.155Z] GET https://fastlane.rubiconproject.com/a/api/fastlane.json?account_id=13042&site_id=92444&zone_id=435334&size_id=2&alt_size_ids=57&rf=https%3A%2F%2Fwww.espn.com%2Fnba%2Fteam%2Fstats%2F_%2Fname%2Fny%2Fnew-york-knicks&tg_i.domain=espn.com&tg_i.page=https%3A%2F%2Fwww.espn.com%2Fnba%2Fteam%2Fstats%2F_%2Fname%2Fny%2Fnew-york-knicks&tg_i.pbadslot=%2F21783347309%2Fespn.com%2Fnba%2Fteam%2Fstats&tk_flint=pbjs_lite_v8.26.0&l_pb_bid_id=77506046fb5fdd&p_screen_res=1280x720&rp_secure=1&rp_maxbids=1&p_gpid=%2F21783347309%2Fespn.com%2Fnba%2Fteam%2Fstats&m_ch_ua=%22Not%3AA-Brand%22%7Cv%3D%2299%22%2C%22HeadlessChrome%22%7Cv%3D%22145%22%2C%22Chromium%22%7Cv%3D%22145%22&m_ch_full_ver=%22Not%3AA-Brand%22%7Cv%3D%2299%22%2C%22HeadlessChrome%22%7Cv%3D%22145%22%2C%22Chromium%22%7Cv%3D%22145%22&m_ch_mobile=%3F0&m_ch_platform=macOS&slots=1&rand=0.0837436633554699 → pending (?ms, ?B)
[2026-06-07T02:18:20.157Z] GET https://fundingchoicesmessages.google.com/i/21783347309?ers=3 → 200 (240ms, 22993B)
[2026-06-07T02:18:20.160Z] GET https://securepubads.g.doubleclick.net/pagead/managed/dict/m202606040101/gpt → 200 (?ms, 64902B)
[2026-06-07T02:18:20.213Z] GET https://site.web.api.espn.com/apis/personalized/v2/scoreboard/header?sport=basketball&league=nba&region=us&lang=en&contentorigin=espn&configuration=STREAM_MENU&platform=web&features=sfb-all%2Ccutl&buyWindow=1m&showAirings=buy%2Clive%2Creplay&showZipLookup=true&tz=America%2FNew_York&postalCode=100000&playabilitySource=playbackId → 200 (212ms, 15116B)
[2026-06-07T02:18:20.246Z] GET https://load77.exelator.com/pixel.gif → 204 (273ms, ?B)
[2026-06-07T02:18:20.248Z] GET https://sb.scorecardresearch.com/internal-cs/default/beacon.js → 200 (?ms, 21373B)
[2026-06-07T02:18:20.248Z] GET https://sb.scorecardresearch.com/b?c1=2&c2=3000005&cs_it=b1&cv=4.13.1%2B2508250908&ns__t=1780798700248&ns_c=UTF-8&cs_cfg=1101110&c7=https%3A%2F%2Fwww.espn.com%2Fnba%2Fteam%2Fstats%2F_%2Fname%2Fny%2Fnew-york-knicks&c8=New%20York%20Knicks%202025-26%20NBA%20Postseason%20Stats%20-%20ESPN&c9= → 204 (290ms, ?B)
[2026-06-07T02:18:20.357Z] GET https://images.taboola.com/taboola/image/fetch/f_jpg%2Cq_auto%2Ch_256%2Cw_460%2Cc_fill%2Cg_faces:auto%2Ce_sharpen/https%3A//cdn.taboola.com/libtrc/static/thumbnails/5058cf7ffc41dff5e1bc586a4d56ef9f.jpg → 200 (2ms, 38814B)
[2026-06-07T02:18:20.357Z] GET https://images.taboola.com/taboola/image/fetch/c_crop%2Cf_jpg%2Cq_auto%2Ce_sharpen%2Car_1.7778%2Cw_1365%2Cx_27%2Cy_29/c_fill%2Cw_460%2Ch_256/https%3A//cdn.taboola.com/libtrc/static/thumbnails/9870bc49123adfa95802f8b1193d9d28.jpg → 200 (192ms, 13606B)
[2026-06-07T02:18:20.402Z] GET https://ep1.adtrafficquality.google/getconfig/sodar?sv=200&tid=gpt&tv=m202606020101&st=env&sjk=4657178182703197 → 200 (89ms, 17870B)
[2026-06-07T02:18:20.412Z] GET https://securepubads.g.doubleclick.net/gampad/ads?pvsid=4657178182703197&correlator=3227741985988533&hxva=1&scor=3816329967379527&eid=31098908%2C31098954%2C95388409%2C95391587%2C95340252%2C95340254&output=ldjh&gdfp_req=1&vrg=202606020101&ptt=17&impl=fifs&iu_parts=21783347309%2Cespn.com%2Cnba%2Cteam%2Cstats&enc_prev_ius=%2F0%2F1%2F2%2F3%2F4%2C%2F0%2F1%2F2%2F3%2F4&prev_iu_szs=1x2%2C1x1&ifi=1&didk=4189360575~2451144074&dids=ad-slot-exclusions-280025~ad-slot-overlay-97506&adfs=2256267208~2476289237&sfv=1-0-45&ists=1&eri=1&sc=1&lrm=100&cookie=ID%3D326ef29c6fe295d1%3AT%3D1780798684%3ART%3D1780798684%3AS%3DALNI_MbuNg1CHPk4-XBA2bEaSXHOnjIR-A&gpic=UID%3D000014476c1fb61d%3AT%3D1780798684%3ART%3D1780798684%3AS%3DALNI_MZ87n0tOZ4JypTPEOhZ9EM8Ibt3Pw&abxe=1&dt=1780798700405&lmt=1780798999&adxs=0%2C0&adys=109%2C0&biw=1280&bih=720&scr_x=0&scr_y=0&btvi=0%7C0&ucis=1%7C2&oid=2&u_his=4&u_h=720&u_w=1280&u_ah=720&u_aw=1280&u_cd=24&u_sd=1&u_tz=480&dmc=8&bc=31&nvt=1&uach=WyJtYWNPUyIsIjI2LjUuMSIsImFybSIsIiIsIjE0NS4wLjc2MzIuNiIsbnVsbCwwLG51bGwsIjY0IixbWyJOb3Q6QS1CcmFuZCIsIjk5LjAuMC4wIl0sWyJIZWFkbGVzc0Nocm9tZSIsIjE0NS4wLjc2MzIuNiJdLFsiQ2hyb21pdW0iLCIxNDUuMC43NjMyLjYiXV0sMF0.&url=https%3A%2F%2Fwww.espn.com%2Fnba%2Fteam%2Fstats%2F_%2Fname%2Fny%2Fnew-york-knicks&vis=1&psz=1280x0%7C1280x-1&msz=1280x0%7C1280x-1&fws=0%2C512&ohw=0%2C0&dlt=1780798699009&idt=1121&ppid=65CADD94-86DD-42C7-C200-34A22ED228D3&prev_scp=pos%3Dexclusions%7CslotId%3Dad-slot-overlay-97506%26pos%3Doutofpage&cust_params=pgtyp%3Dstats%26sp%3Dnba%26ed%3Dus%26lang%3Den%26tm%3Dny%26league%3Dnba%26darkmode%3Dfalse%26ajx_url%3Dhttps%253A%252F%252Fwww.espn.com%252Fnba%252Fteam%252Fstats%252F_%252Fname%252Fny%252Fnew-york-knicks%26mnr%3Df%26swid%3D65CADD94-86DD-42C7-C200-34A22ED228D3%26d_us_privacy%3D%26hip%3Dfbd007c8098451fee9ec27d9210f016957b077d490f991bbd60c6dfa4e0149fd%26inskin_yes%3Dno%26prof%3Dxl&adks=109111406%2C1329924208&frm=20&eo_id_str=ID%3D109055eb94a22d5f%3AT%3D1780798684%3ART%3D1780798684%3AS%3DAA-AfjYk-jrqmaBHDjDtBGCMJGLB&pgls=CAk. → 200 (116ms, 9136B)
[2026-06-07T02:18:20.412Z] GET https://2a51514ca7a52d82a936b76ce032aada.safeframe.googlesyndication.com/safeframe/1-0-45/html/container.html → pending (?ms, ?B)
[2026-06-07T02:18:20.499Z] GET https://ep2.adtrafficquality.google/sodar/sodar2.js → 200 (?ms, 21535B)
[2026-06-07T02:18:20.500Z] GET https://ep2.adtrafficquality.google/sodar/sodar2/254/runner.html → 200 (2ms, 14627B)
[2026-06-07T02:18:20.502Z] GET https://www.google.com/recaptcha/api2/aframe → 200 (?ms, 829B)
[2026-06-07T02:18:20.508Z] GET https://pagead2.googlesyndication.com/pagead/sodar?id=sodar2&v=254&li=gpt_m202606020101&jk=4657178182703197&rc=null → 204 (98ms, ?B)
[2026-06-07T02:18:20.509Z] GET https://pagead2.googlesyndication.com/bg/WTjLr0YvkDEeF5MTTn-f2BbM6vD8FMWGIAlvuf4NS9g.js → 200 (1ms, 57596B)
[2026-06-07T02:18:20.538Z] GET https://secure.espncdn.com/ad/doubleclick/hanfordCap.js → 200 (?ms, 499B)
[2026-06-07T02:18:20.538Z] GET https://www.googletagmanager.com/gtag/js?id=AW-817714641 → 200 (6ms, 430546B)
[2026-06-07T02:18:20.544Z] GET https://ep2.adtrafficquality.google/generate_204?-dWyGw → 204 (62ms, ?B)
[2026-06-07T02:18:20.545Z] GET https://a.espncdn.com/combiner/i?img=/i/teamlogos/nba/500/scoreboard/sa.png&w=32&h=32&scale=crop&cquality=40&location=origin → 200 (2ms, 1338B)
[2026-06-07T02:18:20.545Z] GET https://a.espncdn.com/combiner/i?img=/i/teamlogos/nba/500/scoreboard/ny.png&w=32&h=32&scale=crop&cquality=40&location=origin → 200 (2ms, 1657B)
[2026-06-07T02:18:20.552Z] GET https://googleads.g.doubleclick.net/pagead/viewthroughconversion/817714641/?random=1780798700549&cv=11&fst=1780798700549&bg=ffffff&guid=ON&async=1&en=gtag.config&gtm=45be6631v9100158892za200zd9100158892xec&gcd=13l3l3l3l1l1&dma=0&tag_exp=0~115616986~115938465~115938469~118228215~119027224&u_w=1280&u_h=720&url=https%3A%2F%2Fwww.espn.com%2Fnba%2Fteam%2Fstats%2F_%2Fname%2Fny%2Fnew-york-knicks&ref=https%3A%2F%2Fwww.espn.com%2Fnba%2Fteam%2Fstats%2F_%2Fname%2Fny%2Fnew-york-knicks&rcb=2&frm=1&hn=www.googleadservices.com&npa=0&pscdl=noapi&auid=1785555222.1780798684&uaa=arm&uab=64&uafvl=Not%253AA-Brand%3B99.0.0.0%7CHeadlessChrome%3B145.0.7632.6%7CChromium%3B145.0.7632.6&uamb=0&uam=&uap=macOS&uapv=26.5.1&uaw=0&data=event%3Dgtag.config&ept=9&rfmt=3&fmt=4 → 200 (77ms, 43B)
[2026-06-07T02:18:20.552Z] POST https://www.google.com/rmkt/collect/817714641/?random=1780798700549&cv=11&fst=1780798700549&fmt=8&bg=ffffff&guid=ON&async=1&en=gtag.config&gtm=45be6631v9100158892za200zd9100158892xec&gcd=13l3l3l3l1l1&dma=0&tag_exp=0~115616986~115938465~115938469~118228215~119027224&u_w=1280&u_h=720&url=https%3A%2F%2Fwww.espn.com%2Fnba%2Fteam%2Fstats%2F_%2Fname%2Fny%2Fnew-york-knicks&ref=https%3A%2F%2Fwww.espn.com%2Fnba%2Fteam%2Fstats%2F_%2Fname%2Fny%2Fnew-york-knicks&rcb=2&frm=1&hn=www.googleadservices.com&npa=0&pscdl=noapi&auid=1785555222.1780798684&uaa=arm&uab=64&uafvl=Not%253AA-Brand%3B99.0.0.0%7CHeadlessChrome%3B145.0.7632.6%7CChromium%3B145.0.7632.6&uamb=0&uam=&uap=macOS&uapv=26.5.1&uaw=0&data=event%3Dgtag.config&ept=68&gcp=5 → 200 (77ms, ?B)
[2026-06-07T02:18:20.552Z] POST https://www.google.com/ccm/collect?rcb=2&frm=1&auid=1785555222.1780798684&en=page_view&dr=www.espn.com&dl=https%3A%2F%2Fwww.espn.com%2Fnba%2Fteam%2Fstats%2F_%2Fname%2Fny%2Fnew-york-knicks&scrsrc=www.googletagmanager.com&rnd=420008947.1780798701&navt=n&npa=0&gtm=45be6631v9100158892za200zd9100158892xec&gcd=13l3l3l3l1l1&dma=0&tag_exp=0~115616986~115938465~115938469~118228215~119027224&apve=1&apvf=f&apvc=1&tids=AW-817714641&tid=AW-817714641&tft=1780798700552&tfd=17 → 200 (72ms, ?B)
[2026-06-07T02:18:21.064Z] GET https://ep1.adtrafficquality.google/pagead/sodar?id=sodar2&v=254&t=2&li=gpt_m202606020101&jk=4657178182703197&bg=!LS6lLkzNAAYVyLrKNcg7AEcBe5WfONiXaJsUWVZY_B1Dm6EfruNAQIrdPsQpxzmPrhCNHLkDYn2bZw_A3EdK6sn0_YpvT08tREXUBvtY2beGhhxzsBfyXAIAAAAfUgAAAAFoAQd-ADZwdbe0jZN0QqZed99sYbmWqZ0uk7ZzsWMCOWQPEkjeteaUQsl9oWEO02MGu7CQpW9ZB4qex9sKANpAX93UO1iStzYw_MWDDFVnkWbYcPNF1Uio3Cz1ECHZN8UJRhlEbxbP2jLXnPh3jxqKsIv90Ja1vdRs1vEphx0sPZIZeaMiA5Ed2vI5P4H6I12HC6MB0n8mFiTdxxXOBIXU3OapV2sQuIEYVi7VU0BwRlgw6Gg4PqCDf48b0gCbneaRZuL7FDZQJiQocFgtclx5Ng7nUQCrgi10MDsWoDU4mp-lE_T44Hf-OulQra-8W9eiRCYvEKTKdf1BQOwMRMNt-CvAIhvHFuSRlfiUR02Q-hTIvYSZ4NI4UpkCIaAlJHXOiCqpCwlyKzSAJebQkJs4yd8GRaegZgVqSZUOrZtlqHKZWUNJMmPK8CWl0tZ3-bNiXazJ1yD5szfxbZNDooM5XMb-461lSuE2t-Lq7kpT0eHeBhr2yBuEFHDS9ac8PgktWdAoRO72CMfRBgQugudCxROnECtTn1P10BlEthdCwEaq1ozdCJWdQyxuKUQjOZMs6r-Vo1nPjWM4gXE_8GGoljr4o1W6L7_WRMTivGNlvO-UJOzAqjs9uKcetz6b5z1rHFkCGjlriE2YxCKinDpySwYGzxufgsm55HtRN0wpH7v1Gp4YHZIpy4lNBbeMMLe-JWZNSI0EAssuWrgRjaLLNSivfTdqCQSySEQFfK8irsGIgdDSEYMXnWb_ns7b1_9qnRiDFKpCQOgLKhC4v7uMopNhIWSb4xgZi5rpSQk9kHCjVk9SxKH2pIxItVy7NhzpRhlfQeySWwinBNtVJFYy4dU1WsnDa5PAYaaGgdb-c08PGJteu_ZPkLe2GJXFEOYRvqYVU5QLfxVy0GxcNoXP9iIttcfjXeTVfq4mmByWBZEgtg8gtsQM376StkZ_FciPHkgYbbxX2Bwcl1PP7uMJBZx-RBLpPkz5g3PhmBRXZWyhAZYOx47HmOefUvV4UBHsZH3RuY25ckZPMTTo24FOYV_AVyAE6bxukx8qH7zxD5VPfcNZelWkBedq1aDw23B9E5CwK6-__RrrW7EW → 204 (100ms, ?B)
[2026-06-07T02:18:21.099Z] GET https://cdn.taboola.com/libtrc/static/thumbnails/f539211219b796ffbb49949997c764f0.png → 200 (?ms, 254B)
[2026-06-07T02:18:21.101Z] POST https://trc.taboola.com/espnnetwork-espn/log/3/bulk?route=TY%3ATY%3AV&lti=default-trecs-3288-fix-served-sizes-reporting-on-explore-more-display-items_ctrl&tvi48=28907&tvi50=30819&cv=20260604-9-RELEASE&bulkSize=3 → 204 (192ms, ?B)
[2026-06-07T02:18:21.164Z] GET https://securepubads.g.doubleclick.net/gampad/ads?pvsid=4657178182703197&correlator=1636505590701232&hxva=1&scor=3816329967379527&eid=31098908%2C31098954%2C95388409%2C95391587%2C95340252%2C95340254&output=ldjh&gdfp_req=1&vrg=202606020101&ptt=17&impl=fifs&iu_parts=21783347309%2Cespn.com%2Cnba%2Cteam%2Cstats&enc_prev_ius=%2F0%2F1%2F2%2F3%2F4%2C%2F0%2F1%2F2%2F3%2F4%2C%2F0%2F1%2F2%2F3%2F4&prev_iu_szs=1680x1050%2C1x2%2C1280x100%7C970x250%7C728x90&ifi=3&didk=2960692282~4189360575~1536359708&dids=ad-slot-wallpaper-481924~ad-slot-exclusions-280025~ad-slot-banner-558300&adfs=1486654069~2256267208~2878655115&sfv=1-0-45&rcs=0%2C1%2C0&eri=1&sc=1&lrm=100&cookie=ID%3D326ef29c6fe295d1%3AT%3D1780798684%3ART%3D1780798684%3AS%3DALNI_MbuNg1CHPk4-XBA2bEaSXHOnjIR-A&gpic=UID%3D000014476c1fb61d%3AT%3D1780798684%3ART%3D1780798684%3AS%3DALNI_MZ87n0tOZ4JypTPEOhZ9EM8Ibt3Pw&abxe=1&dt=1780798701154&lmt=1780798999&adxs=0%2C0%2C0&adys=109%2C109%2C302&biw=1280&bih=720&scr_x=0&scr_y=0&btvi=0%7C0%7C0&ucis=3%7C1%7C4&oid=2&u_his=4&u_h=720&u_w=1280&u_ah=720&u_aw=1280&u_cd=24&u_sd=1&u_tz=480&dmc=8&bc=31&nvt=1&uach=WyJtYWNPUyIsIjI2LjUuMSIsImFybSIsIiIsIjE0NS4wLjc2MzIuNiIsbnVsbCwwLG51bGwsIjY0IixbWyJOb3Q6QS1CcmFuZCIsIjk5LjAuMC4wIl0sWyJIZWFkbGVzc0Nocm9tZSIsIjE0NS4wLjc2MzIuNiJdLFsiQ2hyb21pdW0iLCIxNDUuMC43NjMyLjYiXV0sMF0.&url=https%3A%2F%2Fwww.espn.com%2Fnba%2Fteam%2Fstats%2F_%2Fname%2Fny%2Fnew-york-knicks&vis=1&psz=1280x0%7C1280x0%7C1280x100&msz=1680x0%7C0x0%7C1280x100&fws=640%2C128%2C0&ohw=0%2C0%2C0&psts=AOrYGsnGPznwgA-DVh1GyYc8D3Cxqc7eoNECIMQhQ3RYI1HS9rwBjGmJNJJ87Hx4iCXTYn1bXKnfIm_2lYASzHkNThvK62aqO2F56R8zy3tW9Mso0iHQDg4I49xiTOgpxSYYYV19F2j6GtIOC9S6a3U&dlt=1780798699009&idt=1121&ppid=65CADD94-86DD-42C7-C200-34A22ED228D3&prev_scp=pos%3Dwallpaper%7Cpos%3Dexclusions%7Cpos%3Dbanner&cust_params=pgtyp%3Dstats%26sp%3Dnba%26ed%3Dus%26lang%3Den%26tm%3Dny%26league%3Dnba%26darkmode%3Dfalse%26ajx_url%3Dhttps%253A%252F%252Fwww.espn.com%252Fnba%252Fteam%252Fstats%252F_%252Fname%252Fny%252Fnew-york-knicks%26mnr%3Df%26swid%3D65CADD94-86DD-42C7-C200-34A22ED228D3%26d_us_privacy%3D%26hip%3Dfbd007c8098451fee9ec27d9210f016957b077d490f991bbd60c6dfa4e0149fd%26inskin_yes%3Dno%26prof%3Dxl&adks=1152334542%2C109111406%2C4032568328&frm=20&eo_id_str=ID%3D109055eb94a22d5f%3AT%3D1780798684%3ART%3D1780798684%3AS%3DAA-AfjYk-jrqmaBHDjDtBGCMJGLB&gblpids=%2F21783347309%2Fespn.com%2Fnba%2Fteam%2Fstats~%2F21783347309%2Fespn.com%2Fnba%2Fteam%2Fstats~%2F21783347309%2Fespn.com%2Fnba%2Fteam%2Fstats&pb_szs=970x250%7C728x90~970x250%7C728x90~970x250%7C728x90&pgls=CAk. → 200 (144ms, 29736B)
[2026-06-07T02:18:21.325Z] GET https://securepubads.g.doubleclick.net/pcs/view?xai=AKAOjsulyaachow4XyauRMLPpOWACgo0tfxO2L0adWeVagfs1_B7Nr2OMUH26vDoA3NHwnK3o4jDVRiqeBsYKJr3bTHXFq3XdBtWQ3v80qDSQZHCry5KrxF6AJxa6tUlXdHTsVBTZo9P9eaM97pZjobKnwU9mghSMOKMpHK6UZgTLYygD_qUHNszsEaMU_n45ok7e3ZSh6zs-ndVRDkl-SSv0ozHeEH_wVQs6V3JWma2-IdpG0CdEqGLsswphLQNpKWtiOeg426Cb8jIVPUw0KxZCAh0wdUku1lTjqVhcPITtyOuUH20oXXOhhdtVpmulMKw4kZoyDfek_vJ6eD7SDL36peR-xrSAuk99g4JXsQ1zXYeHsrwuZYtu-CxifJcJy5UvHsZqOa9PDvKDLmBhF3mBS9Qkq80ONT_IxOTOeiV484Gumu0PJOtbQ63Mtv0U3gs1_mZDVVSKy0BnV06eyL3hCVvAg&sai=AMfl-YShzKYCsv9dZ6GXByhh46Sf2C1Z9pcFDW-8hwnHKJus9RE5bFXIO-GFX3Ad4WJnJTxMY--GD0gZlpTqz64Wl7J7O-mriYAqXNarUUM8P86bMzhsSaVPXjJmd-N28s6-nXjIGYqAL4KNQ5GDY7vL3G6MWzw1aiwQkupwSKK4xhX5AO5MjZD7nCj0xGD4kzeYc4DkfIU7NU466VVZEHnsZUh7NtDOtmXR_y9cGbvixNXFUPpaCrprWDD5_1ceWT_y_8Pg5S6DbobNoTZq1AhOuMQn04li_E5ws3umwVoKOg9uzZUdck8EV56O4SlFR5gkf1IMCNI4vc81HXsNVBF4qmlaPRh1R9-U5O2nnR-sdj3XIjzeFNtXEfE78tZww7WllTYZ1PPIRbb0-lo&sig=Cg0ArKJSzHp60dDxGycfEAE&uach_m=%5BUACH%5D&urlfix=1&adurl= → 200 (62ms, ?B)
[2026-06-07T02:18:21.325Z] GET https://ads.rubiconproject.com/ad/15584.js → 200 (?ms, 30726B)
[2026-06-07T02:18:21.325Z] GET https://pagead2.googlesyndication.com/pagead/managed/js/activeview/current/ufs_web_display.js → 200 (?ms, 243288B)
[2026-06-07T02:18:21.325Z] GET https://smarttag.rubiconproject.com/a/15584/102754/482952-2.js?&cb=0.6503078620830424&tk_st=1&rf=https%3A//www.espn.com/nba/team/stats/_/name/ny/new-york-knicks&rp_s=c&p_pos=atf&p_screen_res=1280x720&ad_slot=102754_2&rp_secure=1 → pending (?ms, ?B)
[2026-06-07T02:18:21.983Z] GET https://secure-sdk.imrworldwide.com/cgi-bin/gn?prd=dcr&ci=us-600140&ch=us-600140_b01_nba_S&asn=nba&fp_id=bvjx3iby8ivz36wlzzvtmisuy8rbt1780798683&fp_cr_tm=1780798683802&fp_acc_tm=1780798683802&fp_emm_tm=1780798683802&ve_id=&sessionId=mjm5uuajfh2ry3dqj73khhyai9aqn1780798699&prv=1&c6=vc,b01&ca=NA&c13=asid,P07264C85-15CD-4A80-8E56-B5BFA6D93296&c32=segA,stats&c33=segB,NA&c34=segC,stats&c15=apn,&sup=1&segment2=&segment1=&forward=0&plugv=&playerv=&ad=0&cr=V&c9=devid,&enc=true&c1=nuid,1t7q7zn6sluerrezaryzzdwff9qa01780798683&at=view&rt=text&c16=sdkv,bj.6.0.0&c27=cln,0&crs=&lat=&lon=&c29=plid,17807986999723914&c30=bldv,6.0.0.748&st=dcr&c7=osgrp,&c8=devgrp,&c10=plt,&c40=adbid,&c14=osver,NA&c26=dmap,1&dd=&hrd=&wkd=&c35=adrsid,&c36=cref1,&c37=cref2,&c11=agg,1&c12=apv,&c51=adl,0&c52=noad,0&pc=NA&c53=fef,n&c54=oad,&c55=cref3,&c57=adldf,2&ai=espn_nba_stats&c3=st,c&c64=starttm,1780798701&adid=espn_nba_stats&c58=isLive,false&c59=sesid,&c61=createtm,1780798700&c63=pipMode,&uoo=&c68=bndlid,&nodeTM=&logTM=&c73=phtype,&c74=dvcnm,&c76=adbsnid,&c44=progen,&davty=0&si=https%3A%2F%2Fwww.espn.com%2Fnba%2Fteam%2Fstats%2F_%2Fname%2Fny%2Fnew-york-knicks&c66=mediaurl,&sdd=&c62=sendTime,1780798700&rnd=948598 → 200 (90ms, 44B)
[2026-06-07T02:18:21.983Z] GET https://global.imrworldwide.com/cgi-bin/gn?prd=metadata&c9=devid,&c13=asid,P07264C85-15CD-4A80-8E56-B5BFA6D93296&sessionId=mjm5uuajfh2ry3dqj73khhyai9aqn1780798699&c30=bldv,6.0.0.748&pgUrl=https%3A%2F%2Fwww.espn.com%2Fnba%2Fteam%2Fstats%2F_%2Fname%2Fny%2Fnew-york-knicks&pgTitle=New%20York%20Knicks%202025-26%20NBA%20Postseason%20Stats%20-%20ESPN&uoo= → 200 (203ms, 35B)
[2026-06-07T02:18:24.152Z] GET https://image8.pubmatic.com/AdServer/ImgSync?p=0 → 302 (491ms, ?B)
[2026-06-07T02:18:24.643Z] GET https://match.adsrvr.org/track/cmf/generic?ttd_pid=pubmatic&ttd_tpi=1&gdpr=-1&gdpr_consent= → pending (?ms, ?B)
[2026-06-07T02:18:25.214Z] GET https://match.adsrvr.org/track/cmb/generic?ttd_pid=pubmatic&ttd_tpi=1&gdpr=-1&gdpr_consent= → 302 (188ms, ?B)
[2026-06-07T02:18:25.402Z] GET https://simage2.pubmatic.com/AdServer/Pug?vcode=bz0yJnR5cGU9MSZjb2RlPTI4NDkmdGw9MTI5NjAw&piggybackCookie=2e9ce863-d52e-4b87-bbdb-4eedd2ee5e7d&gdpr=0&gdpr_consent= → pending (?ms, ?B)
[2026-06-07T02:18:25.521Z] GET https://loadus.exelator.com/getid?p=1480&g=1&j=0&asid=P07264C85-15CD-4A80-8E56-B5BFA6D93296 → pending (?ms, ?B)
[2026-06-07T02:18:25.789Z] GET https://load77.exelator.com/pixel.gif → 204 (267ms, ?B)
[2026-06-07T02:18:26.849Z] GET https://image8.pubmatic.com/AdServer/ImgSync?sec=1&gdpr=0&gdpr_consent=&us_privacy= → 302 (494ms, ?B)
[2026-06-07T02:18:27.343Z] GET https://cm.g.doubleclick.net/pixel?google_nid=pmeb&google_sc=1&google_hm=F9lYrg7yQ0-FvbBUopoJrA%3D%3D&gdpr=0&gdpr_consent=&google_cm → 302 (67ms, ?B)
[2026-06-07T02:18:27.410Z] GET https://ads.pubmatic.com/AdServer/js/user_sync.html?p=156578&predirect=&gdpr=0&gdpr_consent=&google_gid=CAESEM5eLpw8SXaVPnsEjuw_C8k&google_cver=1 → pending (?ms, ?B)
[2026-06-07T02:18:29.311Z] POST https://ty-trc-events.taboola.com/espnnetwork-espn/log/3/perf?tvi48=28907&tvi50=30819&route=TY%3ATY%3AV&lti=default-trecs-3288-fix-served-sizes-reporting-on-explore-more-display-items_ctrl → 204 (202ms, ?B)
[2026-06-07T02:18:31.058Z] GET https://loadus.exelator.com/getid?p=1480&g=1&j=0&asid=P07264C85-15CD-4A80-8E56-B5BFA6D93296 → 302 (268ms, ?B)
[2026-06-07T02:18:31.326Z] GET https://load77.exelator.com/pixel.gif → 204 (265ms, ?B)
[2026-06-07T02:18:34.971Z] GET https://pespn.chartbeat.net/ping?h=espn.com&p=%2Fnba%2Fteam%2Fstats%2F_%2Fname%2Fny%2Fnew-york-knicks&u=BgdCSLBFrErGCzLBHt&d=espn.com&g=22222&g0=nba&g1=stats&g6=5082874724%7C%7C1%2C5075907490%7C%7C1&n=1&f=00001&c=0.25&x=0&m=0&y=3113&o=1280&w=720&j=30&R=1&W=0&I=0&E=5&e=5&r=&PA=https%3A%2F%2Fwww.espn.com%2Fnba%2Fteam%2Fstats%2F_%2Fname%2Fny%2Fnew-york-knicks&b=581&t=D7_ywZCshnshLblBaDbJqnUBSvqYN&V=151&tz=-480&sn=2&sv=Ba6xhjDbXdq7E3NpHTfrE_CFmM4p&sr=external&sd=1&im=067b2ff3&_ → 200 (294ms, 43B)
[2026-06-07T02:18:36.494Z] GET https://secure-assets.rubiconproject.com/static/psa/blank/1x1.png → 200 (73ms, 156B)
[2026-06-07T02:18:36.494Z] GET https://pagead2.googlesyndication.com/pagead/gen_204?id=av-js&type=fle-fetch-start2 → 204 (159ms, ?B)
[2026-06-07T02:18:36.494Z] GET https://pagead2.googlesyndication.com/pagead/gen_204?id=av-js&type=colleague-executed&name=4 → 204 (158ms, ?B)
[2026-06-07T02:18:36.496Z] GET https://pagead2.googlesyndication.com/pagead/gen_204?id=av-js&type=reach&proto=CAlgAWACaAM%3D → 204 (157ms, ?B)
[2026-06-07T02:18:36.570Z] GET https://securepubads.g.doubleclick.net/pcs/view?xai=AKAOjsstziHN4hLmAdNFrZcYhXpF_z7u6ouuyaGfHoizEEEvqRKWaPYwAyrkgE6-1qsh5VZdAQ9k5_F0O-qXVDpKx11KvpfzAOW1xxYJlinvqM3GJXgaToHD5Xw32l61WC7Vc54X7-v9SK2ohsUqh0TLMpUGMfpcBLJvDzm15-nxjloTCmrh-zNf1kHsC2BC4nYsuvDVlanOwAh5O_Xw6Bt-MAtrA4Pqr2ywtwjNteYwg2g1qtId8Zs2ZDPol-9p9MXyuCABuZokdlrdvE1X-OO0wbXs91PwZVJRo2N8geFQMBlVDmrmKscKuCPsXRfMqkZU5iVxPzeRQfbmDnNzB70HCZg-qnqO7qIbNzFFS857x45mqKIhY665z23qbrIp0DhCHiRB9izovwCsHTNPiqDz8KqnRO0UmKt0OMQjyAV6yK0S-Ja62uWVkkXQgs9xer1c35eNH3wNxQ&sai=AMfl-YSYx8y3DYXULGg1agBW989TlESbJD5UgZRbJp-IAlrYmr8SDidjDUxk2lewnvI93TWcEPfda9eUbya6mZ0W1t2IEKWaH82df-_FrP7z3QLHdGOrJaVk3SOO5s9iDbmIZYycgoz4ZZiBxL0W0mRZY0dcrjQAsDxyLCtqFBn3onojTJCPh8gwBoi7u3nAyaG5dN7PWj9U8F7JnQuAgZB_1b4OuzPBu7PyljV7viSAAfhUC98kniohzn8NOrPjRo5BTE5voZTH1_8Y1OwGEvICbI_jPFJ7Bc3lYB6O4GiewEIjLsWQN9Ham98EElNJmt_4Gg_pU7Fuphu6dv2RhNrcRF6P9LQK5myb3owW0YiNXaM9bfN2wnk0FdcSCy_TTA1TfWFnMFM4kCvHxmA&sig=Cg0ArKJSzDPFdTQYm-IeEAE&uach_m=%5BUACH%5D&urlfix=1&dett=2&adurl= → 200 (64ms, ?B)
[2026-06-07T02:18:36.591Z] GET https://loadus.exelator.com/getid?p=1480&g=1&j=0&asid=P07264C85-15CD-4A80-8E56-B5BFA6D93296 → pending (?ms, ?B)
[2026-06-07T02:18:36.860Z] GET https://load77.exelator.com/pixel.gif → 204 (266ms, ?B)
[2026-06-07T02:18:37.576Z] GET https://pagead2.googlesyndication.com/pcs/activeview?xai=AKAOjstUXKpeFOdyw8o87P88nveYrgsD92Ej3s2L6ABo799_jmbITG-G_Pj8psUOjJF_99HSnVvHZH0mz5E0HlPhqGfBkeX9l4XSPXZmlE6ISO1JV_RSbrnioRJIiuwIALMgKjyIScJj2XG1nj2wzq8w92MaymNrlhHyywdp2hPcE-d93UFuqXnULvUztQTV&sig=Cg0ArKJSzLpVvU4beufWEAE&id=lidar2&mcvt=1001&p=257,276,347,1004&tm=1078.9000000059605&tu=77.59999999403954&mtos=1001,1001,1001,1001,1001&tos=1001,0,0,0,0&v=20260603&bin=7&avms=nio&bs=1280,720&mc=1&vu=1&app=0&itpl=0&adk=4032568328&rs=4&la=0&cr=0&uach=WyJtYWNPUyIsIjI2LjUuMSIsImFybSIsIiIsIjE0NS4wLjc2MzIuNiIsbnVsbCwwLG51bGwsIjY0IixbWyJOb3Q6QS1CcmFuZCIsIjk5LjAuMC4wIl0sWyJIZWFkbGVzc0Nocm9tZSIsIjE0NS4wLjc2MzIuNiJdLFsiQ2hyb21pdW0iLCIxNDUuMC43NjMyLjYiXV0sMF0%3D&vs=4&r=v&co=7673151600&rst=1780798701320&rpt=15247&isd=0&lsd=0&met=ie&wmsd=0&pbe=0&fle=0&vae=0&spb=0&sfl=0&ffslot=0&reach=8&io2=0 → 200 (79ms, 42B)
[2026-06-07T02:18:39.314Z] POST https://ty-trc-events.taboola.com/espnnetwork-espn/log/3/perf?tvi48=28907&tvi50=30819&route=TY%3ATY%3AV&lti=default-trecs-3288-fix-served-sizes-reporting-on-explore-more-display-items_ctrl → 204 (233ms, ?B)
[2026-06-07T02:18:42.127Z] GET https://loadus.exelator.com/getid?p=1480&g=1&j=0&asid=P07264C85-15CD-4A80-8E56-B5BFA6D93296 → 302 (266ms, ?B)
[2026-06-07T02:18:42.394Z] GET https://load77.exelator.com/pixel.gif → 204 (345ms, ?B)
[2026-06-07T02:18:49.270Z] POST https://espn.api.edge.bamgrid.com/envelope/v2?tokenState=stale → 200 (340ms, 2B)
[2026-06-07T02:18:49.314Z] POST https://ty-trc-events.taboola.com/espnnetwork-espn/log/3/perf?tvi48=28907&tvi50=30819&route=TY%3ATY%3AV&lti=default-trecs-3288-fix-served-sizes-reporting-on-explore-more-display-items_ctrl → 204 (192ms, ?B)
[2026-06-07T02:18:49.971Z] GET https://pespn.chartbeat.net/ping?h=espn.com&p=%2Fnba%2Fteam%2Fstats%2F_%2Fname%2Fny%2Fnew-york-knicks&u=BgdCSLBFrErGCzLBHt&d=espn.com&g=22222&g0=nba&g1=stats&g6=5082874724%7C%7C1%2C5075907490%7C%7C1&n=1&f=00001&c=0.5&x=0&m=0&y=3113&o=1280&w=720&j=45&R=0&W=0&I=1&E=5&e=0&r=&PA=https%3A%2F%2Fwww.espn.com%2Fnba%2Fteam%2Fstats%2F_%2Fname%2Fny%2Fnew-york-knicks&b=581&t=D7_ywZCshnshLblBaDbJqnUBSvqYN&V=151&tz=-480&sn=3&sv=Ba6xhjDbXdq7E3NpHTfrE_CFmM4p&sr=external&sd=1&im=067b2ff3&_ → 200 (261ms, 43B)
[2026-06-07T02:18:59.316Z] POST https://ty-trc-events.taboola.com/espnnetwork-espn/log/3/perf?tvi48=28907&tvi50=30819&route=TY%3ATY%3AV&lti=default-trecs-3288-fix-served-sizes-reporting-on-explore-more-display-items_ctrl → 204 (182ms, ?B)
[2026-06-07T02:19:06.452Z] GET https://www.espn.com/nba/team/stats/_/name/sa/san-antonio-spurs/seasontype/2 → 200 (289ms, ?B)
[2026-06-07T02:19:06.452Z] POST https://ty-trc-events.taboola.com/espnnetwork-espn/log/3/perf?tvi48=28907&tvi50=30819&route=TY%3ATY%3AV&lti=default-trecs-3288-fix-served-sizes-reporting-on-explore-more-display-items_ctrl → 204 (192ms, ?B)
[2026-06-07T02:19:06.452Z] GET https://secure-sdk.imrworldwide.com/cgi-bin/gn?prd=dcr&ci=us-600140&ch=us-600140_b01_nba_S&asn=nba&fp_id=bvjx3iby8ivz36wlzzvtmisuy8rbt1780798683&fp_cr_tm=1780798683802&fp_acc_tm=1780798683802&fp_emm_tm=1780798683802&ve_id=&sessionId=mjm5uuajfh2ry3dqj73khhyai9aqn1780798699&prv=1&c6=vc,b01&ca=NA&c13=asid,P07264C85-15CD-4A80-8E56-B5BFA6D93296&c32=segA,stats&c33=segB,NA&c34=segC,stats&c15=apn,&sup=1&segment2=&segment1=&forward=0&plugv=&playerv=&ad=0&cr=D&c9=devid,&enc=true&c1=nuid,1t7q7zn6sluerrezaryzzdwff9qa01780798683&at=timer&rt=text&c16=sdkv,bj.6.0.0&c27=cln,45&crs=&lat=&lon=&c29=plid,17807986999723914&c30=bldv,6.0.0.748&st=dcr&c7=osgrp,&c8=devgrp,&c10=plt,&c40=adbid,&c14=osver,NA&c26=dmap,1&dd=&hrd=&wkd=&c35=adrsid,&c36=cref1,&c37=cref2,&c11=agg,1&c12=apv,&c51=adl,0&c52=noad,0&pc=NA&c53=fef,n&c54=oad,&c55=cref3,&c57=adldf,2&ai=espn_nba_stats&c3=st,c&c64=starttm,1780798701&adid=espn_nba_stats&c58=isLive,false&c59=sesid,&c61=createtm,1780798745&c63=pipMode,&uoo=&c68=bndlid,&nodeTM=&logTM=&c73=phtype,&c74=dvcnm,&c76=adbsnid,&c44=progen,&davty=2&si=https%3A%2F%2Fwww.espn.com%2Fnba%2Fteam%2Fstats%2F_%2Fname%2Fny%2Fnew-york-knicks&c66=mediaurl,&sdd=&c62=sendTime,1780798745&rnd=391991 → 200 (88ms, ?B)
[2026-06-07T02:19:06.755Z] GET https://pagead2.googlesyndication.com/pagead/gen_204?id=av-js&type=fle-fetch-later2 → pending (?ms, ?B)
[2026-06-07T02:19:06.761Z] GET https://p1.parsely.com/px/?rand=1780798746744&plid=1151e0cf-ac5a-4d14-a751-ac2516e58c4f&idsite=espn.com&url=https%3A%2F%2Fwww.espn.com%2Fnba%2Fteam%2Fstats%2F_%2Fname%2Fny%2Fnew-york-knicks&urlref=&screen=1280x720%7C1280x720%7C24&data=%7B%7D&sid=1&surl=https%3A%2F%2Fwww.espn.com%2Fnba%2Fteam%2Fstats%2F_%2Fname%2Fsa%2Fsan-antonio-spurs&sref=&sts=1780798683783&slts=0&date=Sun+Jun+07+2026+10%3A19%3A06+GMT%2B0800+(China+Standard+Time)&action=heartbeat&inc=5&tt=4901&pvid=42e05f25-3655-470e-8e13-3843431f871d&u=pid%3D548a9c48-1fbf-45f2-9c64-a2e84c5ce1ea → pending (?ms, ?B)
[2026-06-07T02:19:06.762Z] POST https://ty-trc-events.taboola.com/espnnetwork-espn/log/3/perf?tvi48=28907&tvi50=30819&route=TY%3ATY%3AV&lti=default-trecs-3288-fix-served-sizes-reporting-on-explore-more-display-items_ctrl → pending (?ms, ?B)
[2026-06-07T02:19:06.762Z] GET https://pagead2.googlesyndication.com/pagead/gen_204?id=av-js&type=fle-fetch-pagehide2 → pending (?ms, ?B)
[2026-06-07T02:19:06.763Z] GET https://pagead2.googlesyndication.com/pcs/activeview?xai=AKAOjstUXKpeFOdyw8o87P88nveYrgsD92Ej3s2L6ABo799_jmbITG-G_Pj8psUOjJF_99HSnVvHZH0mz5E0HlPhqGfBkeX9l4XSPXZmlE6ISO1JV_RSbrnioRJIiuwIALMgKjyIScJj2XG1nj2wzq8w92MaymNrlhHyywdp2hPcE-d93UFuqXnULvUztQTV&sig=Cg0ArKJSzLpVvU4beufWEAE&id=lidartos&mcvt=30182&p=257,276,347,1004&tm=30259.90000000596&tu=77.59999999403954&mtos=30182,30182,30182,30182,30182&tos=30182,0,0,0,0&v=20260603&bin=7&avms=nio&bs=1280,720&mc=1&vu=1&app=0&itpl=0&adk=4032568328&rs=4&la=0&cr=0&uach=WyJtYWNPUyIsIjI2LjUuMSIsImFybSIsIiIsIjE0NS4wLjc2MzIuNiIsbnVsbCwwLG51bGwsIjY0IixbWyJOb3Q6QS1CcmFuZCIsIjk5LjAuMC4wIl0sWyJIZWFkbGVzc0Nocm9tZSIsIjE0NS4wLjc2MzIuNiJdLFsiQ2hyb21pdW0iLCIxNDUuMC43NjMyLjYiXV0sMF0%3D&vs=4&r=b&co=7673151601&rst=1780798701320&rpt=15247&isd=0&lsd=0&ec=1&met=ie&wmsd=0&pbe=0&fle=0&vae=0&spb=0&sfl=0&ffslot=0&reach=8&io2=0 → pending (?ms, ?B)
[2026-06-07T02:19:06.765Z] GET https://dcf.espn.com/TWDC-DTCI/prod/Bootstrap.js → pending (?ms, ?B)
[2026-06-07T02:19:06.765Z] GET https://cdn1.espn.net/fitt/43919cae0e28-release-06-02-2026.2.0.4833/client/espnfitt/css/fusion-a01cce68.css → 200 (8ms, ?B)
[2026-06-07T02:19:06.765Z] GET https://cdn1.espn.net/fitt/43919cae0e28-release-06-02-2026.2.0.4833/client/espnfitt/css/6185-d8af0775.css → 200 (8ms, ?B)
[2026-06-07T02:19:06.765Z] GET https://cdn1.espn.net/fitt/43919cae0e28-release-06-02-2026.2.0.4833/client/espnfitt/css/espnfitt-aac59152.css → 200 (8ms, ?B)
[2026-06-07T02:19:06.765Z] GET https://cdn1.espn.net/fitt/43919cae0e28-release-06-02-2026.2.0.4833/client/espnfitt/css/394-f8f14c08.css → 200 (8ms, ?B)
[2026-06-07T02:19:06.765Z] GET https://cdn1.espn.net/fitt/43919cae0e28-release-06-02-2026.2.0.4833/client/espnfitt/css/1825-bae7d0ed.css → 200 (8ms, ?B)
[2026-06-07T02:19:06.765Z] GET https://cdn1.espn.net/fitt/43919cae0e28-release-06-02-2026.2.0.4833/client/espnfitt/css/3479-14ceef13.css → 200 (9ms, ?B)
[2026-06-07T02:19:06.765Z] GET https://cdn1.espn.net/fitt/43919cae0e28-release-06-02-2026.2.0.4833/client/espnfitt/css/team.stats-142b92ad.css → 200 (9ms, ?B)
[2026-06-07T02:19:06.765Z] GET https://a.espncdn.com/fonts/_Publico/PublicoBannerExtraboldWeb.woff2 → 200 (1ms, ?B)
[2026-06-07T02:19:06.766Z] GET https://a.espncdn.com/fonts/_BentonSans/BentonSansBlack.woff2 → 200 (8ms, ?B)
[2026-06-07T02:19:06.766Z] GET https://a.espncdn.com/fonts/_BentonSansCond/BentonSansCondBold.woff2 → 200 (8ms, ?B)
[2026-06-07T02:19:06.766Z] GET https://a.espncdn.com/fonts/_PlayoffProCond/PlayoffProCondBold.woff2 → 200 (?ms, ?B)
[2026-06-07T02:19:06.766Z] GET https://a.espncdn.com/fonts/_PlayoffProCond/PlayoffProCondBlack.woff2 → 200 (?ms, ?B)
[2026-06-07T02:19:06.766Z] GET https://a.espncdn.com/fonts/_BentonSans/BentonSansBold.woff2 → pending (?ms, ?B)
[2026-06-07T02:19:06.767Z] GET https://a.espncdn.com/fonts/_BentonSans/BentonSansMedium.woff2 → 200 (?ms, ?B)
[2026-06-07T02:19:06.767Z] GET https://a.espncdn.com/fonts/_BentonSans/BentonSansRegular.woff2 → 200 (7ms, ?B)
[2026-06-07T02:19:06.767Z] GET https://a.espncdn.com/fonts/_Ignite/ESPNIgniteDisplay-CondensedHeavy-Web.woff2 → 200 (1ms, ?B)
[2026-06-07T02:19:06.768Z] GET https://a.espncdn.com/fonts/_Ignite/ESPNIgniteText-Regular-Web.woff2 → 200 (?ms, ?B)
[2026-06-07T02:19:06.768Z] GET https://a.espncdn.com/fonts/_Ignite/ESPNIgniteTextCondensed-Regular-Web.woff2 → 200 (1ms, ?B)
[2026-06-07T02:19:06.769Z] GET https://a.espncdn.com/fonts/_Ignite/ESPNIgniteTextCondensed-Bold-Web.woff2 → pending (?ms, ?B)
[2026-06-07T02:19:06.769Z] GET https://cdn1.espn.net/fitt/43919cae0e28-release-06-02-2026.2.0.4833/client/espnfitt/runtime-5b7306cd.js → 200 (1ms, 5335B)
[2026-06-07T02:19:06.770Z] GET https://cdn1.espn.net/fitt/43919cae0e28-release-06-02-2026.2.0.4833/client/espnfitt/dmp-sdk-cbf49318.js → 200 (?ms, ?B)
[2026-06-07T02:19:06.770Z] GET https://cdn1.espn.net/fitt/43919cae0e28-release-06-02-2026.2.0.4833/client/espnfitt/6185-08c0f755.js → 200 (?ms, ?B)
[2026-06-07T02:19:06.770Z] GET https://cdn1.espn.net/fitt/43919cae0e28-release-06-02-2026.2.0.4833/client/espnfitt/1609-dac15037.js → 200 (?ms, ?B)
[2026-06-07T02:19:06.770Z] GET https://cdn1.espn.net/fitt/43919cae0e28-release-06-02-2026.2.0.4833/client/espnfitt/9264-d288023b.js → 200 (1ms, ?B)
[2026-06-07T02:19:06.771Z] GET https://cdn1.espn.net/fitt/43919cae0e28-release-06-02-2026.2.0.4833/client/espnfitt/394-c019a863.js → 200 (?ms, ?B)
[2026-06-07T02:19:06.771Z] GET https://cdn1.espn.net/fitt/43919cae0e28-release-06-02-2026.2.0.4833/client/espnfitt/3866-debef506.js → 200 (?ms, ?B)
[2026-06-07T02:19:06.771Z] GET https://cdn1.espn.net/fitt/43919cae0e28-release-06-02-2026.2.0.4833/client/espnfitt/1765-53c8f25a.js → 200 (?ms, ?B)
[2026-06-07T02:19:06.771Z] GET https://cdn1.espn.net/fitt/43919cae0e28-release-06-02-2026.2.0.4833/client/espnfitt/149-d38c33d6.js → 200 (?ms, ?B)
[2026-06-07T02:19:06.771Z] GET https://cdn1.espn.net/fitt/43919cae0e28-release-06-02-2026.2.0.4833/client/espnfitt/6845-f9662716.js → 200 (1ms, ?B)
[2026-06-07T02:19:06.772Z] GET https://cdn1.espn.net/fitt/43919cae0e28-release-06-02-2026.2.0.4833/client/espnfitt/1029-124f7f39.js → 200 (?ms, ?B)
[2026-06-07T02:19:06.772Z] GET https://cdn1.espn.net/fitt/43919cae0e28-release-06-02-2026.2.0.4833/client/espnfitt/9195-ac79fa8d.js → 200 (?ms, ?B)
[2026-06-07T02:19:06.772Z] GET https://cdn1.espn.net/fitt/43919cae0e28-release-06-02-2026.2.0.4833/client/espnfitt/6746-79f4cb5e.js → 200 (?ms, ?B)
[2026-06-07T02:19:06.772Z] GET https://cdn1.espn.net/fitt/43919cae0e28-release-06-02-2026.2.0.4833/client/espnfitt/821-0e469e43.js → 200 (?ms, ?B)
[2026-06-07T02:19:06.772Z] GET https://cdn1.espn.net/fitt/43919cae0e28-release-06-02-2026.2.0.4833/client/espnfitt/2553-30c398b3.js → 200 (?ms, ?B)
[2026-06-07T02:19:06.772Z] GET https://cdn1.espn.net/fitt/43919cae0e28-release-06-02-2026.2.0.4833/client/espnfitt/4714-ce84554c.js → 200 (1ms, ?B)
[2026-06-07T02:19:06.773Z] GET https://cdn1.espn.net/fitt/43919cae0e28-release-06-02-2026.2.0.4833/client/espnfitt/_manifest.js → pending (?ms, ?B)
[2026-06-07T02:19:06.773Z] GET https://cdn1.espn.net/fitt/43919cae0e28-release-06-02-2026.2.0.4833/client/espnfitt/espn-en-0193295f.js → pending (?ms, ?B)
[2026-06-07T02:19:06.773Z] GET https://cdn1.espn.net/fitt/43919cae0e28-release-06-02-2026.2.0.4833/client/espnfitt/espnfitt-4be98d9b.js → pending (?ms, ?B)
[2026-06-07T02:19:06.773Z] GET https://cdn1.espn.net/fitt/43919cae0e28-release-06-02-2026.2.0.4833/client/espnfitt/team.stats-b132d699.js → pending (?ms, ?B)
[2026-06-07T02:19:06.870Z] GET https://www.datadoghq-browser-agent.com/us1/v5/datadog-rum.js → pending (?ms, ?B)
[2026-06-07T02:19:06.870Z] GET https://cdn1.espn.net/fitt/43919cae0e28-release-06-02-2026.2.0.4833/client/espnfitt/_manifest.js → 200 (?ms, 47737B)
[2026-06-07T02:19:06.870Z] GET https://cdn1.espn.net/fitt/43919cae0e28-release-06-02-2026.2.0.4833/client/espnfitt/espn-en-0193295f.js → 200 (1ms, 208120B)
[2026-06-07T02:19:06.870Z] GET https://cdn1.espn.net/fitt/43919cae0e28-release-06-02-2026.2.0.4833/client/espnfitt/espnfitt-4be98d9b.js → 200 (1ms, 591854B)
[2026-06-07T02:19:06.870Z] GET https://cdn1.espn.net/fitt/43919cae0e28-release-06-02-2026.2.0.4833/client/espnfitt/team.stats-b132d699.js → 200 (1ms, 44717B)
[2026-06-07T02:19:06.952Z] GET https://a.espncdn.com/fonts/_BentonSans/BentonSansRegular-i18n-support.woff2 → 200 (?ms, ?B)
[2026-06-07T02:19:06.952Z] GET https://secure.espncdn.com/redesign/assets/img/logos/logo-espn-82x20.png → 200 (?ms, 571B)
[2026-06-07T02:19:06.952Z] GET https://a.espncdn.com/fonts/_BentonSans/BentonSansMedium-i18n-support.woff2 → 200 (164ms, 40644B)
[2026-06-07T02:19:06.953Z] GET https://pcs.bamgrid.com/v1/espn?namespaces=web&brand=google&platform=chrome → 200 (73ms, 575B)
[2026-06-07T02:19:07.009Z] GET https://cdn.registerdisney.go.com/v4/OneID.js → 200 (16ms, 475420B)
[2026-06-07T02:19:07.009Z] GET https://client-sdk-configs.bamgrid.com/bam-sdk/v7.0/espn-a9b93989/browser/v35.2/macosx/chrome/prod.json → 200 (17ms, 84218B)
[2026-06-07T02:19:07.033Z] POST https://espn.api.edge.bamgrid.com/graph/v1/device/graphql → 200 (243ms, 8991B)
[2026-06-07T02:19:07.033Z] GET https://pcs.bamgrid.com/v1/espn?namespaces=hive-dmp → 200 (121ms, 319B)
[2026-06-07T02:19:07.081Z] GET https://cdn.registerdisney.go.com/v4/bundle/web/ESPN-ONESITE.WEB/en-US?cssOverride=https%3A%2F%2Fsecure.espncdn.com%2Fcombiner%2Fc%3Fcss%3Ddisneyid%2Fcorev4.css&logLevel=INFO → 200 (1ms, 2610799B)
[2026-06-07T02:19:07.082Z] GET https://www.espn.com/login/responder/v4/index.html?clientId=ESPN-ONESITE.WEB&environment=PROD → 200 (3ms, 127B)
[2026-06-07T02:19:07.087Z] GET https://cdn.registerdisney.go.com/v4/responder.js → 200 (?ms, 8348B)
[2026-06-07T02:19:07.115Z] GET https://cdn.registerdisney.go.com/v4/asset/bundler/ESPN/v4/images/v2/espn-red-logo.svg → 200 (1ms, 1258B)
[2026-06-07T02:19:07.115Z] GET https://www.google.com/recaptcha/enterprise.js?onload=grecaptcha1780798747112&render=6LciB_gZAAAAAA_mwJ4G0XZ0BXWvLTt67V7YizXx&hl=en → 200 (355ms, 1797B)
[2026-06-07T02:19:07.115Z] GET https://fonts.gstatic.com/s/notosans/v27/o-0IIpQlx3QUlC5A4PNr5TRASf6M7Q.woff2 → 200 (?ms, ?B)
[2026-06-07T02:19:07.154Z] GET https://hiveplayer-static.bamgrid.com/artifacts/hive/playback-service/26.5.0-esmeralda/all_browser_es5/playback-service.js → 200 (?ms, 860503B)
[2026-06-07T02:19:07.154Z] GET https://a.espncdn.com/combiner/i?img=/i/teamlogos/nba/500/sa.png&h=200&w=200 → 200 (1ms, 11817B)
[2026-06-07T02:19:07.154Z] GET https://a.espncdn.com/combiner/i?img=/i/teamlogos/nba/500/sa.png&scale=crop&cquality=40&location=origin&w=64&h=64 → 200 (1ms, 2968B)
[2026-06-07T02:19:07.154Z] GET https://a.espncdn.com/combiner/i?img=/i/headshots/nba/players/full/5104157.png&h=96&w=96&scale=crop → 200 (1ms, 12449B)
[2026-06-07T02:19:07.155Z] GET https://a.espncdn.com/combiner/i?img=/i/headshots/nba/players/full/4845367.png&h=96&w=96&scale=crop → 200 (?ms, 13457B)
[2026-06-07T02:19:07.155Z] GET https://a.espncdn.com/combiner/i?img=/i/headshots/nba/players/full/4395630.png&h=96&w=96&scale=crop → 200 (?ms, 13701B)
[2026-06-07T02:19:07.168Z] GET https://a.espncdn.com/redesign/assets/img/logos/espn-404@2x.png → 200 (?ms, 2266B)
[2026-06-07T02:19:07.168Z] GET https://a.espncdn.com/assets/icons/appTile.svg → 200 (?ms, 577B)
[2026-06-07T02:19:07.168Z] GET https://a.espncdn.com/assets/icons/fantasy-white.svg → 200 (194ms, 1546B)
[2026-06-07T02:19:07.172Z] GET https://pcs.bamgrid.com/v1/espn?brand=google&platform=chrome&os=macos&namespaces=hive-dmp,ads,pqm → 200 (67ms, 1794B)
[2026-06-07T02:19:07.470Z] GET https://www.gstatic.com/recaptcha/releases/ne1iDVwClkE7nKD3uA9Vqsvl/recaptcha__en.js → 200 (17ms, 894957B)
[2026-06-07T02:19:07.492Z] GET https://www.google.com/recaptcha/enterprise/anchor?ar=1&k=6LciB_gZAAAAAA_mwJ4G0XZ0BXWvLTt67V7YizXx&co=aHR0cHM6Ly9jZG4ucmVnaXN0ZXJkaXNuZXkuZ28uY29tOjQ0Mw..&hl=en&v=ne1iDVwClkE7nKD3uA9Vqsvl&size=invisible&anchor-ms=20000&execute-ms=30000&cb=q8j76tfgzuz8 → 200 (176ms, 55074B)
[2026-06-07T02:19:07.673Z] GET https://www.gstatic.com/recaptcha/releases/ne1iDVwClkE7nKD3uA9Vqsvl/styles__ltr.css → 200 (?ms, 82857B)
[2026-06-07T02:19:07.673Z] GET https://www.gstatic.com/recaptcha/releases/ne1iDVwClkE7nKD3uA9Vqsvl/recaptcha__en.js → 200 (16ms, 894957B)
[2026-06-07T02:19:07.735Z] GET https://fonts.gstatic.com/s/roboto/v48/KFO7CnqEu92Fr1ME7kSn66aGLdTylUAMa3yUBHMdazQ.woff2 → 200 (?ms, ?B)
[2026-06-07T02:19:07.749Z] GET https://www.google.com/recaptcha/enterprise/webworker.js?hl=en&v=ne1iDVwClkE7nKD3uA9Vqsvl → 200 (7ms, ?B)
[2026-06-07T02:19:07.752Z] GET https://www.gstatic.com/recaptcha/api2/logo_48.png → 200 (?ms, 2228B)
[2026-06-07T02:19:07.757Z] GET https://www.gstatic.com/recaptcha/releases/ne1iDVwClkE7nKD3uA9Vqsvl/recaptcha__en.js → pending (?ms, ?B)
[2026-06-07T02:19:07.767Z] GET https://cdn.taboola.com/libtrc/espn-network/loader.js → 200 (13ms, ?B)
[2026-06-07T02:19:07.767Z] GET https://secure.espncdn.com/connected-devices/espn-watchsdk-js/4.6.8/dist/espn-watchsdk-web-umd.min.js → 200 (6ms, 354702B)
[2026-06-07T02:19:07.774Z] GET https://a.espncdn.com/connected-devices/app-configurations/espn-js-sdk-web-2.0.config.json → pending (?ms, ?B)
[2026-06-07T02:19:07.774Z] GET https://entitlement.auth.adobe.com/entitlement/v4/AccessEnabler.js → 200 (1ms, 131981B)
[2026-06-07T02:19:07.775Z] GET https://broadband.espn.com/espn3/auth/watchespn/user?partner=watchespn&platform=web → pending (?ms, ?B)
[2026-06-07T02:19:07.782Z] GET https://sp.auth.adobe.com/entitlement/v4/AccessEnablerProxy.html?9f61ce3349740cda7528 → 200 (?ms, ?B)
[2026-06-07T02:19:07.800Z] GET https://sp.auth.adobe.com/entitlement/v4/AccessEnablerProxy.js → 200 (?ms, 6012B)
[2026-06-07T02:19:07.805Z] GET https://cdn.taboola.com/libtrc/tr5?abgroup=trecs-3288-fix-served-sizes-reporting-on-explore-more-display-items_ctrl&pub=espn-network → 200 (2ms, 3B)
[2026-06-07T02:19:07.807Z] GET https://gum.criteo.com/sync?c=72&r=2&j=TRC.getRTUS → 200 (?ms, 139B)
[2026-06-07T02:19:07.809Z] GET https://sp.auth.adobe.com/adobe-services/config/ESPN → 200 (231ms, 240710B)
[2026-06-07T02:19:07.981Z] GET https://site.web.api.espn.com/apis/personalized/v2/scoreboard/header?sport=basketball&league=nba&region=us&lang=en&contentorigin=espn&configuration=STREAM_MENU&platform=web&features=sfb-all%2Ccutl&buyWindow=1m&showAirings=buy%2Clive%2Creplay&showZipLookup=true&tz=America%2FNew_York&postalCode=100000&playabilitySource=playbackId → 200 (634ms, 15116B)
[2026-06-07T02:19:08.311Z] GET https://pm-widget.taboola.com/espn-network/load.js → 200 (1ms, 3174B)
[2026-06-07T02:19:08.311Z] POST https://trc.taboola.com/espnnetwork-espn/trc/3/json?llvl=2&tim=10%3A19%3A08.309&lti=default-trecs-3288-fix-served-sizes-reporting-on-explore-more-display-items_ctrl&pubit=n&t=1&data=%7B%22id%22%3A%2271010%22%2C%22sd%22%3A%22v2_2fa71d9e273704cdb260075ada07af38_f0100220-852a-412b-88a3-f1a27398fd2e-tuct111e5a58_1780798680_1780798700_CNawjgYQwqhJGKHy_v7pMyACKAEwMDjK_QdA9qAQSNru1gNQ4cIJWABgAGjc6tGZ9I2O2UJwAYABAIgBAJABAA%22%2C%22ui%22%3A%22f0100220-852a-412b-88a3-f1a27398fd2e-tuct111e5a58%22%2C%22ii%22%3A%22%2Fnba%2Fteam%2Fstats%2F_%2Fname%2Fsa%2F2%22%2C%22it%22%3A%22other%22%2C%22vi%22%3A1780798748309%2C%22cv%22%3A%2220260604-9-RELEASE%22%2C%22uiv%22%3A%22default%22%2C%22u%22%3A%22https%3A%2F%2Fwww.espn.com%2Fnba%2Fteam%2Fstats%2F_%2Fname%2Fsa%2F2%22%2C%22qs%22%3A%22%22%2C%22bv%22%3A%220%22%2C%22btv%22%3A%220%22%2C%22ul%22%3A%5B%22en-US%22%5D%2C%22cos%22%3A%224g%22%2C%22e%22%3A%22https%3A%2F%2Fwww.espn.com%2Fnba%2Fteam%2Fstats%2F_%2Fname%2Fny%2Fnew-york-knicks%22%2C%22bu%22%3A%22https%3A%2F%2Fwww.espn.com%2Fnba%2Fteam%2Fstats%2F_%2Fname%2Fsa%2Fsan-antonio-spurs%2Fseasontype%2F2%22%2C%22vpi%22%3A%22%2Fnba%2Fteam%2Fstats%2F_%2Fname%2Fsa%2Fsan-antonio-spurs%2Fseasontype%2F2%22%2C%22bad%22%3A-1%2C%22sw%22%3A1280%2C%22sh%22%3A720%2C%22bw%22%3A1280%2C%22bh%22%3A720%2C%22dw%22%3A1280%2C%22dh%22%3A2205%2C%22sde%22%3A%221.000%22%2C%22lt%22%3A%22default-trecs-3288-fix-served-sizes-reporting-on-explore-more-display-items_ctrl%22%2C%22nsid%22%3A%22espn-network%22%2C%22r%22%3A%5B%7B%22li%22%3A%22rbox-o2m%22%2C%22uip%22%3A%22below%20content%20-%20dead%20end%20-%20nba%22%2C%22orig_uip%22%3A%22below%20content%20-%20dead%20end%20-%20nba%22%2C%22s%22%3A3%2C%22uim%22%3A%22thumbnails-a%3Apub%3Despn-network%3Aabp%3D0%22%2C%22cd%22%3A2012.19%2C%22mw%22%3A1220%7D%5D%2C%22pev%22%3A%2231150%22%2C%22rtui%22%3A%22paqQSl9HbHdLZUl1eUg4bjN1SnZmaDZ0JTJCWE96cjhiZUJaS0xhclk5ZjZobVdZdkNmVkVnM1BKVnJSb3k2RFUlMkJyak1iQw%22%2C%22uad%22%3A%7B%22mobile%22%3Afalse%2C%22model%22%3A%22%22%2C%22platform%22%3A%22macOS%22%2C%22platformVersion%22%3A%2226.5.1%22%2C%22uaFullVersion%22%3A%22145.0.7632.6%22%7D%2C%22cacheKey%22%3A%22other%3D%2Fnba%2Fteam%2Fstats%2F_%2Fname%2Fsa%2F2%2Cbelow%20content%20-%20dead%20end%20-%20nba%3Dthumbnails-a%3Apub%3Despn-network%3Aabp%3D0%22%2C%22_cn%22%3A%22tions_1%22%2C%22lbt%22%3A1780584001285%2C%22uifp%22%3A%22f0100220-852a-412b-88a3-f1a27398fd2e-tuct111e5a58%22%2C%22wc%22%3Atrue%7D → 200 (257ms, 21831B)
[2026-06-07T02:19:08.312Z] GET https://pm-widget.taboola.com/espn-network/pmk-20220605.9.js → 200 (2ms, 85778B)
[2026-06-07T02:19:08.574Z] POST https://ty-trc-events.taboola.com/espnnetwork-espn/log/2/debug?type=warn&msg=adgb%20-%20not%20initialized.&lt=default-trecs-3288-fix-served-sizes-reporting-on-explore-more-display-items_ctrl&tvi48=28907&tvi50=30819&tim=10%3A19%3A08.573&id=23561&cv=20260604-9-RELEASE&llvl=2 → 204 (181ms, ?B)
[2026-06-07T02:19:08.574Z] POST https://ty-trc-events.taboola.com/espnnetwork-espn/log/3/abtests?route=TY%3ATY%3AV&lti=default-trecs-3288-fix-served-sizes-reporting-on-explore-more-display-items_ctrl&tvi48=28907&tvi50=30819&ri=53278a7a5d6613a950c2d258d54c3eba&sd=v2_2fa71d9e273704cdb260075ada07af38_f0100220-852a-412b-88a3-f1a27398fd2e-tuct111e5a58_1780798680_1780798748_CNawjgYQwqhJGJXtgf_pMyADKAEwMDjK_QdA9qAQSNru1gNQ4cIJWABgAGjc6tGZ9I2O2UJwAYABAIgBAJABAA&ui=f0100220-852a-412b-88a3-f1a27398fd2e-tuct111e5a58&pi=%2Fnba%2Fteam%2Fstats%2F_%2Fname%2Fsa%2F2&wi=-5964391259360058185&pt=other&vi=1780798748309&tim=10%3A19%3A08.573&id=48872&llvl=2&cv=20260604-9-RELEASE&d=%7B%22abTestsEventType%22%3A%22simple%22%2C%22name%22%3A%22traffic-type%22%2C%22type%22%3A%22default%22%2C%22eventTime%22%3A1780798748573%7D → 204 (186ms, ?B)
[2026-06-07T02:19:08.574Z] POST https://ty-trc-events.taboola.com/espnnetwork-espn/log/3/social?lti=default-trecs-3288-fix-served-sizes-reporting-on-explore-more-display-items_ctrl&ri=53278a7a5d6613a950c2d258d54c3eba&sd=v2_2fa71d9e273704cdb260075ada07af38_f0100220-852a-412b-88a3-f1a27398fd2e-tuct111e5a58_1780798680_1780798748_CNawjgYQwqhJGJXtgf_pMyADKAEwMDjK_QdA9qAQSNru1gNQ4cIJWABgAGjc6tGZ9I2O2UJwAYABAIgBAJABAA&ui=f0100220-852a-412b-88a3-f1a27398fd2e-tuct111e5a58&pi=%2Fnba%2Fteam%2Fstats%2F_%2Fname%2Fsa%2F2&wi=-5964391259360058185&pt=other&vi=1780798748309&st=social-available&d=%7B%22data%22%3A%5B%7B%22i%22%3A%22ctx%22%2C%22ism%22%3Afalse%2C%22srx%22%3A1280%2C%22sry%22%3A720%2C%22pd%22%3Anull%2C%22tpl%22%3A%22%22%2C%22url%22%3A%22https%3A%2F%2Fwww.espn.com%2Fnba%2Fteam%2Fstats%2F_%2Fname%2Fsa%2Fsan-antonio-spurs%2Fseasontype%2F2%22%2C%22rref%22%3A%22%22%2C%22sref%22%3A%22%22%2C%22hdl%22%3A%22San%20Antonio%20Spurs%202025-26%20NBA%20Postseason%20Stats%20-%20ESPN%22%2C%22sec%22%3A%22nba%22%2C%22aut%22%3A%5B%5D%2C%22img%22%3A%22https%3A%2F%2Fa.espncdn.com%2Fcombiner%2Fi%3Fimg%3D%2Fi%2Fteamlogos%2Fnba%2F500%2Fsa.png%22%2C%22v%22%3A15%2C%22pw%22%3Afalse%7D%5D%7D → 204 (186ms, ?B)
[2026-06-07T02:19:08.583Z] GET https://images.taboola.com/taboola/image/fetch/f_jpg%2Cq_auto%2Ch_256%2Cw_460%2Cc_fill%2Cg_faces:auto%2Ce_sharpen/https%3A//cdn.taboola.com/libtrc/static/thumbnails/d94882679da0cb0fe29465c742a947b4.jpg → 200 (1ms, 18362B)
[2026-06-07T02:19:08.583Z] GET https://images.taboola.com/taboola/image/fetch/c_crop%2Cf_jpg%2Cq_auto%2Ce_sharpen%2Car_1.7778%2Cw_1400%2Cx_0%2Cy_0/c_fill%2Cw_460%2Ch_256/https%3A//cdn.taboola.com/libtrc/static/thumbnails/299780529fdca8a3c6cc58b771adf79f.jpg → 200 (1ms, 11788B)
[2026-06-07T02:19:08.583Z] GET https://images.taboola.com/taboola/image/fetch/c_crop%2Cf_jpg%2Cq_auto%2Ce_sharpen%2Car_1.7778%2Cw_1536%2Cx_0%2Cy_0/c_fill%2Cw_460%2Ch_256/https%3A//cdn.taboola.com/libtrc/static/thumbnails/08cdd929ef428a5eea2f9cb95b9d6e73.png → 200 (1ms, 20548B)
[2026-06-07T02:19:08.583Z] GET https://images.taboola.com/taboola/image/fetch/c_crop%2Cf_jpg%2Cq_auto%2Ce_sharpen%2Car_1.7778%2Cw_1280%2Cx_0%2Cy_122/c_fill%2Cw_460%2Ch_256/https%3A//cdn.taboola.com/libtrc/static/thumbnails/cc87bdd71d1f0511581842698a2519f4.jpg → 200 (2ms, 23530B)
[2026-06-07T02:19:08.583Z] GET https://images.taboola.com/taboola/image/fetch/f_jpg%2Cq_auto%2Ch_256%2Cw_460%2Cc_fill%2Cg_faces:auto%2Ce_sharpen/https%3A//cdn.taboola.com/libtrc/static/thumbnails/e8fc873f2b8ec8c4dc009c61305d1b33.jpg → 200 (2ms, 15004B)
[2026-06-07T02:19:08.583Z] GET https://images.taboola.com/taboola/image/fetch/c_crop%2Cf_jpg%2Cq_auto%2Ce_sharpen%2Car_1.7778%2Cw_1280%2Cx_0%2Cy_0/c_fill%2Cw_460%2Ch_256/http%3A//cdn.taboola.com/libtrc/static/thumbnails/27f64b45b55c21b8886d554bddf738b4.png → 200 (2ms, 10726B)
[2026-06-07T02:19:08.618Z] GET https://cdn.taboola.com/static/91/9117a6d9-cbf1-4ea6-8caa-7461ce6554bc.gif → 200 (?ms, 3915B)
[2026-06-07T02:19:08.618Z] POST https://trc.taboola.com/espnnetwork-espn/trc/3/json?tvi48=28907&tvi50=30819&route=TY%3ATY%3AV&data=%7B%22sd%22%3A%22v2_2fa71d9e273704cdb260075ada07af38_f0100220-852a-412b-88a3-f1a27398fd2e-tuct111e5a58_1780798680_1780798748_CNawjgYQwqhJGJXtgf_pMyADKAEwMDjK_QdA9qAQSNru1gNQ4cIJWABgAGjc6tGZ9I2O2UJwAYABAIgBAJABAA%22%2C%22ui%22%3A%22f0100220-852a-412b-88a3-f1a27398fd2e-tuct111e5a58%22%2C%22uifp%22%3A%22f0100220-852a-412b-88a3-f1a27398fd2e-tuct111e5a58%22%2C%22id%22%3A%2232263%22%2C%22ii%22%3A%22%2Fnba%2Fteam%2Fstats%2F_%2Fname%2Fsa%2F2%22%2C%22it%22%3A%22other%22%2C%22vi%22%3A1780798748309%2C%22cv%22%3A%2220260604-9-RELEASE%22%2C%22uiv%22%3A%22default%22%2C%22u%22%3A%22https%3A%2F%2Fwww.espn.com%2Fnba%2Fteam%2Fstats%2F_%2Fname%2Fsa%2F2%22%2C%22qs%22%3A%22%22%2C%22bv%22%3A%220%22%2C%22btv%22%3A%220%22%2C%22ul%22%3A%5B%22en-US%22%5D%2C%22cos%22%3A%224g%22%2C%22e%22%3A%22https%3A%2F%2Fwww.espn.com%2Fnba%2Fteam%2Fstats%2F_%2Fname%2Fny%2Fnew-york-knicks%22%2C%22bu%22%3A%22https%3A%2F%2Fwww.espn.com%2Fnba%2Fteam%2Fstats%2F_%2Fname%2Fsa%2Fsan-antonio-spurs%2Fseasontype%2F2%22%2C%22vpi%22%3A%22%2Fnba%2Fteam%2Fstats%2F_%2Fname%2Fsa%2Fsan-antonio-spurs%2Fseasontype%2F2%22%2C%22bad%22%3A-1%2C%22sw%22%3A1280%2C%22sh%22%3A720%2C%22bw%22%3A1280%2C%22bh%22%3A720%2C%22dw%22%3A1280%2C%22dh%22%3A3360%2C%22sde%22%3A%221.000%22%2C%22lt%22%3A%22default-trecs-3288-fix-served-sizes-reporting-on-explore-more-display-items_ctrl%22%2C%22nsid%22%3A%22espn-network%22%2C%22r%22%3A%5B%7B%22li%22%3A%22rbox-o2m%22%2C%22uip%22%3A%22below%20content%20-%20dead%20end%20-%20nba%22%2C%22orig_uip%22%3A%22below%20content%20-%20dead%20end%20-%20nba%22%2C%22s%22%3A3%2C%22uim%22%3A%22thumbnails-a%3Apub%3Despn-network%3Aabp%3D0%22%2C%22cd%22%3A2012.19%2C%22mw%22%3A1220%2C%22fb%22%3A%222%22%2C%22fi%22%3A3%2C%22fti%22%3A%22delta-override%3A10778002%3APUBLISHED%22%7D%5D%2C%22pev%22%3A%2231150%22%2C%22rtui%22%3A%22paqQSl9HbHdLZUl1eUg4bjN1SnZmaDZ0JTJCWE96cjhiZUJaS0xhclk5ZjZobVdZdkNmVkVnM1BKVnJSb3k2RFUlMkJyak1iQw%22%2C%22plf%22%3A%7B%22stop_tslt%22%3Atrue%7D%2C%22uad%22%3A%7B%22mobile%22%3Afalse%2C%22model%22%3A%22%22%2C%22platform%22%3A%22macOS%22%2C%22platformVersion%22%3A%2226.5.1%22%2C%22uaFullVersion%22%3A%22145.0.7632.6%22%7D%2C%22cacheKey%22%3A%22other%3D%2Fnba%2Fteam%2Fstats%2F_%2Fname%2Fsa%2F2%2Cbelow%20content%20-%20dead%20end%20-%20nba%3Dthumbnails-a%3Apub%3Despn-network%3Aabp%3D0%22%2C%22_cn%22%3A%22tions_2%22%2C%22lbt%22%3A1780584001285%2C%22wc%22%3Atrue%7D&llvl=2&tim=10%3A19%3A08.617&lti=default-trecs-3288-fix-served-sizes-reporting-on-explore-more-display-items_ctrl&pubit=n&t=1 → pending (?ms, ?B)
[2026-06-07T02:19:08.626Z] GET https://dcf.espn.com/TWDC-DTCI/prod/serverComponent.php?namespace=Bootstrapper&staticJsPath=/TWDC-DTCI/prod/code/&ClientID=2750&PageID=https%3A%2F%2Fwww.espn.com%2Fnba%2Fteam%2Fstats%2F_%2Fname%2Fsa%2Fsan-antonio-spurs%2Fseasontype%2F2%3Fcds%3Dn%26country%3Dcn%26region%3Dunknown%26gpc%3Dxx%26shouldFire%3Dy%26nAsyncNgeo%3Dn%26portal%3Dsports%26site%3Despn%26siteRegion%3D%26realHost%3Dwww.espn.com%26kpTlium%3Dn%26eventStep%3Dnon-ecom&custDomain=dcf.espn.com → 200 (100ms, 1244B)
[2026-06-07T02:19:08.727Z] GET https://dcf.espn.com/TWDC-DTCI/prod/code/af7ee5626c21da6c1657c4e60d439f3a.js?conditionId0=4958322 → 200 (5ms, 163356B)
[2026-06-07T02:19:08.727Z] GET https://dcf.espn.com/TWDC-DTCI/prod/code/180c898d38bbecdb99928e5c3de8f957.js?conditionId0=4956281 → 200 (11ms, 460603B)
[2026-06-07T02:19:08.727Z] GET https://dcf.espn.com/TWDC-DTCI/prod/code/470fe3f257ba2b027af1f8f93cc9b7b0.js?conditionId0=4872138 → 200 (3ms, 11213B)
[2026-06-07T02:19:08.727Z] GET https://dcf.espn.com/TWDC-DTCI/prod/code/be63887d6787664f1642b46ddff33cd2.js?conditionId0=4905158 → 200 (4ms, 10448B)
[2026-06-07T02:19:08.727Z] GET https://dcf.espn.com/TWDC-DTCI/prod/code/98b259aabe7f900db4b0febb129ef3b8.js?conditionId0=4884623 → 200 (4ms, 527B)
[2026-06-07T02:19:08.727Z] GET https://dcf.espn.com/TWDC-DTCI/prod/code/6017163b9f256b1e7b756a2a3ece8e17.js?conditionId0=4905158 → 200 (5ms, 1941B)
[2026-06-07T02:19:08.727Z] GET https://dcf.espn.com/TWDC-DTCI/prod/code/1d862b4a3b308eadcaea9760fc12172a.js?conditionId0=4958322 → 200 (5ms, 16393B)
[2026-06-07T02:19:08.727Z] GET https://dcf.espn.com/TWDC-DTCI/prod/code/b09d9ba996da0be696938685746e77eb.js?conditionId0=4956281 → 200 (8ms, 1769B)
[2026-06-07T02:19:08.727Z] GET https://dcf.espn.com/TWDC-DTCI/prod/code/d2d30fa54de287bb14a60179ecd6825f.js?conditionId0=4872138 → 200 (9ms, 9725B)
[2026-06-07T02:19:08.727Z] GET https://dcf.espn.com/TWDC-DTCI/prod/code/046b6b803e16c78a2d2beaddb46a1708.js?conditionId0=4871166 → 200 (9ms, 2844B)
[2026-06-07T02:19:08.728Z] GET https://dcf.espn.com/TWDC-DTCI/prod/code/4b9e17bb02fac4afac0692b5296ed87e.js?conditionId0=4871166 → 200 (8ms, 2285B)
[2026-06-07T02:19:08.730Z] GET https://secure.espn.com/js/dcf/tags/vision/latest/vision-media.js → 200 (8ms, 45821B)
[2026-06-07T02:19:08.731Z] GET https://sb.scorecardresearch.com/cs/3000005/beacon.js → pending (?ms, ?B)
[2026-06-07T02:19:08.732Z] GET https://d.impactradius-event.com/A1323623-ff1f-47da-bf87-01a65620c9c91.js → 200 (6ms, 59328B)
[2026-06-07T02:19:08.737Z] GET https://static.chartbeat.com/js/chartbeat_video.js → 200 (3ms, 74182B)
[2026-06-07T02:19:08.738Z] GET https://cdn-gl.imrworldwide.com/conf/P07264C85-15CD-4A80-8E56-B5BFA6D93296.js → 200 (2ms, 28756B)
[2026-06-07T02:19:08.738Z] GET https://cdn.parsely.com/keys/espn.com/p.js → 200 (2ms, 60243B)
[2026-06-07T02:19:08.744Z] GET https://a.espncdn.com/combiner/i?img=/i/teamlogos/nba/500/scoreboard/sa.png&w=32&h=32&scale=crop&cquality=40&location=origin → 200 (2ms, 1338B)
[2026-06-07T02:19:08.744Z] GET https://a.espncdn.com/combiner/i?img=/i/teamlogos/nba/500/scoreboard/ny.png&w=32&h=32&scale=crop&cquality=40&location=origin → 200 (2ms, 1657B)
[2026-06-07T02:19:08.747Z] POST https://go.web.plus.espn.com/cur/9070 → pending (?ms, ?B)
[2026-06-07T02:19:08.748Z] GET https://cdn-gl.imrworldwide.com/novms/js/2/nlsSDK600.bundle.min.js → 200 (5ms, 285716B)
[2026-06-07T02:19:08.753Z] GET https://pespn.chartbeat.net/ping?h=espn.com&p=%2Fnba%2Fteam%2Fstats%2F_%2Fname%2Fsa%2Fsan-antonio-spurs%2Fseasontype%2F2&u=BgdCSLBFrErGCzLBHt&d=espn.com&g=22222&g0=nba&g1=stats&n=1&f=00001&c=0&x=0&m=0&y=3360&o=1280&w=720&j=45&R=1&W=0&I=0&E=0&e=0&r=&PA=https%3A%2F%2Fwww.espn.com%2Fnba%2Fteam%2Fstats%2F_%2Fname%2Fsa%2Fsan-antonio-spurs%2Fseasontype%2F2&b=1303&t=XSFBD5Dt7MCJanTaBS-BFyCA-JEr&V=151&z=t%3DD7_ywZCshnshLblBaDbJqnUBSvqYN%26E%3D5%26x%3D0%26c%3D0.78%26y%3D3113%26w%3D720&i=San%20Antonio%20Spurs%202025-26%20NBA%20Postseason%20Stats&tz=-480&sn=1&sv=BwXIctCbk9iOCIerLRBVMEezDmuCmz&sr=external&sd=1&im=06632cf3&_ → pending (?ms, ?B)
[2026-06-07T02:19:08.755Z] GET https://p1.parsely.com/px/?rand=1780798748754&plid=4ba10f95-20ad-43d8-820c-c8e8d2ff6d8d&idsite=espn.com&url=https%3A%2F%2Fwww.espn.com%2Fnba%2Fteam%2Fstats%2F_%2Fname%2Fsa%2Fsan-antonio-spurs%2Fseasontype%2F2&urlref=&screen=1280x720%7C1280x720%7C24&data=%7B%7D&sid=1&surl=https%3A%2F%2Fwww.espn.com%2Fnba%2Fteam%2Fstats%2F_%2Fname%2Fsa%2Fsan-antonio-spurs&sref=&sts=1780798683783&slts=0&title=San+Antonio+Spurs+2025-26+NBA+Postseason+Stats+-+ESPN&date=Sun+Jun+07+2026+10%3A19%3A08+GMT%2B0800+(China+Standard+Time)&action=pageview&metadata=%7B%22title%22%3A%22San+Antonio+Spurs+2025-26+NBA+Postseason+Stats+-+ESPN%22%2C%22link%22%3A%22https%3A%2F%2Fwww.espn.com%2Fnba%2Fteam%2Fstats%2F_%2Fname%2Fsa%2Fsan-antonio-spurs%2Fseasontype%2F2%22%2C%22page_type%22%3A%22index%22%2C%22section%22%3A%22nba%22%7D&js=1&pvid=4e712aad-70c1-4b96-bbc6-c7f2776cadf5&u=pid%3D548a9c48-1fbf-45f2-9c64-a2e84c5ce1ea → pending (?ms, ?B)
[2026-06-07T02:19:08.757Z] GET blob:https://www.espn.com/ad8fbf09-2f83-4145-b6a4-0bc4b492ed9b → 200 (4ms, 192B)
[2026-06-07T02:19:08.759Z] GET https://cdn-gl.imrworldwide.com/novms/html/ls.html → 200 (?ms, 12185B)
[2026-06-07T02:19:08.764Z] GET https://secure-sdk.imrworldwide.com/cgi-bin/gn?prd=session&c9=devid,&c13=asid,P07264C85-15CD-4A80-8E56-B5BFA6D93296&sessionId=aeux7t19fxr96nkq4oys8pdc1cae61780798748&c16=sdkv,bj.6.0.0&uoo=&fp_id=bvjx3iby8ivz36wlzzvtmisuy8rbt1780798683&fp_cr_tm=1780798683802&fp_acc_tm=1780798699973&fp_emm_tm=1780798699977&ve_id=&c30=bldv,6.0.0.748&uid2=&uid2_token=&hem_sha256=&hem_sha1=&hem_md5=&hem_unknown=&sdd=&retry=0 → pending (?ms, ?B)
[2026-06-07T02:19:08.764Z] GET https://loadus.exelator.com/getid?p=1480&g=1&j=0&asid=P07264C85-15CD-4A80-8E56-B5BFA6D93296 → pending (?ms, ?B)
[2026-06-07T02:19:08.764Z] GET https://thrtle.com/insync?vxii_pid=10071&vxii_pdid=1d684aa0-6217-11f1-8489-43c127160ea6 → pending (?ms, ?B)
[2026-06-07T02:19:08.764Z] GET https://aeux7t19fxr96nkq4oys8pdc1cae61780798748.nuid.imrworldwide.com/ → pending (?ms, ?B)
[2026-06-07T02:19:08.838Z] POST https://sw88.espn.com/b/ss/wdgespcom,wdgespge/1/JS-2.27.0/s89195523326141?AQB=1&ndh=1&pf=1&t=7%2F5%2F2026%2010%3A19%3A8%200%20-480&mid=25101326007792372344309697180452091661&aamlh=11&ce=UTF-8&ns=espn&pageName=espn%3Anba%3Ateam%3Astats&g=https%3A%2F%2Fwww.espn.com%2Fnba%2Fteam%2Fstats%2F_%2Fname%2Fsa%2Fsan-antonio-spurs%2Fseasontype%2F2&c.&accessmethod=no&ad_blocker=no&affiliate_name=not%20authenticated&adsanalyticsblocked=no&auto_start=no&betaccountlinked=no&clientsidetest=wpnx-web-espn-gamecast-in-watch%3Aenabled%3A1%2Cwpnx-espn-bbd-streamcenter-cutl%3AisEnabled%3A2%2Cwpnx-espn-bbd-sc4u-side-nav-prod%3Acontrol%3A1%2Cwpnx-bbd-espn-autoplay-v2%3Acontrol%3A1%2Cwpnx-espn-android-scores-type-ramp%3Acontrol%3A1%2Cwpnx-espn-bbd-sc4u-side-nav%3Acontrol%3A1&content_type=stats&country=us&dssid=a806a699-ca34-49e2-bf37-eeb4970e51a1%2C42f469c0-6217-11f1-845d-d6089c83a1c9&dsdeviceid=a806a699-ca34-49e2-bf37-eeb4970e51a1&dssessionid=42f469c0-6217-11f1-845d-d6089c83a1c9&edition=en-us&entitlements=no%20entitlements&hasfantasy=no&has_favorites=no&has_notifications=no&hidebetting=false&language=en_us&league=nba&leaguemanager=no&login_status=anonymous&orientation=desktop&page_infrastructure=fitt&page_name=espn%3Anba%3Ateam%3Astats&page_url=https%3A%2F%2Fwww.espn.com%2Fnba%2Fteam%2Fstats%2F_%2Fname%2Fsa%2Fsan-antonio-spurs%2Fseasontype%2F2&paywallshown=no&prev_page=espn%3Anba%3Ateam%3Astats&privacystate=GPC%3AOptIn&section1=nba&site=espn&sport=basketball&swid=65CADD94-86DD-42C7-C200-34A22ED228D3&teamname=San%20Antonio%20Spurs&tveauthenticated=no&ssotveauthenticated=no&isptveauthenticated=no&isWholesaleUser=no&isMVPDWholesaleUser=no&videoAutoplayTilePresent=no&videoAutoplayTileCount=0&videoHeaderPresent=no&videoHeaderAutoplayPresent=no&wholesaleUserProvider=no%20provider&.c&server=espn&aamb=6G1ynYcLPuiQxYZrsz_pkqfLG9yMXBpb2zX5dvJdYQJzPXImdj0y&s=1280x720&c=24&j=1.6&v=N&k=Y&bw=1280&bh=720&mcorgid=EE0201AC512D2BE80A490D4C%40AdobeOrg&AQE=1 → 200 (265ms, 55B)
[2026-06-07T02:19:08.841Z] POST https://vision.fn-pz.com/v3/event → 202 (217ms, ?B)
[2026-06-07T02:19:08.841Z] POST https://vision.fn-pz.com/v3/event → 202 (217ms, ?B)
[2026-06-07T02:19:08.841Z] POST https://vision.fn-pz.com/v3/event → 202 (213ms, ?B)
[2026-06-07T02:19:08.899Z] GET https://images.taboola.com/taboola/image/fetch/f_jpg%2Cq_auto%2Ch_256%2Cw_460%2Cc_fill%2Cg_faces:auto%2Ce_sharpen/https%3A//cdn.taboola.com/libtrc/static/thumbnails/5058cf7ffc41dff5e1bc586a4d56ef9f.jpg → 200 (2ms, 38814B)
[2026-06-07T02:19:08.937Z] GET https://www.googletagservices.com/tag/js/gpt.js?network-code=21783347309 → 200 (3ms, 112772B)
[2026-06-07T02:19:08.937Z] GET https://secure.espncdn.com/prod/scripts/prebid8.26.0.js → 200 (8ms, 340582B)
[2026-06-07T02:19:08.944Z] GET https://securepubads.g.doubleclick.net/pagead/managed/js/gpt/m202606020101/pubads_impl.js?cb=31098954 → 200 (11ms, 615842B)
[2026-06-07T02:19:08.949Z] GET https://securepubads.g.doubleclick.net/pagead/managed/dict/m202606040101/gpt → 200 (?ms, 64902B)
[2026-06-07T02:19:08.968Z] POST https://ib.adnxs.com/ut/v3/prebid → pending (?ms, ?B)
[2026-06-07T02:19:08.969Z] GET https://fastlane.rubiconproject.com/a/api/fastlane.json?account_id=13042&site_id=92444&zone_id=435334&size_id=2&alt_size_ids=57&rf=https%3A%2F%2Fwww.espn.com%2Fnba%2Fteam%2Fstats%2F_%2Fname%2Fsa%2Fsan-antonio-spurs%2Fseasontype%2F2&tg_i.domain=espn.com&tg_i.page=https%3A%2F%2Fwww.espn.com%2Fnba%2Fteam%2Fstats%2F_%2Fname%2Fsa%2Fsan-antonio-spurs%2Fseasontype%2F2&tg_i.pbadslot=%2F21783347309%2Fespn.com%2Fnba%2Fteam%2Fstats&tk_flint=pbjs_lite_v8.26.0&l_pb_bid_id=1051931664a2831&p_screen_res=1280x720&rp_secure=1&rp_maxbids=1&p_gpid=%2F21783347309%2Fespn.com%2Fnba%2Fteam%2Fstats&m_ch_ua=%22Not%3AA-Brand%22%7Cv%3D%2299%22%2C%22HeadlessChrome%22%7Cv%3D%22145%22%2C%22Chromium%22%7Cv%3D%22145%22&m_ch_full_ver=%22Not%3AA-Brand%22%7Cv%3D%2299%22%2C%22HeadlessChrome%22%7Cv%3D%22145%22%2C%22Chromium%22%7Cv%3D%22145%22&m_ch_mobile=%3F0&m_ch_platform=macOS&slots=1&rand=0.3279900930813622 → pending (?ms, ?B)
[2026-06-07T02:19:08.970Z] GET https://fundingchoicesmessages.google.com/i/21783347309?ers=3 → 200 (117ms, 22993B)
[2026-06-07T02:19:09.015Z] GET https://sb.scorecardresearch.com/internal-cs/default/beacon.js → 200 (?ms, 21373B)
[2026-06-07T02:19:09.016Z] GET https://sb.scorecardresearch.com/b?c1=2&c2=3000005&cs_it=b1&cv=4.13.1%2B2508250908&ns__t=1780798749015&ns_c=UTF-8&cs_cfg=1101110&c7=https%3A%2F%2Fwww.espn.com%2Fnba%2Fteam%2Fstats%2F_%2Fname%2Fsa%2Fsan-antonio-spurs%2Fseasontype%2F2&c8=San%20Antonio%20Spurs%202025-26%20NBA%20Postseason%20Stats%20-%20ESPN&c9= → 204 (283ms, ?B)
[2026-06-07T02:19:09.092Z] GET https://ep1.adtrafficquality.google/getconfig/sodar?sv=200&tid=gpt&tv=m202606020101&st=env&sjk=5227987195731952 → 200 (92ms, 17842B)
[2026-06-07T02:19:09.101Z] GET https://securepubads.g.doubleclick.net/gampad/ads?pvsid=5227987195731952&correlator=564736875193927&hxva=1&scor=3744765790065006&eid=31098954&output=ldjh&gdfp_req=1&vrg=202606020101&ptt=17&impl=fifs&iu_parts=21783347309%2Cespn.com%2Cnba%2Cteam%2Cstats&enc_prev_ius=%2F0%2F1%2F2%2F3%2F4%2C%2F0%2F1%2F2%2F3%2F4&prev_iu_szs=1x2%2C1x1&ifi=1&didk=841683943~4030401799&dids=ad-slot-exclusions-424378~ad-slot-overlay-628283&adfs=446113323~1513535177&sfv=1-0-45&ists=1&eri=1&sc=1&lrm=100&cookie=ID%3D326ef29c6fe295d1%3AT%3D1780798684%3ART%3D1780798684%3AS%3DALNI_MbuNg1CHPk4-XBA2bEaSXHOnjIR-A&gpic=UID%3D000014476c1fb61d%3AT%3D1780798684%3ART%3D1780798684%3AS%3DALNI_MZ87n0tOZ4JypTPEOhZ9EM8Ibt3Pw&abxe=1&dt=1780798749094&lmt=1780799046&adxs=0%2C0&adys=109%2C0&biw=1280&bih=720&scr_x=0&scr_y=0&btvi=0%7C0&ucis=1%7C2&oid=2&u_his=5&u_h=720&u_w=1280&u_ah=720&u_aw=1280&u_cd=24&u_sd=1&u_tz=480&dmc=8&bc=31&nvt=1&uach=WyJtYWNPUyIsIjI2LjUuMSIsImFybSIsIiIsIjE0NS4wLjc2MzIuNiIsbnVsbCwwLG51bGwsIjY0IixbWyJOb3Q6QS1CcmFuZCIsIjk5LjAuMC4wIl0sWyJIZWFkbGVzc0Nocm9tZSIsIjE0NS4wLjc2MzIuNiJdLFsiQ2hyb21pdW0iLCIxNDUuMC43NjMyLjYiXV0sMF0.&url=https%3A%2F%2Fwww.espn.com%2Fnba%2Fteam%2Fstats%2F_%2Fname%2Fsa%2Fsan-antonio-spurs%2Fseasontype%2F2&vis=1&psz=1280x0%7C1280x-1&msz=1280x0%7C1280x-1&fws=0%2C512&ohw=0%2C0&dlt=1780798746760&idt=2196&ppid=65CADD94-86DD-42C7-C200-34A22ED228D3&prev_scp=pos%3Dexclusions%7CslotId%3Dad-slot-overlay-628283%26pos%3Doutofpage&cust_params=pgtyp%3Dstats%26sp%3Dnba%26ed%3Dus%26lang%3Den%26tm%3Dsa%26league%3Dnba%26darkmode%3Dfalse%26ajx_url%3Dhttps%253A%252F%252Fwww.espn.com%252Fnba%252Fteam%252Fstats%252F_%252Fname%252Fsa%252F2%26mnr%3Df%26swid%3D65CADD94-86DD-42C7-C200-34A22ED228D3%26d_us_privacy%3D%26hip%3Dfbd007c8098451fee9ec27d9210f016957b077d490f991bbd60c6dfa4e0149fd%26inskin_yes%3Dno%26prof%3Dxl&adks=989931784%2C3970748825&frm=20&eo_id_str=ID%3D109055eb94a22d5f%3AT%3D1780798684%3ART%3D1780798684%3AS%3DAA-AfjYk-jrqmaBHDjDtBGCMJGLB&pgls=CAk. → 200 (92ms, 9180B)
[2026-06-07T02:19:09.103Z] GET https://371c0f0b41d83fc39cd370a9b2bb5ce2.safeframe.googlesyndication.com/safeframe/1-0-45/html/container.html → 200 (366ms, 7404B)
[2026-06-07T02:19:09.192Z] GET https://ep2.adtrafficquality.google/sodar/sodar2.js → 200 (1ms, 21535B)
[2026-06-07T02:19:09.197Z] GET https://ep2.adtrafficquality.google/sodar/sodar2/254/runner.html → 200 (?ms, 14627B)
[2026-06-07T02:19:09.197Z] GET https://www.google.com/recaptcha/api2/aframe → 200 (1ms, 829B)
[2026-06-07T02:19:09.209Z] GET https://secure.espncdn.com/ad/doubleclick/hanfordCap.js → 200 (?ms, 499B)
[2026-06-07T02:19:09.209Z] GET https://www.googletagmanager.com/gtag/js?id=AW-817714641 → 200 (13ms, 430546B)
[2026-06-07T02:19:09.209Z] GET https://pagead2.googlesyndication.com/pagead/sodar?id=sodar2&v=254&li=gpt_m202606020101&jk=5227987195731952&rc=null → 204 (90ms, ?B)
[2026-06-07T02:19:09.209Z] GET https://pagead2.googlesyndication.com/bg/WTjLr0YvkDEeF5MTTn-f2BbM6vD8FMWGIAlvuf4NS9g.js → 200 (2ms, 57596B)
[2026-06-07T02:19:09.230Z] GET https://googleads.g.doubleclick.net/pagead/viewthroughconversion/817714641/?random=1780798749226&cv=11&fst=1780798749226&bg=ffffff&guid=ON&async=1&en=gtag.config&gtm=45be6631v9100158892za200zd9100158892xec&gcd=13l3l3l3l1l1&dma=0&tag_exp=0~115938466~115938469~118228215~119027224&u_w=1280&u_h=720&url=https%3A%2F%2Fwww.espn.com%2Fnba%2Fteam%2Fstats%2F_%2Fname%2Fsa%2Fsan-antonio-spurs%2Fseasontype%2F2&ref=https%3A%2F%2Fwww.espn.com%2Fnba%2Fteam%2Fstats%2F_%2Fname%2Fsa%2Fsan-antonio-spurs%2Fseasontype%2F2&rcb=11&frm=1&hn=www.googleadservices.com&npa=0&pscdl=noapi&auid=1785555222.1780798684&uaa=arm&uab=64&uafvl=Not%253AA-Brand%3B99.0.0.0%7CHeadlessChrome%3B145.0.7632.6%7CChromium%3B145.0.7632.6&uamb=0&uam=&uap=macOS&uapv=26.5.1&uaw=0&data=event%3Dgtag.config&ept=9&rfmt=3&fmt=4 → 200 (93ms, 43B)
[2026-06-07T02:19:09.230Z] POST https://www.google.com/rmkt/collect/817714641/?random=1780798749226&cv=11&fst=1780798749226&fmt=8&bg=ffffff&guid=ON&async=1&en=gtag.config&gtm=45be6631v9100158892za200zd9100158892xec&gcd=13l3l3l3l1l1&dma=0&tag_exp=0~115938466~115938469~118228215~119027224&u_w=1280&u_h=720&url=https%3A%2F%2Fwww.espn.com%2Fnba%2Fteam%2Fstats%2F_%2Fname%2Fsa%2Fsan-antonio-spurs%2Fseasontype%2F2&ref=https%3A%2F%2Fwww.espn.com%2Fnba%2Fteam%2Fstats%2F_%2Fname%2Fsa%2Fsan-antonio-spurs%2Fseasontype%2F2&rcb=11&frm=1&hn=www.googleadservices.com&npa=0&pscdl=noapi&auid=1785555222.1780798684&uaa=arm&uab=64&uafvl=Not%253AA-Brand%3B99.0.0.0%7CHeadlessChrome%3B145.0.7632.6%7CChromium%3B145.0.7632.6&uamb=0&uam=&uap=macOS&uapv=26.5.1&uaw=0&data=event%3Dgtag.config&ept=68&gcp=5 → 200 (77ms, ?B)
[2026-06-07T02:19:09.230Z] POST https://www.google.com/ccm/collect?rcb=11&frm=1&auid=1785555222.1780798684&en=page_view&dr=www.espn.com&dl=https%3A%2F%2Fwww.espn.com%2Fnba%2Fteam%2Fstats%2F_%2Fname%2Fsa%2Fsan-antonio-spurs%2Fseasontype%2F2&scrsrc=www.googletagmanager.com&rnd=1340772758.1780798749&navt=n&npa=0&gtm=45be6631v9100158892za200zd9100158892xec&gcd=13l3l3l3l1l1&dma=0&tag_exp=0~115938466~115938469~118228215~119027224&apve=1&apvf=f&apvc=1&tids=AW-817714641&tid=AW-817714641&tft=1780798749230&tfd=24 → 200 (77ms, ?B)
[2026-06-07T02:19:09.250Z] GET https://ep2.adtrafficquality.google/generate_204?1ucyvg → 204 (54ms, ?B)
[2026-06-07T02:19:09.563Z] GET https://load77.exelator.com/pixel.gif → pending (?ms, ?B)
[2026-06-07T02:19:09.584Z] POST https://trc.taboola.com/espnnetwork-espn/log/3/bulk?route=TY%3ATY%3AV&lti=default-trecs-3288-fix-served-sizes-reporting-on-explore-more-display-items_ctrl&tvi48=28907&tvi50=30819&cv=20260604-9-RELEASE&bulkSize=3 → 204 (207ms, ?B)
[2026-06-07T02:19:09.590Z] GET https://cdn.taboola.com/libtrc/static/thumbnails/f539211219b796ffbb49949997c764f0.png → 200 (?ms, 254B)
[2026-06-07T02:19:09.758Z] GET https://ep1.adtrafficquality.google/pagead/sodar?id=sodar2&v=254&t=2&li=gpt_m202606020101&jk=5227987195731952&bg=!bW6lbgzNAAYVyLrKNcg7AEcBe5WfOH9gnmLwiwxBd6aV1-5K2jq4AD8ifWUu-BN9smbpUu0F3KhVv-RVcsLEUhz7mqr8nE0CcAtoe28laRx_XqhDZOFowgIAAAAiUgAAAAJoAQd-ADYMJxiVbpX5NbhCHb0SrVE7SIXpxUvRxzb2WG1TXu65_jV1fpFPF_-lRtvJUjlJ13AdQ0UNmU4KAIiWfsFTHfVG0g_HdY0rFLyy5JE8g7lCZvBqjjCtmIjbUHPJGzXAQlScB8iAUXv6fHhq-YFbtG90sgZ9d7nmKcc_fOXGj2Z0bgCBN3Z6hjCQG2L38iB9Hnkc4TQxkHFYKEHsOd2M8rUttX9Y8R1xBPICBkjaTpoAFa9QADCtccNQ-jN68x8_10XtmQIvCYPXk3MjJ9Hp1at0oilNG-AO6IRG74b3XMYDA0KVLyVLSpC0Bkgo6jsW_Qy1bIoZ-EDErssWV1NmcAtjKSWWdSMhLy68ORgEautbHL9MuNjCDkMRai-bYEFF3xHBtw7UrdjginUxeO4WfOpfyB2sr-BQnLItbPYhUAisYYdiFV1Fr5ubgdOHkImwQYD_1yOP2IBMTyocRyj_J0Zx6SSP2rs8SvhSkVRnYoEolcUzX6lM5NpEsDloBIGbNcURpkWrqWRpmjTzfvlODyQDFQ1JvQXAcYxqYWA-QsBBbVhguIMSZ6wSh3h2yheeGcTsZeA4-VkihbpJM3U-5XPTrrcWWWs8bwsTJRqWK5bCTwBFqdVnXeTHAo8YlqhJDTrwYrDWHbkcLPL0gZAYDmUnGbF0uxJOJOMIVgQZcpIo9d7OwxyMLHME4MuKQL_qt8liohOXLELw6stq_t-nKqgT9B9SXtlFCvhHS9JPNlB2g79p4ZDuBZK38MMd45wwVeBWqf1SwH9x4r44diMtxO4ak5zlT9ZNPp2PIc8GI3dnXw1-lXFXwjSBvNl2tSvr8FoWH05PO4stDfKa9iA2_cp18hYuwBw3gE0lQ1Ss02BQK2PrE6BOGWR1LhlEAFxVSROKy9dTS62jtj0wat-u2WrDWJeQayEGG0H1yVK7xm-O7kwiYBb5Qune17HtTj_L3YHKOY1ocOYKGN2YG0J_Ho18E0fBmjwPtGNeqxwIfuxZaXWoWQ → pending (?ms, ?B)
[2026-06-07T02:19:09.976Z] GET https://securepubads.g.doubleclick.net/gampad/ads?pvsid=5227987195731952&correlator=1850925331937828&hxva=1&scor=3744765790065006&eid=31098954&output=ldjh&gdfp_req=1&vrg=202606020101&ptt=17&impl=fifs&iu_parts=21783347309%2Cespn.com%2Cnba%2Cteam%2Cstats&enc_prev_ius=%2F0%2F1%2F2%2F3%2F4%2C%2F0%2F1%2F2%2F3%2F4%2C%2F0%2F1%2F2%2F3%2F4&prev_iu_szs=1680x1050%2C1x2%2C1280x100%7C970x250%7C728x90&ifi=3&didk=280594401~841683943~1542657812&dids=ad-slot-wallpaper-360871~ad-slot-exclusions-424378~ad-slot-banner-561745&adfs=2280671675~446113323~93043707&sfv=1-0-45&rcs=0%2C1%2C0&eri=1&sc=1&lrm=100&cookie=ID%3D326ef29c6fe295d1%3AT%3D1780798684%3ART%3D1780798684%3AS%3DALNI_MbuNg1CHPk4-XBA2bEaSXHOnjIR-A&gpic=UID%3D000014476c1fb61d%3AT%3D1780798684%3ART%3D1780798684%3AS%3DALNI_MZ87n0tOZ4JypTPEOhZ9EM8Ibt3Pw&abxe=1&dt=1780798749965&lmt=1780799046&adxs=0%2C0%2C0&adys=109%2C109%2C302&biw=1280&bih=720&scr_x=0&scr_y=0&btvi=0%7C0%7C0&ucis=3%7C1%7C4&oid=2&u_his=5&u_h=720&u_w=1280&u_ah=720&u_aw=1280&u_cd=24&u_sd=1&u_tz=480&dmc=8&bc=31&nvt=1&uach=WyJtYWNPUyIsIjI2LjUuMSIsImFybSIsIiIsIjE0NS4wLjc2MzIuNiIsbnVsbCwwLG51bGwsIjY0IixbWyJOb3Q6QS1CcmFuZCIsIjk5LjAuMC4wIl0sWyJIZWFkbGVzc0Nocm9tZSIsIjE0NS4wLjc2MzIuNiJdLFsiQ2hyb21pdW0iLCIxNDUuMC43NjMyLjYiXV0sMF0.&url=https%3A%2F%2Fwww.espn.com%2Fnba%2Fteam%2Fstats%2F_%2Fname%2Fsa%2Fsan-antonio-spurs%2Fseasontype%2F2&vis=1&psz=1280x0%7C1280x0%7C1280x100&msz=1680x0%7C0x0%7C1280x100&fws=640%2C128%2C0&ohw=0%2C0%2C0&psts=AOrYGskqHCy1w-UFrzJ6UYfAljgJndltiuB_QpBYmvm5eHybRsdkjNWt_HqTLepL2M3eN4rrqYhWLHLxUX1-KCpcdPDU68ARXoL6kFAaO91hWHJgOaxhnGVc3dBXh0A5gt92ItKfv-JQzxnFujepB30&dlt=1780798746760&idt=2196&ppid=65CADD94-86DD-42C7-C200-34A22ED228D3&prev_scp=pos%3Dwallpaper%7Cpos%3Dexclusions%7Cpos%3Dbanner&cust_params=pgtyp%3Dstats%26sp%3Dnba%26ed%3Dus%26lang%3Den%26tm%3Dsa%26league%3Dnba%26darkmode%3Dfalse%26ajx_url%3Dhttps%253A%252F%252Fwww.espn.com%252Fnba%252Fteam%252Fstats%252F_%252Fname%252Fsa%252F2%26mnr%3Df%26swid%3D65CADD94-86DD-42C7-C200-34A22ED228D3%26d_us_privacy%3D%26hip%3Dfbd007c8098451fee9ec27d9210f016957b077d490f991bbd60c6dfa4e0149fd%26inskin_yes%3Dno%26prof%3Dxl&adks=2551559103%2C989931784%2C4291686389&frm=20&eo_id_str=ID%3D109055eb94a22d5f%3AT%3D1780798684%3ART%3D1780798684%3AS%3DAA-AfjYk-jrqmaBHDjDtBGCMJGLB&gblpids=%2F21783347309%2Fespn.com%2Fnba%2Fteam%2Fstats~%2F21783347309%2Fespn.com%2Fnba%2Fteam%2Fstats~%2F21783347309%2Fespn.com%2Fnba%2Fteam%2Fstats&pb_szs=970x250%7C728x90~970x250%7C728x90~970x250%7C728x90&pgls=CAk. → 200 (187ms, 29753B)
[2026-06-07T02:19:10.170Z] GET https://securepubads.g.doubleclick.net/pcs/view?xai=AKAOjstRBK0mvaLNPA4XgkYXvn3tXODUUNhEtyzph15VIfaEalnOVXZs4VN5rLWZXl3fFFLRKcoFWvgcy2pZB5Fv0sHkTxBlzYp7Q0EIMI-e2OryoqtEsUGw5PuaKnfMYB9tgm0VX9UY0iKEOMOeQy2_srkWU0KrzS2GEMw0uYpFCH5ajvzXFIVtVf5vfWMbGnMRT-GMXKkldl4k23rIG5cBkJMjPhn7FeuR2sEvmmnsthDDI0Rdu7359iT_L0tSOk1TNXzbNJXSUm7KZDlb-IMLb_7JrfkyxRBFVz1RIoLJBKB5jj-29b1LcKiuyMzuFXqunbK0lbyFIwXU4VR4_eiJst_g4iMEjZprilvHLqfekJMyR4_9xAA-xpVC-gnK372BXtZi_-VoLFmGZh-llVOlEf8wgsBKasstoBHQjU9hd5ql-2FYK17iHEy7_YT_QT9S9ZvbVhC9PXqmdEgV3CceGpWpsg&sai=AMfl-YQ9vJWbhyNTyo-FuB6NOGLMMamZKgjUj2CZosnoyJJCNRsumgtNxskEC8CBBnxPLZ8hc0YfaMbQ2nIeAdd35J7QspG0l6BgpVZum_mz_yXQe5WpwmVVhXPsi4ptd4ngTiwnQxAAew31hjeR7LmJuiINZqHI7Kl5ysnydmzzHQw1zsq7wYjJ9MZJazXdjcrmwUdG6bKYkZcOIAAaDU4uv5sLXucFQ9m55j2X-cSlhwnL_zFKycHuN3JqvPMXYdklZfL81Pue3SarZ8UjsX2-spQjEZrVFJOe7QkzuJi2YPZGJE4nbkZaE9sUv6w8ojJDwE6IC9529Ou1BfwG1PaUYvn_9zkyCyaXTM088BsvO7Y7wcjW9pgwqLWQcZZHcxlCd6n4FfgbqtQ_UiI&sig=Cg0ArKJSzEroDzOmwqnZEAE&uach_m=%5BUACH%5D&urlfix=1&adurl= → 200 (72ms, ?B)
[2026-06-07T02:19:10.170Z] GET https://ads.rubiconproject.com/ad/15584.js → 200 (1ms, 30726B)
[2026-06-07T02:19:10.170Z] GET https://pagead2.googlesyndication.com/pagead/managed/js/activeview/current/ufs_web_display.js → 200 (1ms, 243288B)
[2026-06-07T02:19:10.171Z] GET https://smarttag.rubiconproject.com/a/15584/102754/482952-57.js?&cb=0.5035838899995603&tk_st=1&rf=https%3A//www.espn.com/nba/team/stats/_/name/sa/san-antonio-spurs/seasontype/2&rp_s=c&p_pos=atf&p_screen_res=1280x720&ad_slot=102754_57&rp_secure=1 → pending (?ms, ?B)
[2026-06-07T02:19:10.770Z] GET https://secure-sdk.imrworldwide.com/cgi-bin/gn?prd=dcr&ci=us-600140&ch=us-600140_b01_nba_S&asn=nba&fp_id=bvjx3iby8ivz36wlzzvtmisuy8rbt1780798683&fp_cr_tm=1780798683802&fp_acc_tm=1780798699973&fp_emm_tm=1780798699977&ve_id=&sessionId=aeux7t19fxr96nkq4oys8pdc1cae61780798748&prv=1&c6=vc,b01&ca=NA&c13=asid,P07264C85-15CD-4A80-8E56-B5BFA6D93296&c32=segA,stats&c33=segB,NA&c34=segC,stats&c15=apn,&sup=1&segment2=&segment1=&forward=0&plugv=&playerv=&ad=0&cr=V&c9=devid,&enc=true&c1=nuid,1t7q7zn6sluerrezaryzzdwff9qa01780798683&at=view&rt=text&c16=sdkv,bj.6.0.0&c27=cln,0&crs=&lat=&lon=&c29=plid,1780798748758816&c30=bldv,6.0.0.748&st=dcr&c7=osgrp,&c8=devgrp,&c10=plt,&c40=adbid,&c14=osver,NA&c26=dmap,1&dd=&hrd=&wkd=&c35=adrsid,&c36=cref1,&c37=cref2,&c11=agg,1&c12=apv,&c51=adl,0&c52=noad,0&pc=NA&c53=fef,n&c54=oad,&c55=cref3,&c57=adldf,2&ai=espn_nba_stats&c3=st,c&c64=starttm,1780798750&adid=espn_nba_stats&c58=isLive,false&c59=sesid,&c61=createtm,1780798749&c63=pipMode,&uoo=&c68=bndlid,&nodeTM=&logTM=&c73=phtype,&c74=dvcnm,&c76=adbsnid,&c44=progen,&davty=0&si=https%3A%2F%2Fwww.espn.com%2Fnba%2Fteam%2Fstats%2F_%2Fname%2Fsa%2Fsan-antonio-spurs%2Fseasontype%2F2&c66=mediaurl,&sdd=&c62=sendTime,1780798749&rnd=671614 → pending (?ms, ?B)
[2026-06-07T02:19:10.770Z] GET https://global.imrworldwide.com/cgi-bin/gn?prd=metadata&c9=devid,&c13=asid,P07264C85-15CD-4A80-8E56-B5BFA6D93296&sessionId=aeux7t19fxr96nkq4oys8pdc1cae61780798748&c30=bldv,6.0.0.748&pgUrl=https%3A%2F%2Fwww.espn.com%2Fnba%2Fteam%2Fstats%2F_%2Fname%2Fsa%2Fsan-antonio-spurs%2Fseasontype%2F2&pgTitle=San%20Antonio%20Spurs%202025-26%20NBA%20Postseason%20Stats%20-%20ESPN&uoo= → pending (?ms, ?B)
[2026-06-07T02:19:11.326Z] GET https://secure-assets.rubiconproject.com/static/psa/blank/1x1.png → 200 (?ms, 156B)
[2026-06-07T02:19:11.326Z] GET https://pagead2.googlesyndication.com/pagead/gen_204?id=av-js&type=fle-fetch-start2 → 204 (60ms, ?B)
[2026-06-07T02:19:11.326Z] GET https://pagead2.googlesyndication.com/pagead/gen_204?id=av-js&type=colleague-executed&name=4 → 204 (63ms, ?B)
[2026-06-07T02:19:11.327Z] GET https://pagead2.googlesyndication.com/pagead/gen_204?id=av-js&type=reach&proto=CAlgAWACaAM%3D → 204 (71ms, ?B)
[2026-06-07T02:19:11.328Z] GET https://securepubads.g.doubleclick.net/pcs/view?xai=AKAOjssx26XBr5UiM1p1jKOaVXRCu9MoF3n14C9TObibmwJfvGc-dqM2KaGRFhVDnVunJFWPSPk1PxenmaxMTXnOUxqNkmyBBgPWOOpxc2_wfqylevg0nUTy5NM3b_RcKlVCaPuNai6Ag9MhVo1an15G6l9ynczlhK7H78pCxBgzT8W_Is6TRRKPbE04NeIXEAxiX6JU-AskuD81GQh-3ILqIW7lSOgUmpQDaRTSIDeSJt0v798KxrF5qDy-Ie0pnz4jZ6GSfHSLRd3fQPffMkIzYj7qdpTNCR9iuJvwV_MOUQHWv0xA5rwJfLAfHGQyz_SIsjLiD-lc3HzQs72GJkFwuqViWlB-I3-diJAXJ5m98JIL00opmxjspqfr0ho29KTOl8uUJGKevq_P2MibzT8GoXElHrae-sMkmGlRgHzHYsJeR4E3TgCq65jnzCRXvLqu6jryonWGqQ&sai=AMfl-YQIGRE_XkzXO3c5rI9w5gpo6n2oBcn-u5wcSElgWrmoqgDQFk9ZRroLMIO334I348vOEEHlI9tKd1-KGPtk_408kpLQkpxcSZRQWeP3-T6K3Fuc_tDwCe0Bz4fiqNtOGTbkJfsEjQcOycdfgb1a9LF2wevA8-ECJvise0O4txFrrpnahcrNS0CtfJk_yT3csOEzSfOSRz5D-J_6l8beQxSfGA9_Mowp6nW_muBnz2O-MHKLo9FMy7F3RmRZN9ApYunMngLUBc9y0s2mfqpf2SeEYYshlYmXGGJYkuwFRl0mXY272HlkRREAbtY8SSDG--JNQ5ym1ALaRmEy7JVjnsbCFXOt6JSxuBXDmdLXEGWFy_9bm7DtcjFu8oWM_Xf7FsnkIL4x-uuROR0&sig=Cg0ArKJSzNcRTMmV4jbZEAE&uach_m=%5BUACH%5D&urlfix=1&dett=2&adurl= → 200 (67ms, ?B)
[2026-06-07T02:19:12.341Z] GET https://pagead2.googlesyndication.com/pcs/activeview?xai=AKAOjssz7CHzxQJSzU4Cy_a7QWJPE15NvBaKLgZ_vHCxoywlpd8LLSEKgloAxXcolhuTIqpOZZfMagoA-ql4MNrMiTTPM33YqFzRRXPFvZfnu7ri-WGHOXeomGaZqoxT99TcDe48qTwWx2a3M74i7Xjl9AGHc7kHqscKXZOnZEg391gD1VpCatTlGYWbItMZ&sig=Cg0ArKJSzHsTB3-b4C6sEAE&id=lidar2&mcvt=1000&p=252,155,502,1125&tm=1013.7999999821186&tu=13.400000005960464&mtos=1000,1000,1000,1000,1000&tos=1000,0,0,0,0&v=20260603&bin=7&avms=nio&bs=1280,720&mc=1&vu=1&app=0&itpl=0&adk=4291686389&rs=4&la=1&cr=0&uach=WyJtYWNPUyIsIjI2LjUuMSIsImFybSIsIiIsIjE0NS4wLjc2MzIuNiIsbnVsbCwwLG51bGwsIjY0IixbWyJOb3Q6QS1CcmFuZCIsIjk5LjAuMC4wIl0sWyJIZWFkbGVzc0Nocm9tZSIsIjE0NS4wLjc2MzIuNiJdLFsiQ2hyb21pdW0iLCIxNDUuMC43NjMyLjYiXV0sMF0%3D&vs=4&r=v&co=7673155100&rst=1780798750166&rpt=1161&isd=0&lsd=0&met=ie&wmsd=0&pbe=0&fle=0&vae=0&spb=0&sfl=0&ffslot=0&reach=8&io2=0 → 200 (76ms, 42B)
[2026-06-07T02:19:12.965Z] GET https://image8.pubmatic.com/AdServer/ImgSync?p=0 → 302 (498ms, ?B)
[2026-06-07T02:19:13.463Z] GET https://cm.g.doubleclick.net/pixel?google_nid=pubmatic&google_hm=MTdEOTU4QUUtMEVGMi00MzRGLTg1QkQtQjA1NEEyOUEwOUFD&gdpr=-1&gdpr_consent=&google_cm → 302 (68ms, ?B)
[2026-06-07T02:19:13.531Z] GET https://image2.pubmatic.com/AdServer/Pug?vcode=bz0yJnR5cGU9MSZjb2RlPTIxNzcmdGw9MTI5NjAw&gdpr=-1&gdpr_consent=&piggybackCookie=CAESECA_IUZR26IW3cSI-t9RfgY&google_cver=1 → 302 (243ms, ?B)
[2026-06-07T02:19:13.775Z] GET https://image8.pubmatic.com/AdServer/ImgSync?sec=1&gdpr=0&gdpr_consent=&us_privacy= → pending (?ms, ?B)
[2026-06-07T02:19:14.830Z] GET https://loadus.exelator.com/getid?p=1480&g=1&j=0&asid=P07264C85-15CD-4A80-8E56-B5BFA6D93296 → 302 (266ms, ?B)
[2026-06-07T02:19:15.097Z] GET https://load77.exelator.com/pixel.gif → 204 (262ms, ?B)
[2026-06-07T02:19:17.809Z] POST https://ty-trc-events.taboola.com/espnnetwork-espn/log/3/perf?tvi48=28907&tvi50=30819&route=TY%3ATY%3AV&lti=default-trecs-3288-fix-served-sizes-reporting-on-explore-more-display-items_ctrl → 204 (200ms, ?B)
[2026-06-07T02:19:20.361Z] GET https://loadus.exelator.com/getid?p=1480&g=1&j=0&asid=P07264C85-15CD-4A80-8E56-B5BFA6D93296 → 302 (265ms, ?B)
[2026-06-07T02:19:20.626Z] GET https://load77.exelator.com/pixel.gif → pending (?ms, ?B)
[2026-06-07T02:19:22.647Z] GET https://www.nba.com/stats/team/1610612759/advanced?SeasonType=Regular+Season → pending (?ms, ?B)
[2026-06-07T02:19:22.647Z] POST https://ty-trc-events.taboola.com/espnnetwork-espn/log/3/perf?tvi48=28907&tvi50=30819&route=TY%3ATY%3AV&lti=default-trecs-3288-fix-served-sizes-reporting-on-explore-more-display-items_ctrl → pending (?ms, ?B)
[2026-06-07T02:19:22.647Z] GET https://secure-sdk.imrworldwide.com/cgi-bin/gn?prd=dcr&ci=us-600140&ch=us-600140_b01_nba_S&asn=nba&fp_id=bvjx3iby8ivz36wlzzvtmisuy8rbt1780798683&fp_cr_tm=1780798683802&fp_acc_tm=1780798699973&fp_emm_tm=1780798699977&ve_id=&sessionId=aeux7t19fxr96nkq4oys8pdc1cae61780798748&prv=1&c6=vc,b01&ca=NA&c13=asid,P07264C85-15CD-4A80-8E56-B5BFA6D93296&c32=segA,stats&c33=segB,NA&c34=segC,stats&c15=apn,&sup=1&segment2=&segment1=&forward=0&plugv=&playerv=&ad=0&cr=D&c9=devid,&enc=true&c1=nuid,1t7q7zn6sluerrezaryzzdwff9qa01780798683&at=timer&rt=text&c16=sdkv,bj.6.0.0&c27=cln,12&crs=&lat=&lon=&c29=plid,1780798748758816&c30=bldv,6.0.0.748&st=dcr&c7=osgrp,&c8=devgrp,&c10=plt,&c40=adbid,&c14=osver,NA&c26=dmap,1&dd=&hrd=&wkd=&c35=adrsid,&c36=cref1,&c37=cref2,&c11=agg,1&c12=apv,&c51=adl,0&c52=noad,0&pc=NA&c53=fef,n&c54=oad,&c55=cref3,&c57=adldf,2&ai=espn_nba_stats&c3=st,c&c64=starttm,1780798750&adid=espn_nba_stats&c58=isLive,false&c59=sesid,&c61=createtm,1780798761&c63=pipMode,&uoo=&c68=bndlid,&nodeTM=&logTM=&c73=phtype,&c74=dvcnm,&c76=adbsnid,&c44=progen,&davty=2&si=https%3A%2F%2Fwww.espn.com%2Fnba%2Fteam%2Fstats%2F_%2Fname%2Fsa%2Fsan-antonio-spurs%2Fseasontype%2F2&c66=mediaurl,&sdd=&c62=sendTime,1780798761&rnd=142794 → 200 (87ms, ?B)
[2026-06-07T02:19:22.647Z] POST https://browser-intake-datadoghq.com/api/v2/rum?ddsource=browser&dd-api-key=pubd83c3b581e016b93e0fe432a8bdf3a38&dd-evp-origin-version=6.25.4&dd-evp-origin=browser&dd-request-id=bd0dcf14-a833-45e7-b110-91d78ea6ad5e&batch_time=1780798762646&_dd.api=beacon → pending (?ms, ?B)
[2026-06-07T02:19:23.317Z] GET https://pagead2.googlesyndication.com/pagead/gen_204?id=av-js&type=fle-fetch-later2 → pending (?ms, ?B)
[2026-06-07T02:21:36.780Z] GET https://www.espn.com/nba/team/stats/_/name/sa/season/2026/seasontype/2 → pending (?ms, ?B)
[2026-06-07T02:21:37.071Z] GET https://dcf.espn.com/TWDC-DTCI/prod/Bootstrap.js → 200 (210ms, 676624B)
[2026-06-07T02:21:37.071Z] GET https://cdn1.espn.net/fitt/43919cae0e28-release-06-02-2026.2.0.4833/client/espnfitt/css/fusion-a01cce68.css → 200 (1ms, 642726B)
[2026-06-07T02:21:37.071Z] GET https://cdn1.espn.net/fitt/43919cae0e28-release-06-02-2026.2.0.4833/client/espnfitt/css/6185-d8af0775.css → 200 (4ms, 95361B)
[2026-06-07T02:21:37.071Z] GET https://cdn1.espn.net/fitt/43919cae0e28-release-06-02-2026.2.0.4833/client/espnfitt/css/espnfitt-aac59152.css → 200 (4ms, 306945B)
[2026-06-07T02:21:37.071Z] GET https://cdn1.espn.net/fitt/43919cae0e28-release-06-02-2026.2.0.4833/client/espnfitt/css/394-f8f14c08.css → 200 (5ms, 14830B)
[2026-06-07T02:21:37.071Z] GET https://cdn1.espn.net/fitt/43919cae0e28-release-06-02-2026.2.0.4833/client/espnfitt/css/1825-bae7d0ed.css → 200 (5ms, 4318B)
[2026-06-07T02:21:37.071Z] GET https://cdn1.espn.net/fitt/43919cae0e28-release-06-02-2026.2.0.4833/client/espnfitt/css/3479-14ceef13.css → 200 (5ms, 14714B)
[2026-06-07T02:21:37.071Z] GET https://cdn1.espn.net/fitt/43919cae0e28-release-06-02-2026.2.0.4833/client/espnfitt/css/team.stats-142b92ad.css → 200 (5ms, 16182B)
[2026-06-07T02:21:37.072Z] GET https://a.espncdn.com/fonts/_Publico/PublicoBannerExtraboldWeb.woff2 → 200 (709ms, 43297B)
[2026-06-07T02:21:37.072Z] GET https://a.espncdn.com/fonts/_BentonSans/BentonSansBlack.woff2 → 200 (712ms, 16088B)
[2026-06-07T02:21:37.072Z] GET https://a.espncdn.com/fonts/_BentonSansCond/BentonSansCondBold.woff2 → 200 (709ms, 14728B)
[2026-06-07T02:21:37.072Z] GET https://a.espncdn.com/fonts/_PlayoffProCond/PlayoffProCondBold.woff2 → 200 (712ms, 15324B)
[2026-06-07T02:21:37.072Z] GET https://a.espncdn.com/fonts/_PlayoffProCond/PlayoffProCondBlack.woff2 → 200 (708ms, 15320B)
[2026-06-07T02:21:37.072Z] GET https://a.espncdn.com/fonts/_BentonSans/BentonSansBold.woff2 → 200 (19ms, 25008B)
[2026-06-07T02:21:37.072Z] GET https://a.espncdn.com/fonts/_BentonSans/BentonSansMedium.woff2 → 200 (712ms, 26068B)
[2026-06-07T02:21:37.072Z] GET https://a.espncdn.com/fonts/_BentonSans/BentonSansRegular.woff2 → 200 (713ms, 24448B)
[2026-06-07T02:21:37.072Z] GET https://a.espncdn.com/fonts/_Ignite/ESPNIgniteDisplay-CondensedHeavy-Web.woff2 → 200 (712ms, 28876B)
[2026-06-07T02:21:37.072Z] GET https://a.espncdn.com/fonts/_Ignite/ESPNIgniteText-Regular-Web.woff2 → 200 (712ms, 29444B)
[2026-06-07T02:21:37.072Z] GET https://a.espncdn.com/fonts/_Ignite/ESPNIgniteTextCondensed-Regular-Web.woff2 → 200 (709ms, 29972B)
[2026-06-07T02:21:37.072Z] GET https://a.espncdn.com/fonts/_Ignite/ESPNIgniteTextCondensed-Bold-Web.woff2 → 200 (19ms, 31048B)
[2026-06-07T02:21:37.072Z] GET https://cdn1.espn.net/fitt/43919cae0e28-release-06-02-2026.2.0.4833/client/espnfitt/runtime-5b7306cd.js → 200 (248ms, 5335B)
[2026-06-07T02:21:37.072Z] GET https://cdn1.espn.net/fitt/43919cae0e28-release-06-02-2026.2.0.4833/client/espnfitt/dmp-sdk-cbf49318.js → 200 (267ms, 2948838B)
[2026-06-07T02:21:37.072Z] GET https://cdn1.espn.net/fitt/43919cae0e28-release-06-02-2026.2.0.4833/client/espnfitt/6185-08c0f755.js → 200 (267ms, 2053068B)
[2026-06-07T02:21:37.076Z] GET https://cdn1.espn.net/fitt/43919cae0e28-release-06-02-2026.2.0.4833/client/espnfitt/1609-dac15037.js → 200 (246ms, 10598B)
[2026-06-07T02:21:37.076Z] GET https://cdn1.espn.net/fitt/43919cae0e28-release-06-02-2026.2.0.4833/client/espnfitt/9264-d288023b.js → 200 (246ms, 15293B)
[2026-06-07T02:21:37.076Z] GET https://cdn1.espn.net/fitt/43919cae0e28-release-06-02-2026.2.0.4833/client/espnfitt/394-c019a863.js → 200 (246ms, 20707B)
[2026-06-07T02:21:37.076Z] GET https://cdn1.espn.net/fitt/43919cae0e28-release-06-02-2026.2.0.4833/client/espnfitt/3866-debef506.js → 200 (247ms, 369B)
[2026-06-07T02:21:37.076Z] GET https://cdn1.espn.net/fitt/43919cae0e28-release-06-02-2026.2.0.4833/client/espnfitt/1765-53c8f25a.js → 200 (246ms, 5825B)
[2026-06-07T02:21:37.076Z] GET https://cdn1.espn.net/fitt/43919cae0e28-release-06-02-2026.2.0.4833/client/espnfitt/149-d38c33d6.js → 200 (247ms, 9284B)
[2026-06-07T02:21:37.076Z] GET https://cdn1.espn.net/fitt/43919cae0e28-release-06-02-2026.2.0.4833/client/espnfitt/6845-f9662716.js → 200 (247ms, 8499B)
[2026-06-07T02:21:37.076Z] GET https://cdn1.espn.net/fitt/43919cae0e28-release-06-02-2026.2.0.4833/client/espnfitt/1029-124f7f39.js → 200 (247ms, 12128B)
[2026-06-07T02:21:37.076Z] GET https://cdn1.espn.net/fitt/43919cae0e28-release-06-02-2026.2.0.4833/client/espnfitt/9195-ac79fa8d.js → 200 (248ms, 25611B)
[2026-06-07T02:21:37.076Z] GET https://cdn1.espn.net/fitt/43919cae0e28-release-06-02-2026.2.0.4833/client/espnfitt/6746-79f4cb5e.js → 200 (248ms, 6118B)
[2026-06-07T02:21:37.076Z] GET https://cdn1.espn.net/fitt/43919cae0e28-release-06-02-2026.2.0.4833/client/espnfitt/821-0e469e43.js → 200 (248ms, 6131B)
[2026-06-07T02:21:37.076Z] GET https://cdn1.espn.net/fitt/43919cae0e28-release-06-02-2026.2.0.4833/client/espnfitt/2553-30c398b3.js → 200 (248ms, 9780B)
[2026-06-07T02:21:37.076Z] GET https://cdn1.espn.net/fitt/43919cae0e28-release-06-02-2026.2.0.4833/client/espnfitt/4714-ce84554c.js → 200 (249ms, 9416B)
[2026-06-07T02:21:37.165Z] GET https://cdn1.espn.net/fitt/43919cae0e28-release-06-02-2026.2.0.4833/client/espnfitt/_manifest.js → 200 (160ms, ?B)
[2026-06-07T02:21:37.165Z] GET https://cdn1.espn.net/fitt/43919cae0e28-release-06-02-2026.2.0.4833/client/espnfitt/espn-en-0193295f.js → 200 (160ms, ?B)
[2026-06-07T02:21:37.165Z] GET https://cdn1.espn.net/fitt/43919cae0e28-release-06-02-2026.2.0.4833/client/espnfitt/espnfitt-4be98d9b.js → 200 (162ms, ?B)
[2026-06-07T02:21:37.165Z] GET https://cdn1.espn.net/fitt/43919cae0e28-release-06-02-2026.2.0.4833/client/espnfitt/team.stats-b132d699.js → 200 (160ms, ?B)
[2026-06-07T02:21:37.320Z] GET https://www.datadoghq-browser-agent.com/us1/v5/datadog-rum.js → pending (?ms, ?B)
[2026-06-07T02:21:37.320Z] GET https://cdn1.espn.net/fitt/43919cae0e28-release-06-02-2026.2.0.4833/client/espnfitt/_manifest.js → 200 (1ms, 47737B)
[2026-06-07T02:21:37.320Z] GET https://cdn1.espn.net/fitt/43919cae0e28-release-06-02-2026.2.0.4833/client/espnfitt/espn-en-0193295f.js → 200 (1ms, 208120B)
[2026-06-07T02:21:37.320Z] GET https://cdn1.espn.net/fitt/43919cae0e28-release-06-02-2026.2.0.4833/client/espnfitt/espnfitt-4be98d9b.js → 200 (1ms, 591854B)
[2026-06-07T02:21:37.320Z] GET https://cdn1.espn.net/fitt/43919cae0e28-release-06-02-2026.2.0.4833/client/espnfitt/team.stats-b132d699.js → 200 (1ms, 44717B)
[2026-06-07T02:21:37.531Z] GET https://secure.espncdn.com/redesign/assets/img/logos/logo-espn-82x20.png → 200 (?ms, 571B)
[2026-06-07T02:21:37.531Z] GET https://a.espncdn.com/fonts/_BentonSans/BentonSansMedium-i18n-support.woff2 → 200 (253ms, 40644B)
[2026-06-07T02:21:37.531Z] GET https://a.espncdn.com/fonts/_BentonSans/BentonSansRegular-i18n-support.woff2 → 200 (253ms, 39924B)
[2026-06-07T02:21:37.531Z] GET https://pcs.bamgrid.com/v1/espn?namespaces=web&brand=google&platform=chrome → 200 (150ms, 575B)
[2026-06-07T02:21:37.611Z] GET https://cdn.registerdisney.go.com/v4/OneID.js → 200 (70ms, 475420B)
[2026-06-07T02:21:37.611Z] GET https://client-sdk-configs.bamgrid.com/bam-sdk/v7.0/espn-a9b93989/browser/v35.2/macosx/chrome/prod.json → 200 (70ms, 84218B)
[2026-06-07T02:21:37.687Z] GET https://pcs.bamgrid.com/v1/espn?namespaces=hive-dmp → 200 (66ms, 319B)
[2026-06-07T02:21:37.691Z] POST https://espn.api.edge.bamgrid.com/graph/v1/device/graphql → pending (?ms, ?B)
[2026-06-07T02:21:37.718Z] GET https://a.espncdn.com/combiner/i?img=/i/teamlogos/nba/500/sa.png&h=200&w=200 → 200 (1ms, 11817B)
[2026-06-07T02:21:37.718Z] GET https://a.espncdn.com/combiner/i?img=/i/teamlogos/nba/500/sa.png&scale=crop&cquality=40&location=origin&w=64&h=64 → 200 (1ms, 2968B)
[2026-06-07T02:21:37.718Z] GET https://a.espncdn.com/combiner/i?img=/i/headshots/nba/players/full/5104157.png&h=96&w=96&scale=crop → 200 (2ms, 12449B)
[2026-06-07T02:21:37.718Z] GET https://a.espncdn.com/combiner/i?img=/i/headshots/nba/players/full/4845367.png&h=96&w=96&scale=crop → 200 (2ms, 13457B)
[2026-06-07T02:21:37.719Z] GET https://a.espncdn.com/combiner/i?img=/i/headshots/nba/players/full/4066259.png&h=96&w=96&scale=crop → pending (?ms, ?B)
[2026-06-07T02:21:37.731Z] GET https://a.espncdn.com/redesign/assets/img/logos/espn-404@2x.png → 200 (?ms, 2266B)
[2026-06-07T02:21:37.731Z] GET https://a.espncdn.com/assets/icons/appTile.svg → 200 (?ms, 577B)
[2026-06-07T02:21:37.731Z] GET https://a.espncdn.com/assets/icons/fantasy-white.svg → pending (?ms, ?B)
[2026-06-07T02:21:37.753Z] GET https://hiveplayer-static.bamgrid.com/artifacts/hive/playback-service/26.5.0-esmeralda/all_browser_es5/playback-service.js → 200 (7ms, 860503B)
[2026-06-07T02:21:37.767Z] GET https://pcs.bamgrid.com/v1/espn?brand=google&platform=chrome&os=macos&namespaces=hive-dmp,ads,pqm → 200 (115ms, ?B)
[2026-06-07T02:21:37.789Z] GET https://cdn.registerdisney.go.com/v4/bundle/web/ESPN-ONESITE.WEB/en-US?cssOverride=https%3A%2F%2Fsecure.espncdn.com%2Fcombiner%2Fc%3Fcss%3Ddisneyid%2Fcorev4.css&logLevel=INFO → 200 (?ms, ?B)
[2026-06-07T02:21:37.789Z] GET https://www.espn.com/login/responder/v4/index.html?clientId=ESPN-ONESITE.WEB&environment=PROD → 200 (3ms, 127B)
[2026-06-07T02:21:37.795Z] GET https://cdn.registerdisney.go.com/v4/responder.js → 200 (3ms, 8348B)
[2026-06-07T02:21:37.904Z] GET https://cdn.registerdisney.go.com/v4/asset/bundler/ESPN/v4/images/v2/espn-red-logo.svg → 200 (?ms, ?B)
[2026-06-07T02:21:37.904Z] GET https://www.google.com/recaptcha/enterprise.js?onload=grecaptcha1780798897895&render=6LciB_gZAAAAAA_mwJ4G0XZ0BXWvLTt67V7YizXx&hl=en → pending (?ms, ?B)
[2026-06-07T02:21:37.904Z] GET https://cdn.registerdisney.go.com/v4/asset/images/svgs/myDisneyDark.svg → 200 (?ms, ?B)
[2026-06-07T02:21:37.904Z] GET https://fonts.gstatic.com/s/notosans/v27/o-0IIpQlx3QUlC5A4PNr5TRASf6M7Q.woff2 → 200 (?ms, ?B)
[2026-06-07T02:21:37.973Z] GET https://www.gstatic.com/recaptcha/releases/ne1iDVwClkE7nKD3uA9Vqsvl/recaptcha__en.js → 200 (14ms, 894957B)
[2026-06-07T02:21:38.018Z] GET https://www.google.com/recaptcha/enterprise/anchor?ar=1&k=6LciB_gZAAAAAA_mwJ4G0XZ0BXWvLTt67V7YizXx&co=aHR0cHM6Ly9jZG4ucmVnaXN0ZXJkaXNuZXkuZ28uY29tOjQ0Mw..&hl=en&v=ne1iDVwClkE7nKD3uA9Vqsvl&size=invisible&anchor-ms=20000&execute-ms=30000&cb=8xjobzdvge3u → 200 (88ms, 54724B)
[2026-06-07T02:21:38.108Z] GET https://www.gstatic.com/recaptcha/releases/ne1iDVwClkE7nKD3uA9Vqsvl/styles__ltr.css → 200 (?ms, 82857B)
[2026-06-07T02:21:38.108Z] GET https://www.gstatic.com/recaptcha/releases/ne1iDVwClkE7nKD3uA9Vqsvl/recaptcha__en.js → 200 (13ms, 894957B)
[2026-06-07T02:21:38.163Z] GET https://www.google.com/recaptcha/enterprise/webworker.js?hl=en&v=ne1iDVwClkE7nKD3uA9Vqsvl → 200 (7ms, 102B)
[2026-06-07T02:21:38.167Z] GET https://www.gstatic.com/recaptcha/api2/logo_48.png → 200 (1ms, 2228B)
[2026-06-07T02:21:38.167Z] GET https://fonts.gstatic.com/s/roboto/v48/KFO7CnqEu92Fr1ME7kSn66aGLdTylUAMa3yUBHMdazQ.woff2 → 200 (1ms, 34668B)
[2026-06-07T02:21:38.170Z] GET https://www.gstatic.com/recaptcha/releases/ne1iDVwClkE7nKD3uA9Vqsvl/recaptcha__en.js → 200 (42ms, 894957B)
[2026-06-07T02:21:38.361Z] GET https://cdn.taboola.com/libtrc/espn-network/loader.js → 200 (13ms, 1278728B)
[2026-06-07T02:21:38.361Z] GET https://secure.espncdn.com/connected-devices/espn-watchsdk-js/4.6.8/dist/espn-watchsdk-web-umd.min.js → 200 (4ms, 354702B)
[2026-06-07T02:21:38.368Z] GET https://a.espncdn.com/connected-devices/app-configurations/espn-js-sdk-web-2.0.config.json → 200 (214ms, 3104B)
[2026-06-07T02:21:38.368Z] GET https://entitlement.auth.adobe.com/entitlement/v4/AccessEnabler.js → 200 (5ms, 131981B)
[2026-06-07T02:21:38.368Z] GET https://broadband.espn.com/espn3/auth/watchespn/user?partner=watchespn&platform=web → pending (?ms, ?B)
[2026-06-07T02:21:38.375Z] GET https://sp.auth.adobe.com/entitlement/v4/AccessEnablerProxy.html?9f61ce3349740cda7528 → 200 (1ms, 235B)
[2026-06-07T02:21:38.395Z] GET https://sp.auth.adobe.com/entitlement/v4/AccessEnablerProxy.js → 200 (?ms, 6012B)
[2026-06-07T02:21:38.405Z] GET https://cdn.taboola.com/libtrc/tr5?abgroup=trecs-3288-fix-served-sizes-reporting-on-explore-more-display-items_ctrl&pub=espn-network → 200 (4ms, 3B)
[2026-06-07T02:21:38.409Z] GET https://gum.criteo.com/sync?c=72&r=2&j=TRC.getRTUS → 200 (1ms, 139B)
[2026-06-07T02:21:38.411Z] GET https://sp.auth.adobe.com/adobe-services/config/ESPN → 200 (234ms, 240710B)
[2026-06-07T02:21:38.574Z] GET https://site.web.api.espn.com/apis/personalized/v2/scoreboard/header?sport=basketball&league=nba&region=us&lang=en&contentorigin=espn&configuration=STREAM_MENU&platform=web&features=sfb-all%2Ccutl&buyWindow=1m&showAirings=buy%2Clive%2Creplay&showZipLookup=true&tz=America%2FNew_York&postalCode=100000&playabilitySource=playbackId → pending (?ms, ?B)
[2026-06-07T02:21:38.918Z] GET https://pm-widget.taboola.com/espn-network/load.js → 200 (?ms, ?B)
[2026-06-07T02:21:38.918Z] POST https://trc.taboola.com/espnnetwork-espn/trc/3/json?llvl=2&tim=10%3A21%3A38.914&lti=default-trecs-3288-fix-served-sizes-reporting-on-explore-more-display-items_ctrl&pubit=n&t=1&data=%7B%22id%22%3A%2223033%22%2C%22sd%22%3A%22v2_2fa71d9e273704cdb260075ada07af38_f0100220-852a-412b-88a3-f1a27398fd2e-tuct111e5a58_1780798680_1780798748_CNawjgYQwqhJGJXtgf_pMyADKAEwMDjK_QdA9qAQSNru1gNQ4cIJWABgAGjc6tGZ9I2O2UJwAYABAIgBAJABAA%22%2C%22ui%22%3A%22f0100220-852a-412b-88a3-f1a27398fd2e-tuct111e5a58%22%2C%22ii%22%3A%22%2Fnba%2Fteam%2Fstats%2F_%2Fname%2Fsa%2Fseason%2F2026%2Fseasontype%2F2%22%2C%22it%22%3A%22other%22%2C%22vi%22%3A1780798898914%2C%22cv%22%3A%2220260604-9-RELEASE%22%2C%22uiv%22%3A%22default%22%2C%22u%22%3A%22https%3A%2F%2Fwww.espn.com%2Fnba%2Fteam%2Fstats%2F_%2Fname%2Fsa%2Fseason%2F2026%2Fseasontype%2F2%22%2C%22qs%22%3A%22%22%2C%22bv%22%3A%220%22%2C%22btv%22%3A%220%22%2C%22ul%22%3A%5B%22en-US%22%5D%2C%22cos%22%3A%224g%22%2C%22e%22%3A%22https%3A%2F%2Fwww.espn.com%2Fnba%2Fteam%2Fstats%2F_%2Fname%2Fsa%2Fsan-antonio-spurs%2Fseasontype%2F2%22%2C%22bu%22%3A%22https%3A%2F%2Fwww.espn.com%2Fnba%2Fteam%2Fstats%2F_%2Fname%2Fsa%2Fseason%2F2026%2Fseasontype%2F2%22%2C%22vpi%22%3A%22%2Fnba%2Fteam%2Fstats%2F_%2Fname%2Fsa%2Fseason%2F2026%2Fseasontype%2F2%22%2C%22bad%22%3A-1%2C%22sw%22%3A1280%2C%22sh%22%3A720%2C%22bw%22%3A1280%2C%22bh%22%3A720%2C%22dw%22%3A1280%2C%22dh%22%3A2485%2C%22sde%22%3A%221.000%22%2C%22lt%22%3A%22default-trecs-3288-fix-served-sizes-reporting-on-explore-more-display-items_ctrl%22%2C%22nsid%22%3A%22espn-network%22%2C%22r%22%3A%5B%7B%22li%22%3A%22rbox-o2m%22%2C%22uip%22%3A%22below%20content%20-%20dead%20end%20-%20nba%22%2C%22orig_uip%22%3A%22below%20content%20-%20dead%20end%20-%20nba%22%2C%22s%22%3A3%2C%22uim%22%3A%22thumbnails-a%3Apub%3Despn-network%3Aabp%3D0%22%2C%22cd%22%3A2292.19%2C%22mw%22%3A1220%7D%5D%2C%22pev%22%3A%2231150%22%2C%22rtui%22%3A%22paqQSl9HbHdLZUl1eUg4bjN1SnZmaDZ0JTJCWE96cjhiZUJaS0xhclk5ZjZobVdZdkNmVkVnM1BKVnJSb3k2RFUlMkJyak1iQw%22%2C%22uad%22%3A%7B%22mobile%22%3Afalse%2C%22model%22%3A%22%22%2C%22platform%22%3A%22macOS%22%2C%22platformVersion%22%3A%2226.5.1%22%2C%22uaFullVersion%22%3A%22145.0.7632.6%22%7D%2C%22cacheKey%22%3A%22other%3D%2Fnba%2Fteam%2Fstats%2F_%2Fname%2Fsa%2Fseason%2F2026%2Fseasontype%2F2%2Cbelow%20content%20-%20dead%20end%20-%20nba%3Dthumbnails-a%3Apub%3Despn-network%3Aabp%3D0%22%2C%22_cn%22%3A%22tions_1%22%2C%22lbt%22%3A1780584001285%2C%22uifp%22%3A%22f0100220-852a-412b-88a3-f1a27398fd2e-tuct111e5a58%22%2C%22wc%22%3Atrue%7D → pending (?ms, ?B)
[2026-06-07T02:21:38.920Z] GET https://pm-widget.taboola.com/espn-network/pmk-20220605.9.js → 200 (1ms, 85778B)
[2026-06-07T02:21:38.996Z] GET https://dcf.espn.com/TWDC-DTCI/prod/serverComponent.php?namespace=Bootstrapper&staticJsPath=/TWDC-DTCI/prod/code/&ClientID=2750&PageID=https%3A%2F%2Fwww.espn.com%2Fnba%2Fteam%2Fstats%2F_%2Fname%2Fsa%2Fseason%2F2026%2Fseasontype%2F2%3Fcds%3Dn%26country%3Dcn%26region%3Dunknown%26gpc%3Dxx%26shouldFire%3Dy%26nAsyncNgeo%3Dn%26portal%3Dsports%26site%3Despn%26siteRegion%3D%26realHost%3Dwww.espn.com%26kpTlium%3Dn%26eventStep%3Dnon-ecom&custDomain=dcf.espn.com → 200 (249ms, 1244B)
[2026-06-07T02:21:39.210Z] POST https://ty-trc-events.taboola.com/espnnetwork-espn/log/2/debug?type=warn&msg=adgb%20-%20not%20initialized.&lt=default-trecs-3288-fix-served-sizes-reporting-on-explore-more-display-items_ctrl&tvi48=28907&tvi50=30819&tim=10%3A21%3A39.209&id=82085&cv=20260604-9-RELEASE&llvl=2 → pending (?ms, ?B)
[2026-06-07T02:21:39.210Z] POST https://ty-trc-events.taboola.com/espnnetwork-espn/log/3/abtests?route=TY%3ATY%3AV&lti=default-trecs-3288-fix-served-sizes-reporting-on-explore-more-display-items_ctrl&tvi48=28907&tvi50=30819&ri=c3479670ab16034bf4e3098534808f89&sd=v2_2fa71d9e273704cdb260075ada07af38_f0100220-852a-412b-88a3-f1a27398fd2e-tuct111e5a58_1780798680_1780798899_CNawjgYQwqhJGOKFi__pMyAEKAEwMDjK_QdA9qAQSNru1gNQ4cIJWABgAGjc6tGZ9I2O2UJwAYABAIgBAJABAA&ui=f0100220-852a-412b-88a3-f1a27398fd2e-tuct111e5a58&pi=%2Fnba%2Fteam%2Fstats%2F_%2Fname%2Fsa%2Fseason%2F2026%2Fseasontype%2F2&wi=8290507959129595579&pt=other&vi=1780798898914&tim=10%3A21%3A39.210&id=13140&llvl=2&cv=20260604-9-RELEASE&d=%7B%22abTestsEventType%22%3A%22simple%22%2C%22name%22%3A%22traffic-type%22%2C%22type%22%3A%22default%22%2C%22eventTime%22%3A1780798899210%7D → pending (?ms, ?B)
[2026-06-07T02:21:39.211Z] POST https://ty-trc-events.taboola.com/espnnetwork-espn/log/3/social?lti=default-trecs-3288-fix-served-sizes-reporting-on-explore-more-display-items_ctrl&ri=c3479670ab16034bf4e3098534808f89&sd=v2_2fa71d9e273704cdb260075ada07af38_f0100220-852a-412b-88a3-f1a27398fd2e-tuct111e5a58_1780798680_1780798899_CNawjgYQwqhJGOKFi__pMyAEKAEwMDjK_QdA9qAQSNru1gNQ4cIJWABgAGjc6tGZ9I2O2UJwAYABAIgBAJABAA&ui=f0100220-852a-412b-88a3-f1a27398fd2e-tuct111e5a58&pi=%2Fnba%2Fteam%2Fstats%2F_%2Fname%2Fsa%2Fseason%2F2026%2Fseasontype%2F2&wi=8290507959129595579&pt=other&vi=1780798898914&st=social-available&d=%7B%22data%22%3A%5B%7B%22i%22%3A%22ctx%22%2C%22ism%22%3Afalse%2C%22srx%22%3A1280%2C%22sry%22%3A720%2C%22pd%22%3Anull%2C%22tpl%22%3A%22%22%2C%22url%22%3A%22https%3A%2F%2Fwww.espn.com%2Fnba%2Fteam%2Fstats%2F_%2Fname%2Fsa%2Fseason%2F2026%2Fseasontype%2F2%22%2C%22rref%22%3A%22%22%2C%22sref%22%3A%22%22%2C%22hdl%22%3A%22San%20Antonio%20Spurs%202025-26%20NBA%20Regular%20Season%20Stats%20-%20ESPN%22%2C%22sec%22%3A%22nba%22%2C%22aut%22%3A%5B%5D%2C%22img%22%3A%22https%3A%2F%2Fa.espncdn.com%2Fcombiner%2Fi%3Fimg%3D%2Fi%2Fteamlogos%2Fnba%2F500%2Fsa.png%22%2C%22v%22%3A15%2C%22pw%22%3Afalse%7D%5D%7D → pending (?ms, ?B)
[2026-06-07T02:21:39.233Z] GET https://images.taboola.com/taboola/image/fetch/f_jpg%2Cq_auto%2Ch_256%2Cw_460%2Cc_fill%2Cg_faces:auto%2Ce_sharpen/https%3A//cdn.taboola.com/libtrc/static/thumbnails/d94882679da0cb0fe29465c742a947b4.jpg → 200 (1ms, 18362B)
[2026-06-07T02:21:39.233Z] GET https://images.taboola.com/taboola/image/fetch/f_jpg%2Cq_auto%2Ch_256%2Cw_460%2Cc_fill%2Cg_faces:auto%2Ce_sharpen/https%3A//cdn.taboola.com/libtrc/static/thumbnails/5058cf7ffc41dff5e1bc586a4d56ef9f.jpg → 200 (1ms, 38814B)
[2026-06-07T02:21:39.233Z] GET https://images.taboola.com/taboola/image/fetch/c_crop%2Cf_jpg%2Cq_auto%2Ce_sharpen%2Car_1.7778%2Cw_1400%2Cx_0%2Cy_0/c_fill%2Cw_460%2Ch_256/https%3A//cdn.taboola.com/libtrc/static/thumbnails/299780529fdca8a3c6cc58b771adf79f.jpg → 200 (12ms, 11788B)
[2026-06-07T02:21:39.233Z] GET https://images.taboola.com/taboola/image/fetch/c_crop%2Cf_jpg%2Cq_auto%2Ce_sharpen%2Car_1.7778%2Cw_1466%2Cx_0%2Cy_132/c_fill%2Cw_460%2Ch_256/https%3A//cdn.taboola.com/libtrc/static/thumbnails/3db21e729457ed061f7b39c014b35e06.png → 200 (216ms, 10850B)
[2026-06-07T02:21:39.233Z] GET https://images.taboola.com/taboola/image/fetch/f_jpg%2Cq_auto%2Ch_256%2Cw_460%2Cc_fill%2Cg_faces:auto%2Ce_sharpen/https%3A//cdn.taboola.com/libtrc/static/thumbnails/e8fc873f2b8ec8c4dc009c61305d1b33.jpg → 200 (12ms, 15004B)
[2026-06-07T02:21:39.233Z] GET https://images.taboola.com/taboola/image/fetch/c_crop%2Cf_jpg%2Cq_auto%2Ce_sharpen%2Car_1.7778%2Cw_1280%2Cx_0%2Cy_0/c_fill%2Cw_460%2Ch_256/http%3A//cdn.taboola.com/libtrc/static/thumbnails/27f64b45b55c21b8886d554bddf738b4.png → 200 (12ms, 10726B)
[2026-06-07T02:21:39.252Z] GET https://dcf.espn.com/TWDC-DTCI/prod/code/af7ee5626c21da6c1657c4e60d439f3a.js?conditionId0=4958322 → 200 (4ms, 163356B)
[2026-06-07T02:21:39.252Z] GET https://dcf.espn.com/TWDC-DTCI/prod/code/180c898d38bbecdb99928e5c3de8f957.js?conditionId0=4956281 → 200 (12ms, 460603B)
[2026-06-07T02:21:39.252Z] GET https://dcf.espn.com/TWDC-DTCI/prod/code/470fe3f257ba2b027af1f8f93cc9b7b0.js?conditionId0=4872138 → 200 (2ms, 11213B)
[2026-06-07T02:21:39.252Z] GET https://dcf.espn.com/TWDC-DTCI/prod/code/be63887d6787664f1642b46ddff33cd2.js?conditionId0=4905158 → 200 (3ms, 10448B)
[2026-06-07T02:21:39.252Z] GET https://dcf.espn.com/TWDC-DTCI/prod/code/98b259aabe7f900db4b0febb129ef3b8.js?conditionId0=4884623 → 200 (3ms, 527B)
[2026-06-07T02:21:39.252Z] GET https://dcf.espn.com/TWDC-DTCI/prod/code/6017163b9f256b1e7b756a2a3ece8e17.js?conditionId0=4905158 → 200 (3ms, 1941B)
[2026-06-07T02:21:39.253Z] GET https://dcf.espn.com/TWDC-DTCI/prod/code/1d862b4a3b308eadcaea9760fc12172a.js?conditionId0=4958322 → 200 (3ms, 16393B)
[2026-06-07T02:21:39.253Z] GET https://dcf.espn.com/TWDC-DTCI/prod/code/b09d9ba996da0be696938685746e77eb.js?conditionId0=4956281 → 200 (3ms, 1769B)
[2026-06-07T02:21:39.253Z] GET https://dcf.espn.com/TWDC-DTCI/prod/code/d2d30fa54de287bb14a60179ecd6825f.js?conditionId0=4872138 → 200 (6ms, 9725B)
[2026-06-07T02:21:39.253Z] GET https://dcf.espn.com/TWDC-DTCI/prod/code/046b6b803e16c78a2d2beaddb46a1708.js?conditionId0=4871166 → 200 (6ms, 2844B)
[2026-06-07T02:21:39.253Z] GET https://dcf.espn.com/TWDC-DTCI/prod/code/4b9e17bb02fac4afac0692b5296ed87e.js?conditionId0=4871166 → 200 (6ms, 2285B)
[2026-06-07T02:21:39.254Z] GET https://secure.espn.com/js/dcf/tags/vision/latest/vision-media.js → 200 (10ms, 45821B)
[2026-06-07T02:21:39.255Z] GET https://sb.scorecardresearch.com/cs/3000005/beacon.js → 302 (308ms, ?B)
[2026-06-07T02:21:39.259Z] GET https://d.impactradius-event.com/A1323623-ff1f-47da-bf87-01a65620c9c91.js → 200 (5ms, 59328B)
[2026-06-07T02:21:39.262Z] GET https://static.chartbeat.com/js/chartbeat_video.js → 200 (7ms, 74182B)
[2026-06-07T02:21:39.263Z] GET https://cdn.parsely.com/keys/espn.com/p.js → 200 (2ms, 60243B)
[2026-06-07T02:21:39.263Z] GET https://cdn-gl.imrworldwide.com/conf/P07264C85-15CD-4A80-8E56-B5BFA6D93296.js → 200 (2ms, 28756B)
[2026-06-07T02:21:39.278Z] POST https://go.web.plus.espn.com/cur/9070 → 204 (97ms, ?B)
[2026-06-07T02:21:39.279Z] GET https://cdn-gl.imrworldwide.com/novms/js/2/nlsSDK600.bundle.min.js → 200 (3ms, 285716B)
[2026-06-07T02:21:39.282Z] GET https://p1.parsely.com/px/?rand=1780798899281&plid=d7764c17-b43b-447c-9853-8e08c61e1037&idsite=espn.com&url=https%3A%2F%2Fwww.espn.com%2Fnba%2Fteam%2Fstats%2F_%2Fname%2Fsa%2Fseason%2F2026%2Fseasontype%2F2&urlref=&screen=1280x720%7C1280x720%7C24&data=%7B%7D&sid=1&surl=https%3A%2F%2Fwww.espn.com%2Fnba%2Fteam%2Fstats%2F_%2Fname%2Fsa%2Fsan-antonio-spurs&sref=&sts=1780798683783&slts=0&title=San+Antonio+Spurs+2025-26+NBA+Regular+Season+Stats+-+ESPN&date=Sun+Jun+07+2026+10%3A21%3A39+GMT%2B0800+(China+Standard+Time)&action=pageview&metadata=%7B%22title%22%3A%22San+Antonio+Spurs+2025-26+NBA+Regular+Season+Stats+-+ESPN%22%2C%22link%22%3A%22https%3A%2F%2Fwww.espn.com%2Fnba%2Fteam%2Fstats%2F_%2Fname%2Fsa%2Fseason%2F2026%2Fseasontype%2F2%22%2C%22page_type%22%3A%22index%22%2C%22section%22%3A%22nba%22%7D&js=1&pvid=ea8d6a9d-f942-4365-83e8-ee9a1b54b2cf&u=pid%3D548a9c48-1fbf-45f2-9c64-a2e84c5ce1ea → pending (?ms, ?B)
[2026-06-07T02:21:39.288Z] GET https://pespn.chartbeat.net/ping?h=espn.com&p=%2Fnba%2Fteam%2Fstats%2F_%2Fname%2Fsa%2Fseason%2F2026%2Fseasontype%2F2&u=BgdCSLBFrErGCzLBHt&d=espn.com&g=22222&g0=nba&g1=stats&n=1&f=00001&c=0&x=0&m=0&y=3081&o=1280&w=720&j=45&R=1&W=0&I=0&E=0&e=0&r=&PA=https%3A%2F%2Fwww.espn.com%2Fnba%2Fteam%2Fstats%2F_%2Fname%2Fsa%2Fseason%2F2026%2Fseasontype%2F2&b=1570&t=D4vkBqoNRbD_n4wPCRalDKIhHw&V=151&i=San%20Antonio%20Spurs%202025-26%20NBA%20Regular%20Season%20Stats&tz=-480&sn=1&sv=CzQtlhsUPzxDnTh9-CLR16mVcNuC&sr=external&sd=1&im=067b2ff3&_ → 200 (259ms, 43B)
[2026-06-07T02:21:39.290Z] GET blob:https://www.espn.com/b3f05ec7-eb67-4aaa-9f28-cec69247ff3f → 200 (10ms, 192B)
[2026-06-07T02:21:39.298Z] GET https://cdn-gl.imrworldwide.com/novms/html/ls.html → 200 (?ms, 12185B)
[2026-06-07T02:21:39.305Z] GET https://secure-sdk.imrworldwide.com/cgi-bin/gn?prd=session&c9=devid,&c13=asid,P07264C85-15CD-4A80-8E56-B5BFA6D93296&sessionId=ohfdeuggfrmiz2ulvzptohgieeyqd1780798899&c16=sdkv,bj.6.0.0&uoo=&fp_id=bvjx3iby8ivz36wlzzvtmisuy8rbt1780798683&fp_cr_tm=1780798683802&fp_acc_tm=1780798748759&fp_emm_tm=1780798748763&ve_id=&c30=bldv,6.0.0.748&uid2=&uid2_token=&hem_sha256=&hem_sha1=&hem_md5=&hem_unknown=&sdd=&retry=0 → 200 (275ms, 44B)
[2026-06-07T02:21:39.305Z] GET https://loadus.exelator.com/getid?p=1480&g=1&j=0&asid=P07264C85-15CD-4A80-8E56-B5BFA6D93296 → pending (?ms, ?B)
[2026-06-07T02:21:39.305Z] GET https://thrtle.com/insync?vxii_pid=10071&vxii_pdid=1d684aa0-6217-11f1-8489-43c127160ea6 → pending (?ms, ?B)
[2026-06-07T02:21:39.305Z] GET https://ohfdeuggfrmiz2ulvzptohgieeyqd1780798899.nuid.imrworldwide.com/ → pending (?ms, ?B)
[2026-06-07T02:21:39.312Z] GET https://www.googletagservices.com/tag/js/gpt.js?network-code=21783347309 → 200 (2ms, 112772B)
[2026-06-07T02:21:39.312Z] GET https://secure.espncdn.com/prod/scripts/prebid8.26.0.js → 200 (10ms, 340582B)
[2026-06-07T02:21:39.321Z] GET https://securepubads.g.doubleclick.net/pagead/managed/js/gpt/m202606020101/pubads_impl.js?cb=31098954 → 200 (8ms, 615842B)
[2026-06-07T02:21:39.328Z] GET https://securepubads.g.doubleclick.net/pagead/managed/dict/m202606040101/gpt → 200 (?ms, 64902B)
[2026-06-07T02:21:39.363Z] GET https://fastlane.rubiconproject.com/a/api/fastlane.json?account_id=13042&site_id=92444&zone_id=435334&size_id=2&alt_size_ids=57&rf=https%3A%2F%2Fwww.espn.com%2Fnba%2Fteam%2Fstats%2F_%2Fname%2Fsa%2Fseason%2F2026%2Fseasontype%2F2&tg_i.domain=espn.com&tg_i.page=https%3A%2F%2Fwww.espn.com%2Fnba%2Fteam%2Fstats%2F_%2Fname%2Fsa%2Fseason%2F2026%2Fseasontype%2F2&tg_i.pbadslot=%2F21783347309%2Fespn.com%2Fnba%2Fteam%2Fstats&tk_flint=pbjs_lite_v8.26.0&l_pb_bid_id=8bc8c6b3ea54dc&p_screen_res=1280x720&rp_secure=1&rp_maxbids=1&p_gpid=%2F21783347309%2Fespn.com%2Fnba%2Fteam%2Fstats&m_ch_ua=%22Not%3AA-Brand%22%7Cv%3D%2299%22%2C%22HeadlessChrome%22%7Cv%3D%22145%22%2C%22Chromium%22%7Cv%3D%22145%22&m_ch_full_ver=%22Not%3AA-Brand%22%7Cv%3D%2299%22%2C%22HeadlessChrome%22%7Cv%3D%22145%22%2C%22Chromium%22%7Cv%3D%22145%22&m_ch_mobile=%3F0&m_ch_platform=macOS&slots=1&rand=0.07969740229940914 → pending (?ms, ?B)
[2026-06-07T02:21:39.364Z] POST https://ib.adnxs.com/ut/v3/prebid → 200 (539ms, 35B)
[2026-06-07T02:21:39.365Z] GET https://fundingchoicesmessages.google.com/i/21783347309?ers=3 → 200 (87ms, 22993B)
[2026-06-07T02:21:39.371Z] POST https://sw88.espn.com/b/ss/wdgespcom,wdgespge/1/JS-2.27.0/s83545301958901?AQB=1&ndh=1&pf=1&t=7%2F5%2F2026%2010%3A21%3A39%200%20-480&mid=25101326007792372344309697180452091661&aamlh=11&ce=UTF-8&ns=espn&pageName=espn%3Anba%3Ateam%3Astats&g=https%3A%2F%2Fwww.espn.com%2Fnba%2Fteam%2Fstats%2F_%2Fname%2Fsa%2Fseason%2F2026%2Fseasontype%2F2&c.&accessmethod=no&ad_blocker=no&affiliate_name=not%20authenticated&adsanalyticsblocked=no&auto_start=no&betaccountlinked=no&clientsidetest=wpnx-web-espn-gamecast-in-watch%3Aenabled%3A1%2Cwpnx-espn-bbd-streamcenter-cutl%3AisEnabled%3A2%2Cwpnx-espn-bbd-sc4u-side-nav-prod%3Acontrol%3A1%2Cwpnx-bbd-espn-autoplay-v2%3Acontrol%3A1%2Cwpnx-espn-android-scores-type-ramp%3Acontrol%3A1%2Cwpnx-espn-bbd-sc4u-side-nav%3Acontrol%3A1&content_type=stats&country=us&dssid=a806a699-ca34-49e2-bf37-eeb4970e51a1%2C9cc063a0-6217-11f1-845d-d6089c83a1c9&dsdeviceid=a806a699-ca34-49e2-bf37-eeb4970e51a1&dssessionid=9cc063a0-6217-11f1-845d-d6089c83a1c9&edition=en-us&entitlements=no%20entitlements&hasfantasy=no&has_favorites=no&has_notifications=no&hidebetting=false&language=en_us&league=nba&leaguemanager=no&login_status=anonymous&orientation=desktop&page_infrastructure=fitt&page_name=espn%3Anba%3Ateam%3Astats&page_url=https%3A%2F%2Fwww.espn.com%2Fnba%2Fteam%2Fstats%2F_%2Fname%2Fsa%2Fseason%2F2026%2Fseasontype%2F2&paywallshown=no&prev_page=espn%3Anba%3Ateam%3Astats&privacystate=GPC%3AOptIn&section1=nba&site=espn&sport=basketball&swid=65CADD94-86DD-42C7-C200-34A22ED228D3&teamname=San%20Antonio%20Spurs&tveauthenticated=no&ssotveauthenticated=no&isptveauthenticated=no&isWholesaleUser=no&isMVPDWholesaleUser=no&videoAutoplayTilePresent=no&videoAutoplayTileCount=0&videoHeaderPresent=no&videoHeaderAutoplayPresent=no&wholesaleUserProvider=no%20provider&.c&server=espn&aamb=6G1ynYcLPuiQxYZrsz_pkqfLG9yMXBpb2zX5dvJdYQJzPXImdj0y&s=1280x720&c=24&j=1.6&v=N&k=Y&bw=1280&bh=720&mcorgid=EE0201AC512D2BE80A490D4C%40AdobeOrg&AQE=1 → 200 (293ms, 55B)
[2026-06-07T02:21:39.375Z] POST https://vision.fn-pz.com/v3/event → pending (?ms, ?B)
[2026-06-07T02:21:39.375Z] POST https://vision.fn-pz.com/v3/event → pending (?ms, ?B)
[2026-06-07T02:21:39.375Z] POST https://vision.fn-pz.com/v3/event → pending (?ms, ?B)
[2026-06-07T02:21:39.375Z] GET https://a.espncdn.com/combiner/i?img=/i/teamlogos/nba/500/scoreboard/sa.png&w=32&h=32&scale=crop&cquality=40&location=origin → 200 (1ms, 1338B)
[2026-06-07T02:21:39.375Z] GET https://a.espncdn.com/combiner/i?img=/i/teamlogos/nba/500/scoreboard/ny.png&w=32&h=32&scale=crop&cquality=40&location=origin → 200 (1ms, 1657B)
[2026-06-07T02:21:39.460Z] GET https://ep1.adtrafficquality.google/getconfig/sodar?sv=200&tid=gpt&tv=m202606020101&st=env&sjk=2595796768414462 → 200 (83ms, 17758B)
[2026-06-07T02:21:39.470Z] GET https://securepubads.g.doubleclick.net/gampad/ads?pvsid=2595796768414462&correlator=3545633773423123&hxva=1&scor=2135719132956519&eid=31098216%2C31098954&output=ldjh&gdfp_req=1&vrg=202606020101&ptt=17&impl=fifs&iu_parts=21783347309%2Cespn.com%2Cnba%2Cteam%2Cstats&enc_prev_ius=%2F0%2F1%2F2%2F3%2F4%2C%2F0%2F1%2F2%2F3%2F4&prev_iu_szs=1x2%2C1x1&ifi=1&didk=4279162950~882524283&dids=ad-slot-exclusions-801347~ad-slot-overlay-594467&adfs=1048629097~1290882535&sfv=1-0-45&ists=1&eri=1&sc=1&lrm=100&cookie=ID%3D326ef29c6fe295d1%3AT%3D1780798684%3ART%3D1780798684%3AS%3DALNI_MbuNg1CHPk4-XBA2bEaSXHOnjIR-A&gpic=UID%3D000014476c1fb61d%3AT%3D1780798684%3ART%3D1780798684%3AS%3DALNI_MZ87n0tOZ4JypTPEOhZ9EM8Ibt3Pw&abxe=1&dt=1780798899462&lmt=1780799197&adxs=0%2C0&adys=109%2C0&biw=1280&bih=720&scr_x=0&scr_y=0&btvi=0%7C0&ucis=1%7C2&oid=2&u_his=7&u_h=720&u_w=1280&u_ah=720&u_aw=1280&u_cd=24&u_sd=1&u_tz=480&dmc=8&bc=31&nvt=1&uach=WyJtYWNPUyIsIjI2LjUuMSIsImFybSIsIiIsIjE0NS4wLjc2MzIuNiIsbnVsbCwwLG51bGwsIjY0IixbWyJOb3Q6QS1CcmFuZCIsIjk5LjAuMC4wIl0sWyJIZWFkbGVzc0Nocm9tZSIsIjE0NS4wLjc2MzIuNiJdLFsiQ2hyb21pdW0iLCIxNDUuMC43NjMyLjYiXV0sMF0.&url=https%3A%2F%2Fwww.espn.com%2Fnba%2Fteam%2Fstats%2F_%2Fname%2Fsa%2Fseason%2F2026%2Fseasontype%2F2&vis=1&psz=1280x0%7C1280x-1&msz=1280x0%7C1280x-1&fws=0%2C512&ohw=0%2C0&dlt=1780798897065&idt=2266&ppid=65CADD94-86DD-42C7-C200-34A22ED228D3&prev_scp=pos%3Dexclusions%7CslotId%3Dad-slot-overlay-594467%26pos%3Doutofpage&cust_params=pgtyp%3Dstats%26sp%3Dnba%26ed%3Dus%26lang%3Den%26tm%3Dsa%26league%3Dnba%26darkmode%3Dfalse%26ajx_url%3Dhttps%253A%252F%252Fwww.espn.com%252Fnba%252Fteam%252Fstats%252F_%252Fname%252Fsa%252Fseason%252F2026%252Fseasontype%252F2%26mnr%3Df%26swid%3D65CADD94-86DD-42C7-C200-34A22ED228D3%26d_us_privacy%3D%26hip%3Dfbd007c8098451fee9ec27d9210f016957b077d490f991bbd60c6dfa4e0149fd%26inskin_yes%3Dno%26prof%3Dxl&adks=4024085157%2C496559722&frm=20&eo_id_str=ID%3D109055eb94a22d5f%3AT%3D1780798684%3ART%3D1780798684%3AS%3DAA-AfjYk-jrqmaBHDjDtBGCMJGLB&pgls=CAk. → 200 (107ms, 9164B)
[2026-06-07T02:21:39.470Z] GET https://b02528f847e35a5d1a48531f7fc2cf07.safeframe.googlesyndication.com/safeframe/1-0-45/html/container.html → pending (?ms, ?B)
[2026-06-07T02:21:39.550Z] GET https://ep2.adtrafficquality.google/sodar/sodar2.js → 200 (1ms, 21535B)
[2026-06-07T02:21:39.553Z] GET https://ep2.adtrafficquality.google/sodar/sodar2/254/runner.html → 200 (1ms, 14627B)
[2026-06-07T02:21:39.553Z] GET https://www.google.com/recaptcha/api2/aframe → 200 (1ms, 829B)
[2026-06-07T02:21:39.563Z] GET https://pagead2.googlesyndication.com/pagead/sodar?id=sodar2&v=254&li=gpt_m202606020101&jk=2595796768414462&rc=null → 204 (98ms, ?B)
[2026-06-07T02:21:39.563Z] GET https://sb.scorecardresearch.com/internal-cs/default/beacon.js → 200 (?ms, 21373B)
[2026-06-07T02:21:39.563Z] GET https://pagead2.googlesyndication.com/bg/WTjLr0YvkDEeF5MTTn-f2BbM6vD8FMWGIAlvuf4NS9g.js → 200 (1ms, 57596B)
[2026-06-07T02:21:39.564Z] GET https://sb.scorecardresearch.com/b?c1=2&c2=3000005&cs_it=b1&cv=4.13.1%2B2508250908&ns__t=1780798899563&ns_c=UTF-8&cs_cfg=1101110&c7=https%3A%2F%2Fwww.espn.com%2Fnba%2Fteam%2Fstats%2F_%2Fname%2Fsa%2Fseason%2F2026%2Fseasontype%2F2&c8=San%20Antonio%20Spurs%202025-26%20NBA%20Regular%20Season%20Stats%20-%20ESPN&c9= → 204 (284ms, ?B)
[2026-06-07T02:21:39.584Z] GET https://secure.espncdn.com/ad/doubleclick/hanfordCap.js → 200 (?ms, 499B)
[2026-06-07T02:21:39.584Z] GET https://www.googletagmanager.com/gtag/js?id=AW-817714641 → 200 (7ms, 430546B)
[2026-06-07T02:21:39.607Z] GET https://googleads.g.doubleclick.net/pagead/viewthroughconversion/817714641/?random=1780798899599&cv=11&fst=1780798899599&bg=ffffff&guid=ON&async=1&en=gtag.config&gtm=45be6631v9100158892za200zd9100158892xec&gcd=13l3l3l3l1l1&dma=0&tag_exp=0~115938466~115938469~118228214~119027222&u_w=1280&u_h=720&url=https%3A%2F%2Fwww.espn.com%2Fnba%2Fteam%2Fstats%2F_%2Fname%2Fsa%2Fseason%2F2026%2Fseasontype%2F2&ref=https%3A%2F%2Fwww.espn.com%2Fnba%2Fteam%2Fstats%2F_%2Fname%2Fsa%2Fseason%2F2026%2Fseasontype%2F2&rcb=18&frm=1&hn=www.googleadservices.com&npa=0&pscdl=noapi&auid=1785555222.1780798684&uaa=arm&uab=64&uafvl=Not%253AA-Brand%3B99.0.0.0%7CHeadlessChrome%3B145.0.7632.6%7CChromium%3B145.0.7632.6&uamb=0&uam=&uap=macOS&uapv=26.5.1&uaw=0&data=event%3Dgtag.config&ept=9&rfmt=3&fmt=4 → 200 (81ms, 43B)
[2026-06-07T02:21:39.607Z] POST https://www.google.com/rmkt/collect/817714641/?random=1780798899599&cv=11&fst=1780798899599&fmt=8&bg=ffffff&guid=ON&async=1&en=gtag.config&gtm=45be6631v9100158892za200zd9100158892xec&gcd=13l3l3l3l1l1&dma=0&tag_exp=0~115938466~115938469~118228214~119027222&u_w=1280&u_h=720&url=https%3A%2F%2Fwww.espn.com%2Fnba%2Fteam%2Fstats%2F_%2Fname%2Fsa%2Fseason%2F2026%2Fseasontype%2F2&ref=https%3A%2F%2Fwww.espn.com%2Fnba%2Fteam%2Fstats%2F_%2Fname%2Fsa%2Fseason%2F2026%2Fseasontype%2F2&rcb=18&frm=1&hn=www.googleadservices.com&npa=0&pscdl=noapi&auid=1785555222.1780798684&uaa=arm&uab=64&uafvl=Not%253AA-Brand%3B99.0.0.0%7CHeadlessChrome%3B145.0.7632.6%7CChromium%3B145.0.7632.6&uamb=0&uam=&uap=macOS&uapv=26.5.1&uaw=0&data=event%3Dgtag.config&ept=68&gcp=5 → 200 (80ms, ?B)
[2026-06-07T02:21:39.607Z] POST https://www.google.com/ccm/collect?rcb=18&frm=1&auid=1785555222.1780798684&en=page_view&dr=www.espn.com&dl=https%3A%2F%2Fwww.espn.com%2Fnba%2Fteam%2Fstats%2F_%2Fname%2Fsa%2Fseason%2F2026%2Fseasontype%2F2&scrsrc=www.googletagmanager.com&rnd=703947441.1780798900&navt=n&npa=0&gtm=45be6631v9100158892za200zd9100158892xec&gcd=13l3l3l3l1l1&dma=0&tag_exp=0~115938466~115938469~118228214~119027222&apve=1&apvf=f&apvc=1&tids=AW-817714641&tid=AW-817714641&tft=1780798899607&tfd=26 → 200 (66ms, ?B)
[2026-06-07T02:21:39.622Z] GET https://ep2.adtrafficquality.google/generate_204?Qk9bBw → 204 (60ms, ?B)
[2026-06-07T02:21:40.107Z] GET https://load77.exelator.com/pixel.gif → 204 (265ms, ?B)
[2026-06-07T02:21:40.135Z] GET https://ep1.adtrafficquality.google/pagead/sodar?id=sodar2&v=254&t=2&li=gpt_m202606020101&jk=2595796768414462&bg=!3d6l3rzNAAYVyLrKNcg7AEcBe5WfON3bd8S5c05PBfB3kF9dz05-ey9-dk9jpmyV8ldnHW71vTAHV_2Avuwav0sURN2GmqMc-yAUFJhFDii0S1Gbm-RqAwIAAAA6UgAAAAJoAQd-ADZTnoKTw7a2cR0JC1azjEVY1picMo-Y15jx-_fcIRkoH4ag2NSK14DaXc2YXIXm725LM_eVo14KADuNK5CKwKMBpML773mHCzaB243mXyQtqxYbKQ7DC1-MjbFoBbsskn8eLeieeCzYxpb-FJaHu3P2FkMYYZkCLKIu_vsgpP0D1LphqoO99NIbHlGlMiGQk-BpfX15HkhKr8ZBn3n-lj2Y7_7GBnFZruDUA8IXGTK5CKA83NxN74GZlSTsFfMq8UsV189ISRPfS6q8VBhFCLNfdmfvgcs3CjSjQqidxUWNN_bbb9wasDy9-Un9qhGgdE4bg8NIvBUioQis23bXdwdsCvqCWMEGD5mdrMiK9Ry1Fxnr2CCQHjzO-9eNkWf1Q4ei-1Yms9cwFFD59JYrbjFYx6uj8T0rWCLBYiCY7Nvha9V61yfqt66WGKaAUPOqzYtQ7c4deilit_74pFXRqSbxUEXT1F90mXVIsoyZqSFTlXTHMQKa2X8x6pWQI5E5KPJdLTA2YckqmjUEJup07-Oxd2F94lrJANzsXg109uCDW9GSZcCNNHwzx8kNkvidu9rdnprHZbMvvMpQrBbmkefOhvq3x9esa0htQnFQNsZlJjVKhu2bKzqkdBiig4zeyJrXJYhiqqFgqp5acVAd0VsyfCPJc4BuRzcjdZ4LSI0HQefAkgqHIib5e4exDrSKEKXQT68SO4jV9PFQjtfti2J4zDwWDZdYe523Kl2CVEwsBJIiA1TDFal36OdHO6e_hQoAW0JaFoYMPU0mvaPZQeakXWzWly4_4a2UNWrrumxScb_BI0e--F9vm45-FZLh7ggJY3Wz7ALCuektqn7FdmwbwwTzhWfLXLEWBYX-O9O7chIyRI3Kh3Idz1Ma7iiZGifA8CI → 204 (92ms, ?B)
[2026-06-07T02:21:40.211Z] POST https://ty-trc-events.taboola.com/espnnetwork-espn/log/3/bulk-metrics?route=TY%3ATY%3AV&lti=default-trecs-3288-fix-served-sizes-reporting-on-explore-more-display-items_ctrl&tvi48=28907&tvi50=30819&cv=20260604-9-RELEASE&bulkSize=3 → 204 (75ms, ?B)
[2026-06-07T02:21:40.230Z] POST https://trc.taboola.com/espnnetwork-espn/log/3/bulk?route=TY%3ATY%3AV&lti=default-trecs-3288-fix-served-sizes-reporting-on-explore-more-display-items_ctrl&tvi48=28907&tvi50=30819&cv=20260604-9-RELEASE&bulkSize=2 → 204 (223ms, ?B)
[2026-06-07T02:21:40.233Z] GET https://cdn.taboola.com/libtrc/static/thumbnails/f539211219b796ffbb49949997c764f0.png → 200 (1ms, 254B)
[2026-06-07T02:21:40.369Z] GET https://securepubads.g.doubleclick.net/gampad/ads?pvsid=2595796768414462&correlator=1901454835822001&hxva=1&scor=2135719132956519&eid=31098216%2C31098954&output=ldjh&gdfp_req=1&vrg=202606020101&ptt=17&impl=fifs&iu_parts=21783347309%2Cespn.com%2Cnba%2Cteam%2Cstats&enc_prev_ius=%2F0%2F1%2F2%2F3%2F4%2C%2F0%2F1%2F2%2F3%2F4%2C%2F0%2F1%2F2%2F3%2F4&prev_iu_szs=1680x1050%2C1x2%2C1280x100%7C970x250%7C728x90&ifi=3&didk=3010656533~4279162950~1536363305&dids=ad-slot-wallpaper-732596~ad-slot-exclusions-801347~ad-slot-banner-558714&adfs=2270702648~1048629097~2685504501&sfv=1-0-45&rcs=0%2C1%2C0&eri=1&sc=1&lrm=100&cookie=ID%3D326ef29c6fe295d1%3AT%3D1780798684%3ART%3D1780798684%3AS%3DALNI_MbuNg1CHPk4-XBA2bEaSXHOnjIR-A&gpic=UID%3D000014476c1fb61d%3AT%3D1780798684%3ART%3D1780798684%3AS%3DALNI_MZ87n0tOZ4JypTPEOhZ9EM8Ibt3Pw&abxe=1&dt=1780798900361&lmt=1780799197&adxs=0%2C0%2C0&adys=109%2C109%2C302&biw=1280&bih=720&scr_x=0&scr_y=0&btvi=0%7C0%7C0&ucis=3%7C1%7C4&oid=2&u_his=7&u_h=720&u_w=1280&u_ah=720&u_aw=1280&u_cd=24&u_sd=1&u_tz=480&dmc=8&bc=31&nvt=1&uach=WyJtYWNPUyIsIjI2LjUuMSIsImFybSIsIiIsIjE0NS4wLjc2MzIuNiIsbnVsbCwwLG51bGwsIjY0IixbWyJOb3Q6QS1CcmFuZCIsIjk5LjAuMC4wIl0sWyJIZWFkbGVzc0Nocm9tZSIsIjE0NS4wLjc2MzIuNiJdLFsiQ2hyb21pdW0iLCIxNDUuMC43NjMyLjYiXV0sMF0.&uas=3&url=https%3A%2F%2Fwww.espn.com%2Fnba%2Fteam%2Fstats%2F_%2Fname%2Fsa%2Fseason%2F2026%2Fseasontype%2F2&vis=1&psz=1280x0%7C1280x0%7C1280x100&msz=1680x0%7C0x0%7C1280x100&fws=640%2C128%2C0&ohw=0%2C0%2C0&psts=AOrYGsmvrXJzYFt6XiYnFi9bJikywNFf8ZsJLD5nLdr-dEwfV0QPS9lAzX7YOEavmgX5g1uDdpwBiKh5F-EbUCnrIlBfISXPM9qca7Os2W7Qxfo94MejBYnFLY9aWWfVkCMd-kIezuCrH3HPOmu1zhQ&dlt=1780798897065&idt=2266&ppid=65CADD94-86DD-42C7-C200-34A22ED228D3&prev_scp=pos%3Dwallpaper%7Cpos%3Dexclusions%7Cpos%3Dbanner&cust_params=pgtyp%3Dstats%26sp%3Dnba%26ed%3Dus%26lang%3Den%26tm%3Dsa%26league%3Dnba%26darkmode%3Dfalse%26ajx_url%3Dhttps%253A%252F%252Fwww.espn.com%252Fnba%252Fteam%252Fstats%252F_%252Fname%252Fsa%252Fseason%252F2026%252Fseasontype%252F2%26mnr%3Df%26swid%3D65CADD94-86DD-42C7-C200-34A22ED228D3%26d_us_privacy%3D%26hip%3Dfbd007c8098451fee9ec27d9210f016957b077d490f991bbd60c6dfa4e0149fd%26inskin_yes%3Dno%26prof%3Dxl&adks=2402832512%2C4024085157%2C4032603497&frm=20&eo_id_str=ID%3D109055eb94a22d5f%3AT%3D1780798684%3ART%3D1780798684%3AS%3DAA-AfjYk-jrqmaBHDjDtBGCMJGLB&gblpids=%2F21783347309%2Fespn.com%2Fnba%2Fteam%2Fstats~%2F21783347309%2Fespn.com%2Fnba%2Fteam%2Fstats~%2F21783347309%2Fespn.com%2Fnba%2Fteam%2Fstats&pb_szs=970x250%7C728x90~970x250%7C728x90~970x250%7C728x90&pgls=CAk. → 200 (138ms, 1657B)
[2026-06-07T02:21:41.312Z] GET https://secure-sdk.imrworldwide.com/cgi-bin/gn?prd=dcr&ci=us-600140&ch=us-600140_b01_nba_S&asn=nba&fp_id=bvjx3iby8ivz36wlzzvtmisuy8rbt1780798683&fp_cr_tm=1780798683802&fp_acc_tm=1780798748759&fp_emm_tm=1780798748763&ve_id=&sessionId=ohfdeuggfrmiz2ulvzptohgieeyqd1780798899&prv=1&c6=vc,b01&ca=NA&c13=asid,P07264C85-15CD-4A80-8E56-B5BFA6D93296&c32=segA,stats&c33=segB,NA&c34=segC,stats&c15=apn,&sup=1&segment2=&segment1=&forward=0&plugv=&playerv=&ad=0&cr=V&c9=devid,&enc=true&c1=nuid,1t7q7zn6sluerrezaryzzdwff9qa01780798683&at=view&rt=text&c16=sdkv,bj.6.0.0&c27=cln,0&crs=&lat=&lon=&c29=plid,17807988992969148&c30=bldv,6.0.0.748&st=dcr&c7=osgrp,&c8=devgrp,&c10=plt,&c40=adbid,&c14=osver,NA&c26=dmap,1&dd=&hrd=&wkd=&c35=adrsid,&c36=cref1,&c37=cref2,&c11=agg,1&c12=apv,&c51=adl,0&c52=noad,0&pc=NA&c53=fef,n&c54=oad,&c55=cref3,&c57=adldf,2&ai=espn_nba_stats&c3=st,c&c64=starttm,1780798900&adid=espn_nba_stats&c58=isLive,false&c59=sesid,&c61=createtm,1780798901&c63=pipMode,&uoo=&c68=bndlid,&nodeTM=&logTM=&c73=phtype,&c74=dvcnm,&c76=adbsnid,&c44=progen,&davty=0&si=https%3A%2F%2Fwww.espn.com%2Fnba%2Fteam%2Fstats%2F_%2Fname%2Fsa%2Fseason%2F2026%2Fseasontype%2F2&c66=mediaurl,&sdd=&c62=sendTime,1780798901&rnd=329755 → 200 (91ms, 44B)
[2026-06-07T02:21:41.313Z] GET https://global.imrworldwide.com/cgi-bin/gn?prd=metadata&c9=devid,&c13=asid,P07264C85-15CD-4A80-8E56-B5BFA6D93296&sessionId=ohfdeuggfrmiz2ulvzptohgieeyqd1780798899&c30=bldv,6.0.0.748&pgUrl=https%3A%2F%2Fwww.espn.com%2Fnba%2Fteam%2Fstats%2F_%2Fname%2Fsa%2Fseason%2F2026%2Fseasontype%2F2&pgTitle=San%20Antonio%20Spurs%202025-26%20NBA%20Regular%20Season%20Stats%20-%20ESPN&uoo= → pending (?ms, ?B)
[2026-06-07T02:21:43.357Z] GET https://image8.pubmatic.com/AdServer/ImgSync?p=0 → 204 (493ms, ?B)
[2026-06-07T02:21:45.373Z] GET https://loadus.exelator.com/getid?p=1480&g=1&j=0&asid=P07264C85-15CD-4A80-8E56-B5BFA6D93296 → 302 (265ms, ?B)
[2026-06-07T02:21:45.638Z] GET https://load77.exelator.com/pixel.gif → 204 (266ms, ?B)
[2026-06-07T02:21:48.412Z] POST https://ty-trc-events.taboola.com/espnnetwork-espn/log/3/perf?tvi48=28907&tvi50=30819&route=TY%3ATY%3AV&lti=default-trecs-3288-fix-served-sizes-reporting-on-explore-more-display-items_ctrl → 204 (75ms, ?B)
[2026-06-07T02:21:50.907Z] GET https://loadus.exelator.com/getid?p=1480&g=1&j=0&asid=P07264C85-15CD-4A80-8E56-B5BFA6D93296 → pending (?ms, ?B)
[2026-06-07T02:21:51.172Z] GET https://load77.exelator.com/pixel.gif → 204 (264ms, ?B)
[2026-06-07T02:21:54.290Z] GET https://pespn.chartbeat.net/ping?h=espn.com&p=%2Fnba%2Fteam%2Fstats%2F_%2Fname%2Fsa%2Fseason%2F2026%2Fseasontype%2F2&u=BgdCSLBFrErGCzLBHt&d=espn.com&g=22222&g0=nba&g1=stats&g6=5075907490%7C%7C1&n=1&f=00001&c=0.25&x=0&m=0&y=2971&o=1280&w=720&j=30&R=1&W=0&I=0&E=5&e=5&r=&PA=https%3A%2F%2Fwww.espn.com%2Fnba%2Fteam%2Fstats%2F_%2Fname%2Fsa%2Fseason%2F2026%2Fseasontype%2F2&b=1570&t=D4vkBqoNRbD_n4wPCRalDKIhHw&V=151&tz=-480&sn=2&sv=CzQtlhsUPzxDnTh9-CLR16mVcNuC&sr=external&sd=1&im=067b2ff3&_ → 200 (262ms, 43B)
[2026-06-07T02:21:56.439Z] GET https://loadus.exelator.com/getid?p=1480&g=1&j=0&asid=P07264C85-15CD-4A80-8E56-B5BFA6D93296 → 302 (350ms, ?B)
[2026-06-07T02:21:56.789Z] GET https://load77.exelator.com/pixel.gif → pending (?ms, ?B)
[2026-06-07T02:21:58.416Z] POST https://ty-trc-events.taboola.com/espnnetwork-espn/log/3/perf?tvi48=28907&tvi50=30819&route=TY%3ATY%3AV&lti=default-trecs-3288-fix-served-sizes-reporting-on-explore-more-display-items_ctrl → pending (?ms, ?B)
[2026-06-07T02:22:02.053Z] GET https://loadus.exelator.com/getid?p=1480&g=1&j=0&asid=P07264C85-15CD-4A80-8E56-B5BFA6D93296 → 302 (268ms, ?B)
[2026-06-07T02:22:02.321Z] GET https://load77.exelator.com/pixel.gif → 204 (309ms, ?B)
[2026-06-07T02:22:07.697Z] POST https://espn.api.edge.bamgrid.com/envelope/v2?tokenState=stale → 200 (241ms, 2B)
[2026-06-07T02:22:07.943Z] POST https://browser-intake-datadoghq.com/api/v2/rum?ddsource=browser&dd-api-key=pubd83c3b581e016b93e0fe432a8bdf3a38&dd-evp-origin-version=6.25.4&dd-evp-origin=browser&dd-request-id=4518defb-07bc-41e8-87c6-4a77de5314b9&batch_time=1780798927940&_dd.api=fetch-keepalive → pending (?ms, ?B)
[2026-06-07T02:22:08.417Z] POST https://ty-trc-events.taboola.com/espnnetwork-espn/log/3/perf?tvi48=28907&tvi50=30819&route=TY%3ATY%3AV&lti=default-trecs-3288-fix-served-sizes-reporting-on-explore-more-display-items_ctrl → 204 (76ms, ?B)
[2026-06-07T02:22:09.291Z] GET https://pespn.chartbeat.net/ping?h=espn.com&p=%2Fnba%2Fteam%2Fstats%2F_%2Fname%2Fsa%2Fseason%2F2026%2Fseasontype%2F2&u=BgdCSLBFrErGCzLBHt&d=espn.com&g=22222&g0=nba&g1=stats&g6=5075907490%7C%7C1&n=1&f=00001&c=0.5&x=0&m=0&y=2971&o=1280&w=720&j=45&R=0&W=0&I=1&E=5&e=0&r=&PA=https%3A%2F%2Fwww.espn.com%2Fnba%2Fteam%2Fstats%2F_%2Fname%2Fsa%2Fseason%2F2026%2Fseasontype%2F2&b=1570&t=D4vkBqoNRbD_n4wPCRalDKIhHw&V=151&tz=-480&sn=3&sv=CzQtlhsUPzxDnTh9-CLR16mVcNuC&sr=external&sd=1&im=067b2ff3&_ → 200 (261ms, 43B)
[2026-06-07T02:22:18.418Z] POST https://ty-trc-events.taboola.com/espnnetwork-espn/log/3/perf?tvi48=28907&tvi50=30819&route=TY%3ATY%3AV&lti=default-trecs-3288-fix-served-sizes-reporting-on-explore-more-display-items_ctrl → 204 (75ms, ?B)
[2026-06-07T02:22:28.417Z] POST https://ty-trc-events.taboola.com/espnnetwork-espn/log/3/perf?tvi48=28907&tvi50=30819&route=TY%3ATY%3AV&lti=default-trecs-3288-fix-served-sizes-reporting-on-explore-more-display-items_ctrl → 204 (74ms, ?B)
[2026-06-07T02:22:37.946Z] POST https://browser-intake-datadoghq.com/api/v2/rum?ddsource=browser&dd-api-key=pubd83c3b581e016b93e0fe432a8bdf3a38&dd-evp-origin-version=6.25.4&dd-evp-origin=browser&dd-request-id=7d4352a1-74f1-4f17-9c38-69cb31a3626d&batch_time=1780798957944&_dd.api=fetch-keepalive → pending (?ms, ?B)
[2026-06-07T02:22:38.416Z] POST https://ty-trc-events.taboola.com/espnnetwork-espn/log/3/perf?tvi48=28907&tvi50=30819&route=TY%3ATY%3AV&lti=default-trecs-3288-fix-served-sizes-reporting-on-explore-more-display-items_ctrl → 204 (168ms, ?B)
[2026-06-07T02:22:39.291Z] GET https://pespn.chartbeat.net/ping?h=espn.com&p=%2Fnba%2Fteam%2Fstats%2F_%2Fname%2Fsa%2Fseason%2F2026%2Fseasontype%2F2&u=BgdCSLBFrErGCzLBHt&d=espn.com&g=22222&g0=nba&g1=stats&g6=5075907490%7C%7C1&n=1&f=00001&c=1&x=0&m=0&y=2971&o=1280&w=720&j=60&R=0&W=0&I=1&E=5&e=0&r=&PA=https%3A%2F%2Fwww.espn.com%2Fnba%2Fteam%2Fstats%2F_%2Fname%2Fsa%2Fseason%2F2026%2Fseasontype%2F2&b=1570&t=D4vkBqoNRbD_n4wPCRalDKIhHw&V=151&tz=-480&sn=4&sv=CzQtlhsUPzxDnTh9-CLR16mVcNuC&sr=external&sd=1&im=067b2ff3&_ → 200 (263ms, 43B)
[2026-06-07T02:22:39.377Z] POST https://vision.fn-pz.com/v3/event → 202 (242ms, ?B)
[2026-06-07T02:22:48.416Z] POST https://ty-trc-events.taboola.com/espnnetwork-espn/log/3/perf?tvi48=28907&tvi50=30819&route=TY%3ATY%3AV&lti=default-trecs-3288-fix-served-sizes-reporting-on-explore-more-display-items_ctrl → 204 (72ms, ?B)
[2026-06-07T02:22:58.415Z] POST https://ty-trc-events.taboola.com/espnnetwork-espn/log/3/perf?tvi48=28907&tvi50=30819&route=TY%3ATY%3AV&lti=default-trecs-3288-fix-served-sizes-reporting-on-explore-more-display-items_ctrl → 204 (80ms, ?B)
[2026-06-07T02:23:08.417Z] POST https://ty-trc-events.taboola.com/espnnetwork-espn/log/3/perf?tvi48=28907&tvi50=30819&route=TY%3ATY%3AV&lti=default-trecs-3288-fix-served-sizes-reporting-on-explore-more-display-items_ctrl → 204 (74ms, ?B)
[2026-06-07T02:23:13.037Z] GET https://www.espn.com/nba/team/stats/_/name/ny/season/2026/seasontype/2 → 200 (293ms, 484384B)
[2026-06-07T02:23:13.037Z] POST https://ty-trc-events.taboola.com/espnnetwork-espn/log/3/perf?tvi48=28907&tvi50=30819&route=TY%3ATY%3AV&lti=default-trecs-3288-fix-served-sizes-reporting-on-explore-more-display-items_ctrl → 204 (72ms, ?B)
[2026-06-07T02:23:13.037Z] GET https://secure-sdk.imrworldwide.com/cgi-bin/gn?prd=dcr&ci=us-600140&ch=us-600140_b01_nba_S&asn=nba&fp_id=bvjx3iby8ivz36wlzzvtmisuy8rbt1780798683&fp_cr_tm=1780798683802&fp_acc_tm=1780798748759&fp_emm_tm=1780798748763&ve_id=&sessionId=ohfdeuggfrmiz2ulvzptohgieeyqd1780798899&prv=1&c6=vc,b01&ca=NA&c13=asid,P07264C85-15CD-4A80-8E56-B5BFA6D93296&c32=segA,stats&c33=segB,NA&c34=segC,stats&c15=apn,&sup=1&segment2=&segment1=&forward=0&plugv=&playerv=&ad=0&cr=D&c9=devid,&enc=true&c1=nuid,1t7q7zn6sluerrezaryzzdwff9qa01780798683&at=timer&rt=text&c16=sdkv,bj.6.0.0&c27=cln,92&crs=&lat=&lon=&c29=plid,17807988992969148&c30=bldv,6.0.0.748&st=dcr&c7=osgrp,&c8=devgrp,&c10=plt,&c40=adbid,&c14=osver,NA&c26=dmap,1&dd=&hrd=&wkd=&c35=adrsid,&c36=cref1,&c37=cref2,&c11=agg,1&c12=apv,&c51=adl,0&c52=noad,0&pc=NA&c53=fef,n&c54=oad,&c55=cref3,&c57=adldf,2&ai=espn_nba_stats&c3=st,c&c64=starttm,1780798900&adid=espn_nba_stats&c58=isLive,false&c59=sesid,&c61=createtm,1780798993&c63=pipMode,&uoo=&c68=bndlid,&nodeTM=&logTM=&c73=phtype,&c74=dvcnm,&c76=adbsnid,&c44=progen,&davty=2&si=https%3A%2F%2Fwww.espn.com%2Fnba%2Fteam%2Fstats%2F_%2Fname%2Fsa%2Fseason%2F2026%2Fseasontype%2F2&c66=mediaurl,&sdd=&c62=sendTime,1780798993&rnd=800841 → 200 (268ms, ?B)
[2026-06-07T02:23:13.337Z] GET https://p1.parsely.com/px/?rand=1780798993330&plid=d7764c17-b43b-447c-9853-8e08c61e1037&idsite=espn.com&url=https%3A%2F%2Fwww.espn.com%2Fnba%2Fteam%2Fstats%2F_%2Fname%2Fsa%2Fseason%2F2026%2Fseasontype%2F2&urlref=&screen=1280x720%7C1280x720%7C24&data=%7B%7D&sid=1&surl=https%3A%2F%2Fwww.espn.com%2Fnba%2Fteam%2Fstats%2F_%2Fname%2Fsa%2Fsan-antonio-spurs&sref=&sts=1780798683783&slts=0&date=Sun+Jun+07+2026+10%3A23%3A13+GMT%2B0800+(China+Standard+Time)&action=heartbeat&inc=5&tt=4902&pvid=ea8d6a9d-f942-4365-83e8-ee9a1b54b2cf&u=pid%3D548a9c48-1fbf-45f2-9c64-a2e84c5ce1ea → pending (?ms, ?B)
[2026-06-07T02:23:13.337Z] POST https://ty-trc-events.taboola.com/espnnetwork-espn/log/3/perf?tvi48=28907&tvi50=30819&route=TY%3ATY%3AV&lti=default-trecs-3288-fix-served-sizes-reporting-on-explore-more-display-items_ctrl → pending (?ms, ?B)
[2026-06-07T02:23:13.338Z] GET https://dcf.espn.com/TWDC-DTCI/prod/Bootstrap.js → 200 (194ms, 676624B)
[2026-06-07T02:23:13.340Z] GET https://cdn1.espn.net/fitt/43919cae0e28-release-06-02-2026.2.0.4833/client/espnfitt/css/fusion-a01cce68.css → 200 (6ms, 642726B)
[2026-06-07T02:23:13.340Z] GET https://cdn1.espn.net/fitt/43919cae0e28-release-06-02-2026.2.0.4833/client/espnfitt/css/6185-d8af0775.css → 200 (6ms, 95361B)
[2026-06-07T02:23:13.341Z] GET https://cdn1.espn.net/fitt/43919cae0e28-release-06-02-2026.2.0.4833/client/espnfitt/css/espnfitt-aac59152.css → 200 (5ms, 306945B)
[2026-06-07T02:23:13.341Z] GET https://cdn1.espn.net/fitt/43919cae0e28-release-06-02-2026.2.0.4833/client/espnfitt/css/394-f8f14c08.css → 200 (5ms, 14830B)
[2026-06-07T02:23:13.341Z] GET https://cdn1.espn.net/fitt/43919cae0e28-release-06-02-2026.2.0.4833/client/espnfitt/css/1825-bae7d0ed.css → 200 (5ms, 4318B)
[2026-06-07T02:23:13.341Z] GET https://cdn1.espn.net/fitt/43919cae0e28-release-06-02-2026.2.0.4833/client/espnfitt/css/3479-14ceef13.css → 200 (5ms, 14714B)
[2026-06-07T02:23:13.341Z] GET https://cdn1.espn.net/fitt/43919cae0e28-release-06-02-2026.2.0.4833/client/espnfitt/css/team.stats-142b92ad.css → 200 (5ms, 16182B)
[2026-06-07T02:23:13.341Z] GET https://a.espncdn.com/fonts/_Publico/PublicoBannerExtraboldWeb.woff2 → 200 (234ms, 43297B)
[2026-06-07T02:23:13.341Z] GET https://a.espncdn.com/fonts/_BentonSans/BentonSansBlack.woff2 → 200 (222ms, 16088B)
[2026-06-07T02:23:13.341Z] GET https://a.espncdn.com/fonts/_BentonSansCond/BentonSansCondBold.woff2 → 200 (6ms, 14728B)
[2026-06-07T02:23:13.341Z] GET https://a.espncdn.com/fonts/_PlayoffProCond/PlayoffProCondBold.woff2 → 200 (234ms, 15324B)
[2026-06-07T02:23:13.341Z] GET https://a.espncdn.com/fonts/_PlayoffProCond/PlayoffProCondBlack.woff2 → 200 (221ms, 15320B)
[2026-06-07T02:23:13.341Z] GET https://a.espncdn.com/fonts/_BentonSans/BentonSansBold.woff2 → 200 (222ms, 25008B)
[2026-06-07T02:23:13.341Z] GET https://a.espncdn.com/fonts/_BentonSans/BentonSansMedium.woff2 → 200 (2ms, ?B)
[2026-06-07T02:23:13.343Z] GET https://a.espncdn.com/fonts/_BentonSans/BentonSansRegular.woff2 → 200 (4ms, 24448B)
[2026-06-07T02:23:13.343Z] GET https://a.espncdn.com/fonts/_Ignite/ESPNIgniteDisplay-CondensedHeavy-Web.woff2 → 200 (?ms, ?B)
[2026-06-07T02:23:13.344Z] GET https://a.espncdn.com/fonts/_Ignite/ESPNIgniteText-Regular-Web.woff2 → 200 (?ms, ?B)
[2026-06-07T02:23:13.344Z] GET https://a.espncdn.com/fonts/_Ignite/ESPNIgniteTextCondensed-Regular-Web.woff2 → 200 (?ms, ?B)
[2026-06-07T02:23:13.344Z] GET https://a.espncdn.com/fonts/_Ignite/ESPNIgniteTextCondensed-Bold-Web.woff2 → 200 (231ms, 31048B)
[2026-06-07T02:23:13.344Z] GET https://cdn1.espn.net/fitt/43919cae0e28-release-06-02-2026.2.0.4833/client/espnfitt/runtime-5b7306cd.js → 200 (?ms, 5335B)
[2026-06-07T02:23:13.344Z] GET https://cdn1.espn.net/fitt/43919cae0e28-release-06-02-2026.2.0.4833/client/espnfitt/dmp-sdk-cbf49318.js → 200 (?ms, 2948838B)
[2026-06-07T02:23:13.344Z] GET https://cdn1.espn.net/fitt/43919cae0e28-release-06-02-2026.2.0.4833/client/espnfitt/6185-08c0f755.js → 200 (?ms, 2053068B)
[2026-06-07T02:23:13.344Z] GET https://cdn1.espn.net/fitt/43919cae0e28-release-06-02-2026.2.0.4833/client/espnfitt/1609-dac15037.js → 200 (?ms, 10598B)
[2026-06-07T02:23:13.344Z] GET https://cdn1.espn.net/fitt/43919cae0e28-release-06-02-2026.2.0.4833/client/espnfitt/9264-d288023b.js → 200 (1ms, 15293B)
[2026-06-07T02:23:13.345Z] GET https://cdn1.espn.net/fitt/43919cae0e28-release-06-02-2026.2.0.4833/client/espnfitt/394-c019a863.js → 200 (?ms, 20707B)
[2026-06-07T02:23:13.345Z] GET https://cdn1.espn.net/fitt/43919cae0e28-release-06-02-2026.2.0.4833/client/espnfitt/3866-debef506.js → 200 (?ms, 369B)
[2026-06-07T02:23:13.345Z] GET https://cdn1.espn.net/fitt/43919cae0e28-release-06-02-2026.2.0.4833/client/espnfitt/1765-53c8f25a.js → 200 (?ms, 5825B)
[2026-06-07T02:23:13.345Z] GET https://cdn1.espn.net/fitt/43919cae0e28-release-06-02-2026.2.0.4833/client/espnfitt/149-d38c33d6.js → 200 (?ms, 9284B)
[2026-06-07T02:23:13.345Z] GET https://cdn1.espn.net/fitt/43919cae0e28-release-06-02-2026.2.0.4833/client/espnfitt/6845-f9662716.js → 200 (?ms, 8499B)
[2026-06-07T02:23:13.345Z] GET https://cdn1.espn.net/fitt/43919cae0e28-release-06-02-2026.2.0.4833/client/espnfitt/1029-124f7f39.js → 200 (?ms, 12128B)
[2026-06-07T02:23:13.345Z] GET https://cdn1.espn.net/fitt/43919cae0e28-release-06-02-2026.2.0.4833/client/espnfitt/9195-ac79fa8d.js → 200 (?ms, 25611B)
[2026-06-07T02:23:13.345Z] GET https://cdn1.espn.net/fitt/43919cae0e28-release-06-02-2026.2.0.4833/client/espnfitt/6746-79f4cb5e.js → 200 (1ms, 6118B)
[2026-06-07T02:23:13.346Z] GET https://cdn1.espn.net/fitt/43919cae0e28-release-06-02-2026.2.0.4833/client/espnfitt/821-0e469e43.js → 200 (?ms, 6131B)
[2026-06-07T02:23:13.346Z] GET https://cdn1.espn.net/fitt/43919cae0e28-release-06-02-2026.2.0.4833/client/espnfitt/2553-30c398b3.js → 200 (?ms, 9780B)
[2026-06-07T02:23:13.346Z] GET https://cdn1.espn.net/fitt/43919cae0e28-release-06-02-2026.2.0.4833/client/espnfitt/4714-ce84554c.js → 200 (?ms, 9416B)
[2026-06-07T02:23:13.411Z] GET https://cdn1.espn.net/fitt/43919cae0e28-release-06-02-2026.2.0.4833/client/espnfitt/_manifest.js → 200 (136ms, ?B)
[2026-06-07T02:23:13.411Z] GET https://cdn1.espn.net/fitt/43919cae0e28-release-06-02-2026.2.0.4833/client/espnfitt/espn-en-0193295f.js → 200 (137ms, ?B)
[2026-06-07T02:23:13.411Z] GET https://cdn1.espn.net/fitt/43919cae0e28-release-06-02-2026.2.0.4833/client/espnfitt/espnfitt-4be98d9b.js → 200 (166ms, ?B)
[2026-06-07T02:23:13.411Z] GET https://cdn1.espn.net/fitt/43919cae0e28-release-06-02-2026.2.0.4833/client/espnfitt/team.stats-b132d699.js → 200 (137ms, ?B)
[2026-06-07T02:23:13.547Z] GET https://www.datadoghq-browser-agent.com/us1/v5/datadog-rum.js → pending (?ms, ?B)
[2026-06-07T02:23:13.547Z] GET https://cdn1.espn.net/fitt/43919cae0e28-release-06-02-2026.2.0.4833/client/espnfitt/_manifest.js → 200 (?ms, 47737B)
[2026-06-07T02:23:13.547Z] GET https://cdn1.espn.net/fitt/43919cae0e28-release-06-02-2026.2.0.4833/client/espnfitt/espn-en-0193295f.js → 200 (1ms, 208120B)
[2026-06-07T02:23:13.547Z] GET https://cdn1.espn.net/fitt/43919cae0e28-release-06-02-2026.2.0.4833/client/espnfitt/espnfitt-4be98d9b.js → 200 (1ms, 591854B)
[2026-06-07T02:23:13.547Z] GET https://cdn1.espn.net/fitt/43919cae0e28-release-06-02-2026.2.0.4833/client/espnfitt/team.stats-b132d699.js → 200 (1ms, 44717B)
[2026-06-07T02:23:13.630Z] GET https://a.espncdn.com/fonts/_BentonSans/BentonSansMedium-i18n-support.woff2 → 200 (?ms, ?B)
[2026-06-07T02:23:13.630Z] GET https://secure.espncdn.com/redesign/assets/img/logos/logo-espn-82x20.png → 200 (?ms, 571B)
[2026-06-07T02:23:13.631Z] GET https://a.espncdn.com/fonts/_BentonSans/BentonSansRegular-i18n-support.woff2 → 200 (205ms, 39924B)
[2026-06-07T02:23:13.631Z] GET https://pcs.bamgrid.com/v1/espn?namespaces=web&brand=google&platform=chrome → 200 (75ms, 575B)
[2026-06-07T02:23:13.689Z] GET https://cdn.registerdisney.go.com/v4/OneID.js → 200 (17ms, 475420B)
[2026-06-07T02:23:13.689Z] GET https://client-sdk-configs.bamgrid.com/bam-sdk/v7.0/espn-a9b93989/browser/v35.2/macosx/chrome/prod.json → 200 (17ms, 84218B)
[2026-06-07T02:23:13.712Z] POST https://espn.api.edge.bamgrid.com/graph/v1/device/graphql → 200 (227ms, 8990B)
[2026-06-07T02:23:13.712Z] GET https://pcs.bamgrid.com/v1/espn?namespaces=hive-dmp → 200 (72ms, 319B)
[2026-06-07T02:23:13.761Z] GET https://cdn.registerdisney.go.com/v4/bundle/web/ESPN-ONESITE.WEB/en-US?cssOverride=https%3A%2F%2Fsecure.espncdn.com%2Fcombiner%2Fc%3Fcss%3Ddisneyid%2Fcorev4.css&logLevel=INFO → 200 (1ms, 2610799B)
[2026-06-07T02:23:13.762Z] GET https://www.espn.com/login/responder/v4/index.html?clientId=ESPN-ONESITE.WEB&environment=PROD → 200 (3ms, 127B)
[2026-06-07T02:23:13.767Z] GET https://cdn.registerdisney.go.com/v4/responder.js → 200 (?ms, 8348B)
[2026-06-07T02:23:13.784Z] GET https://hiveplayer-static.bamgrid.com/artifacts/hive/playback-service/26.5.0-esmeralda/all_browser_es5/playback-service.js → 200 (53ms, 860503B)
[2026-06-07T02:23:13.796Z] GET https://cdn.registerdisney.go.com/v4/asset/bundler/ESPN/v4/images/v2/espn-red-logo.svg → 200 (1ms, 1258B)
[2026-06-07T02:23:13.796Z] GET https://www.google.com/recaptcha/enterprise.js?onload=grecaptcha1780798993794&render=6LciB_gZAAAAAA_mwJ4G0XZ0BXWvLTt67V7YizXx&hl=en → 200 (75ms, 1797B)
[2026-06-07T02:23:13.796Z] GET https://fonts.gstatic.com/s/notosans/v27/o-0IIpQlx3QUlC5A4PNr5TRASf6M7Q.woff2 → 200 (?ms, ?B)
[2026-06-07T02:23:13.836Z] GET https://a.espncdn.com/combiner/i?img=/i/teamlogos/nba/500/ny.png&h=200&w=200 → 200 (?ms, 23477B)
[2026-06-07T02:23:13.836Z] GET https://a.espncdn.com/combiner/i?img=/i/teamlogos/nba/500/ny.png&scale=crop&cquality=40&location=origin&w=64&h=64 → 200 (?ms, 4240B)
[2026-06-07T02:23:13.836Z] GET https://a.espncdn.com/combiner/i?img=/i/headshots/nba/players/full/3934672.png&h=96&w=96&scale=crop → 200 (1ms, 13963B)
[2026-06-07T02:23:13.836Z] GET https://a.espncdn.com/combiner/i?img=/i/headshots/nba/players/full/3136195.png&h=96&w=96&scale=crop → 200 (1ms, 13371B)
[2026-06-07T02:23:13.836Z] GET https://a.espncdn.com/combiner/i?img=/i/headshots/nba/players/full/3934719.png&h=96&w=96&scale=crop → pending (?ms, ?B)
[2026-06-07T02:23:13.851Z] GET https://a.espncdn.com/redesign/assets/img/logos/espn-404@2x.png → 200 (?ms, 2266B)
[2026-06-07T02:23:13.851Z] GET https://a.espncdn.com/assets/icons/appTile.svg → pending (?ms, ?B)
[2026-06-07T02:23:13.851Z] GET https://a.espncdn.com/assets/icons/fantasy-white.svg → 200 (?ms, 1546B)
[2026-06-07T02:23:13.851Z] GET https://a.espncdn.com/combiner/i?img=/i/headshots/nba/players/full/4351852.png&h=96&w=96&scale=crop → pending (?ms, ?B)
[2026-06-07T02:23:13.852Z] GET https://pcs.bamgrid.com/v1/espn?brand=google&platform=chrome&os=macos&namespaces=hive-dmp,ads,pqm → 200 (65ms, 1794B)
[2026-06-07T02:23:13.872Z] GET https://www.gstatic.com/recaptcha/releases/ne1iDVwClkE7nKD3uA9Vqsvl/recaptcha__en.js → 200 (12ms, 894957B)
[2026-06-07T02:23:13.888Z] GET https://www.google.com/recaptcha/enterprise/anchor?ar=1&k=6LciB_gZAAAAAA_mwJ4G0XZ0BXWvLTt67V7YizXx&co=aHR0cHM6Ly9jZG4ucmVnaXN0ZXJkaXNuZXkuZ28uY29tOjQ0Mw..&hl=en&v=ne1iDVwClkE7nKD3uA9Vqsvl&size=invisible&anchor-ms=20000&execute-ms=30000&cb=usakqgjf6ozv → 200 (87ms, ?B)
[2026-06-07T02:23:13.981Z] GET https://www.gstatic.com/recaptcha/releases/ne1iDVwClkE7nKD3uA9Vqsvl/styles__ltr.css → 200 (?ms, 82857B)
[2026-06-07T02:23:13.982Z] GET https://www.gstatic.com/recaptcha/releases/ne1iDVwClkE7nKD3uA9Vqsvl/recaptcha__en.js → 200 (11ms, ?B)
[2026-06-07T02:23:14.033Z] GET https://fonts.gstatic.com/s/roboto/v48/KFO7CnqEu92Fr1ME7kSn66aGLdTylUAMa3yUBHMdazQ.woff2 → 200 (?ms, ?B)
[2026-06-07T02:23:14.138Z] GET https://www.google.com/recaptcha/enterprise/webworker.js?hl=en&v=ne1iDVwClkE7nKD3uA9Vqsvl → 200 (69ms, 102B)
[2026-06-07T02:23:14.142Z] GET https://www.gstatic.com/recaptcha/api2/logo_48.png → 200 (?ms, 2228B)
[2026-06-07T02:23:14.156Z] GET https://cdn.taboola.com/libtrc/espn-network/loader.js → 200 (?ms, 1278728B)
[2026-06-07T02:23:14.156Z] GET https://secure.espncdn.com/connected-devices/espn-watchsdk-js/4.6.8/dist/espn-watchsdk-web-umd.min.js → 200 (?ms, 354702B)
[2026-06-07T02:23:14.162Z] GET https://cdn.taboola.com/libtrc/tr5?abgroup=trecs-3288-fix-served-sizes-reporting-on-explore-more-display-items_ctrl&pub=espn-network → 200 (8ms, 3B)
[2026-06-07T02:23:14.170Z] GET https://gum.criteo.com/sync?c=72&r=2&j=TRC.getRTUS → 200 (?ms, 139B)
[2026-06-07T02:23:14.194Z] GET https://a.espncdn.com/connected-devices/app-configurations/espn-js-sdk-web-2.0.config.json → 200 (1ms, 3104B)
[2026-06-07T02:23:14.194Z] GET https://entitlement.auth.adobe.com/entitlement/v4/AccessEnabler.js → 200 (99ms, 131981B)
[2026-06-07T02:23:14.194Z] GET https://broadband.espn.com/espn3/auth/watchespn/user?partner=watchespn&platform=web → 200 (611ms, 331B)
[2026-06-07T02:23:14.207Z] GET https://www.gstatic.com/recaptcha/releases/ne1iDVwClkE7nKD3uA9Vqsvl/recaptcha__en.js → 200 (43ms, 894957B)
[2026-06-07T02:23:14.295Z] GET https://sp.auth.adobe.com/entitlement/v4/AccessEnablerProxy.html?9f61ce3349740cda7528 → 200 (215ms, 235B)
[2026-06-07T02:23:14.513Z] GET https://sp.auth.adobe.com/entitlement/v4/AccessEnablerProxy.js → 200 (214ms, 6012B)
[2026-06-07T02:23:14.660Z] GET https://site.web.api.espn.com/apis/personalized/v2/scoreboard/header?sport=basketball&league=nba&region=us&lang=en&contentorigin=espn&configuration=STREAM_MENU&platform=web&features=sfb-all%2Ccutl&buyWindow=1m&showAirings=buy%2Clive%2Creplay&showZipLookup=true&tz=America%2FNew_York&postalCode=100000&playabilitySource=playbackId → pending (?ms, ?B)
[2026-06-07T02:23:14.675Z] GET https://pm-widget.taboola.com/espn-network/load.js → 200 (?ms, 3174B)
[2026-06-07T02:23:14.675Z] POST https://trc.taboola.com/espnnetwork-espn/trc/3/json?llvl=2&tim=10%3A23%3A14.674&lti=default-trecs-3288-fix-served-sizes-reporting-on-explore-more-display-items_ctrl&pubit=n&t=1&data=%7B%22id%22%3A%2223445%22%2C%22sd%22%3A%22v2_2fa71d9e273704cdb260075ada07af38_f0100220-852a-412b-88a3-f1a27398fd2e-tuct111e5a58_1780798680_1780798899_CNawjgYQwqhJGOKFi__pMyAEKAEwMDjK_QdA9qAQSNru1gNQ4cIJWABgAGjc6tGZ9I2O2UJwAYABAIgBAJABAA%22%2C%22ui%22%3A%22f0100220-852a-412b-88a3-f1a27398fd2e-tuct111e5a58%22%2C%22ii%22%3A%22%2Fnba%2Fteam%2Fstats%2F_%2Fname%2Fny%2Fseason%2F2026%2Fseasontype%2F2%22%2C%22it%22%3A%22other%22%2C%22vi%22%3A1780798994674%2C%22cv%22%3A%2220260604-9-RELEASE%22%2C%22uiv%22%3A%22default%22%2C%22u%22%3A%22https%3A%2F%2Fwww.espn.com%2Fnba%2Fteam%2Fstats%2F_%2Fname%2Fny%2Fseason%2F2026%2Fseasontype%2F2%22%2C%22qs%22%3A%22%22%2C%22bv%22%3A%220%22%2C%22btv%22%3A%220%22%2C%22ul%22%3A%5B%22en-US%22%5D%2C%22cos%22%3A%224g%22%2C%22e%22%3A%22https%3A%2F%2Fwww.espn.com%2Fnba%2Fteam%2Fstats%2F_%2Fname%2Fsa%2Fseason%2F2026%2Fseasontype%2F2%22%2C%22bu%22%3A%22https%3A%2F%2Fwww.espn.com%2Fnba%2Fteam%2Fstats%2F_%2Fname%2Fny%2Fseason%2F2026%2Fseasontype%2F2%22%2C%22vpi%22%3A%22%2Fnba%2Fteam%2Fstats%2F_%2Fname%2Fny%2Fseason%2F2026%2Fseasontype%2F2%22%2C%22bad%22%3A-1%2C%22sw%22%3A1280%2C%22sh%22%3A720%2C%22bw%22%3A1280%2C%22bh%22%3A720%2C%22dw%22%3A1280%2C%22dh%22%3A2485%2C%22sde%22%3A%221.000%22%2C%22lt%22%3A%22default-trecs-3288-fix-served-sizes-reporting-on-explore-more-display-items_ctrl%22%2C%22nsid%22%3A%22espn-network%22%2C%22r%22%3A%5B%7B%22li%22%3A%22rbox-o2m%22%2C%22uip%22%3A%22below%20content%20-%20dead%20end%20-%20nba%22%2C%22orig_uip%22%3A%22below%20content%20-%20dead%20end%20-%20nba%22%2C%22s%22%3A3%2C%22uim%22%3A%22thumbnails-a%3Apub%3Despn-network%3Aabp%3D0%22%2C%22cd%22%3A2292.19%2C%22mw%22%3A1220%7D%5D%2C%22pev%22%3A%2231150%22%2C%22rtui%22%3A%22paqQSl9HbHdLZUl1eUg4bjN1SnZmaDZ0JTJCWE96cjhiZUJaS0xhclk5ZjZobVdZdkNmVkVnM1BKVnJSb3k2RFUlMkJyak1iQw%22%2C%22uad%22%3A%7B%22mobile%22%3Afalse%2C%22model%22%3A%22%22%2C%22platform%22%3A%22macOS%22%2C%22platformVersion%22%3A%2226.5.1%22%2C%22uaFullVersion%22%3A%22145.0.7632.6%22%7D%2C%22cacheKey%22%3A%22other%3D%2Fnba%2Fteam%2Fstats%2F_%2Fname%2Fny%2Fseason%2F2026%2Fseasontype%2F2%2Cbelow%20content%20-%20dead%20end%20-%20nba%3Dthumbnails-a%3Apub%3Despn-network%3Aabp%3D0%22%2C%22_cn%22%3A%22tions_1%22%2C%22lbt%22%3A1780584001285%2C%22uifp%22%3A%22f0100220-852a-412b-88a3-f1a27398fd2e-tuct111e5a58%22%2C%22wc%22%3Atrue%7D → 200 (273ms, 21032B)
[2026-06-07T02:23:14.676Z] GET https://pm-widget.taboola.com/espn-network/pmk-20220605.9.js → 200 (3ms, 85778B)
[2026-06-07T02:23:14.734Z] GET https://sp.auth.adobe.com/adobe-services/config/ESPN → 200 (238ms, 240710B)
[2026-06-07T02:23:14.955Z] POST https://ty-trc-events.taboola.com/espnnetwork-espn/log/2/debug?type=warn&msg=adgb%20-%20not%20initialized.&lt=default-trecs-3288-fix-served-sizes-reporting-on-explore-more-display-items_ctrl&tvi48=28907&tvi50=30819&tim=10%3A23%3A14.953&id=76995&cv=20260604-9-RELEASE&llvl=2 → pending (?ms, ?B)
[2026-06-07T02:23:14.955Z] POST https://ty-trc-events.taboola.com/espnnetwork-espn/log/3/abtests?route=TY%3ATY%3AV&lti=default-trecs-3288-fix-served-sizes-reporting-on-explore-more-display-items_ctrl&tvi48=28907&tvi50=30819&ri=9e234f2c84d014015a9f3f76a85e603a&sd=v2_2fa71d9e273704cdb260075ada07af38_f0100220-852a-412b-88a3-f1a27398fd2e-tuct111e5a58_1780798680_1780798994_CNawjgYQwqhJGPLxkP_pMyAFKAEwMDjK_QdA9qAQSNru1gNQ4cIJWABgAGjc6tGZ9I2O2UJwAYABAIgBAJABAA&ui=f0100220-852a-412b-88a3-f1a27398fd2e-tuct111e5a58&pi=%2Fnba%2Fteam%2Fstats%2F_%2Fname%2Fny%2Fseason%2F2026%2Fseasontype%2F2&wi=-8868131999407449559&pt=other&vi=1780798994674&tim=10%3A23%3A14.954&id=18379&llvl=2&cv=20260604-9-RELEASE&d=%7B%22abTestsEventType%22%3A%22simple%22%2C%22name%22%3A%22traffic-type%22%2C%22type%22%3A%22default%22%2C%22eventTime%22%3A1780798994954%7D → pending (?ms, ?B)
[2026-06-07T02:23:14.955Z] POST https://ty-trc-events.taboola.com/espnnetwork-espn/log/3/social?lti=default-trecs-3288-fix-served-sizes-reporting-on-explore-more-display-items_ctrl&ri=9e234f2c84d014015a9f3f76a85e603a&sd=v2_2fa71d9e273704cdb260075ada07af38_f0100220-852a-412b-88a3-f1a27398fd2e-tuct111e5a58_1780798680_1780798994_CNawjgYQwqhJGPLxkP_pMyAFKAEwMDjK_QdA9qAQSNru1gNQ4cIJWABgAGjc6tGZ9I2O2UJwAYABAIgBAJABAA&ui=f0100220-852a-412b-88a3-f1a27398fd2e-tuct111e5a58&pi=%2Fnba%2Fteam%2Fstats%2F_%2Fname%2Fny%2Fseason%2F2026%2Fseasontype%2F2&wi=-8868131999407449559&pt=other&vi=1780798994674&st=social-available&d=%7B%22data%22%3A%5B%7B%22i%22%3A%22ctx%22%2C%22ism%22%3Afalse%2C%22srx%22%3A1280%2C%22sry%22%3A720%2C%22pd%22%3Anull%2C%22tpl%22%3A%22%22%2C%22url%22%3A%22https%3A%2F%2Fwww.espn.com%2Fnba%2Fteam%2Fstats%2F_%2Fname%2Fny%2Fseason%2F2026%2Fseasontype%2F2%22%2C%22rref%22%3A%22%22%2C%22sref%22%3A%22%22%2C%22hdl%22%3A%22New%20York%20Knicks%202025-26%20NBA%20Regular%20Season%20Stats%20-%20ESPN%22%2C%22sec%22%3A%22nba%22%2C%22aut%22%3A%5B%5D%2C%22img%22%3A%22https%3A%2F%2Fa.espncdn.com%2Fcombiner%2Fi%3Fimg%3D%2Fi%2Fteamlogos%2Fnba%2F500%2Fny.png%22%2C%22v%22%3A15%2C%22pw%22%3Afalse%7D%5D%7D → pending (?ms, ?B)
[2026-06-07T02:23:14.965Z] GET https://images.taboola.com/taboola/image/fetch/f_jpg%2Cq_auto%2Ch_256%2Cw_460%2Cc_fill%2Cg_faces:auto%2Ce_sharpen/https%3A//cdn.taboola.com/libtrc/static/thumbnails/d94882679da0cb0fe29465c742a947b4.jpg → 200 (7ms, 18362B)
[2026-06-07T02:23:14.965Z] GET https://images.taboola.com/taboola/image/fetch/f_jpg%2Cq_auto%2Ch_256%2Cw_460%2Cc_fill%2Cg_faces:auto%2Ce_sharpen/https%3A//cdn.taboola.com/libtrc/static/thumbnails/c44433e636c31c9130d3b8002a86e1f4.jpg → pending (?ms, ?B)
[2026-06-07T02:23:14.965Z] GET https://images.taboola.com/taboola/image/fetch/f_jpg%2Cq_auto%2Ch_256%2Cw_460%2Cc_fill%2Cg_faces:auto%2Ce_sharpen/https%3A//cdn.taboola.com/libtrc/static/thumbnails/f04ec592e0665035a189fddda6caa13c.jpg → pending (?ms, ?B)
[2026-06-07T02:23:14.965Z] GET https://images.taboola.com/taboola/image/fetch/c_crop%2Cf_jpg%2Cq_auto%2Ce_sharpen%2Car_1.7778%2Cw_1466%2Cx_0%2Cy_132/c_fill%2Cw_460%2Ch_256/https%3A//cdn.taboola.com/libtrc/static/thumbnails/3db21e729457ed061f7b39c014b35e06.png → 200 (8ms, 10850B)
[2026-06-07T02:23:14.965Z] GET https://images.taboola.com/taboola/image/fetch/f_jpg%2Cq_auto%2Ch_256%2Cw_460%2Cc_fill%2Cg_faces:auto%2Ce_sharpen/https%3A//cdn.taboola.com/libtrc/static/thumbnails/e8fc873f2b8ec8c4dc009c61305d1b33.jpg → 200 (8ms, 15004B)
[2026-06-07T02:23:14.965Z] GET https://images.taboola.com/taboola/image/fetch/c_crop%2Cf_jpg%2Cq_auto%2Ce_sharpen%2Car_1.7778%2Cw_1280%2Cx_0%2Cy_0/c_fill%2Cw_460%2Ch_256/http%3A//cdn.taboola.com/libtrc/static/thumbnails/27f64b45b55c21b8886d554bddf738b4.png → 200 (8ms, 10726B)
[2026-06-07T02:23:14.978Z] GET https://dcf.espn.com/TWDC-DTCI/prod/serverComponent.php?namespace=Bootstrapper&staticJsPath=/TWDC-DTCI/prod/code/&ClientID=2750&PageID=https%3A%2F%2Fwww.espn.com%2Fnba%2Fteam%2Fstats%2F_%2Fname%2Fny%2Fseason%2F2026%2Fseasontype%2F2%3Fcds%3Dn%26country%3Dcn%26region%3Dunknown%26gpc%3Dxx%26shouldFire%3Dy%26nAsyncNgeo%3Dn%26portal%3Dsports%26site%3Despn%26siteRegion%3D%26realHost%3Dwww.espn.com%26kpTlium%3Dn%26eventStep%3Dnon-ecom&custDomain=dcf.espn.com → pending (?ms, ?B)
[2026-06-07T02:23:15.227Z] GET https://dcf.espn.com/TWDC-DTCI/prod/code/af7ee5626c21da6c1657c4e60d439f3a.js?conditionId0=4958322 → 200 (7ms, 163356B)
[2026-06-07T02:23:15.227Z] GET https://dcf.espn.com/TWDC-DTCI/prod/code/180c898d38bbecdb99928e5c3de8f957.js?conditionId0=4956281 → 200 (10ms, 460603B)
[2026-06-07T02:23:15.227Z] GET https://dcf.espn.com/TWDC-DTCI/prod/code/470fe3f257ba2b027af1f8f93cc9b7b0.js?conditionId0=4872138 → 200 (2ms, 11213B)
[2026-06-07T02:23:15.227Z] GET https://dcf.espn.com/TWDC-DTCI/prod/code/be63887d6787664f1642b46ddff33cd2.js?conditionId0=4905158 → 200 (3ms, 10448B)
[2026-06-07T02:23:15.227Z] GET https://dcf.espn.com/TWDC-DTCI/prod/code/98b259aabe7f900db4b0febb129ef3b8.js?conditionId0=4884623 → 200 (4ms, 527B)
[2026-06-07T02:23:15.227Z] GET https://dcf.espn.com/TWDC-DTCI/prod/code/6017163b9f256b1e7b756a2a3ece8e17.js?conditionId0=4905158 → 200 (7ms, 1941B)
[2026-06-07T02:23:15.227Z] GET https://dcf.espn.com/TWDC-DTCI/prod/code/1d862b4a3b308eadcaea9760fc12172a.js?conditionId0=4958322 → 200 (7ms, 16393B)
[2026-06-07T02:23:15.227Z] GET https://dcf.espn.com/TWDC-DTCI/prod/code/b09d9ba996da0be696938685746e77eb.js?conditionId0=4956281 → 200 (7ms, 1769B)
[2026-06-07T02:23:15.227Z] GET https://dcf.espn.com/TWDC-DTCI/prod/code/d2d30fa54de287bb14a60179ecd6825f.js?conditionId0=4872138 → 200 (8ms, 9725B)
[2026-06-07T02:23:15.227Z] GET https://dcf.espn.com/TWDC-DTCI/prod/code/046b6b803e16c78a2d2beaddb46a1708.js?conditionId0=4871166 → 200 (8ms, 2844B)
[2026-06-07T02:23:15.227Z] GET https://dcf.espn.com/TWDC-DTCI/prod/code/4b9e17bb02fac4afac0692b5296ed87e.js?conditionId0=4871166 → 200 (8ms, 2285B)
[2026-06-07T02:23:15.230Z] GET https://secure.espn.com/js/dcf/tags/vision/latest/vision-media.js → pending (?ms, ?B)
[2026-06-07T02:23:15.231Z] GET https://sb.scorecardresearch.com/cs/3000005/beacon.js → 302 (286ms, ?B)
[2026-06-07T02:23:15.235Z] GET https://d.impactradius-event.com/A1323623-ff1f-47da-bf87-01a65620c9c91.js → 200 (2ms, 59328B)
[2026-06-07T02:23:15.236Z] GET https://cdn-gl.imrworldwide.com/conf/P07264C85-15CD-4A80-8E56-B5BFA6D93296.js → 200 (4ms, 28756B)
[2026-06-07T02:23:15.236Z] GET https://cdn.parsely.com/keys/espn.com/p.js → 200 (218ms, 60243B)
[2026-06-07T02:23:15.237Z] GET https://static.chartbeat.com/js/chartbeat_video.js → 200 (6ms, 74182B)
[2026-06-07T02:23:15.247Z] POST https://go.web.plus.espn.com/cur/9070 → 204 (91ms, ?B)
[2026-06-07T02:23:15.251Z] GET https://cdn-gl.imrworldwide.com/novms/js/2/nlsSDK600.bundle.min.js → 200 (3ms, 285716B)
[2026-06-07T02:23:15.254Z] GET https://pespn.chartbeat.net/ping?h=espn.com&p=%2Fnba%2Fteam%2Fstats%2F_%2Fname%2Fny%2Fseason%2F2026%2Fseasontype%2F2&u=BgdCSLBFrErGCzLBHt&d=espn.com&g=22222&g0=nba&g1=stats&n=1&f=00001&c=0&x=0&m=0&y=3081&o=1280&w=720&j=45&R=1&W=0&I=0&E=0&e=0&r=&PA=https%3A%2F%2Fwww.espn.com%2Fnba%2Fteam%2Fstats%2F_%2Fname%2Fny%2Fseason%2F2026%2Fseasontype%2F2&b=1107&t=VIrus4HsTKCs9qkkBqKt51CLCMp9&V=151&z=t%3DD4vkBqoNRbD_n4wPCRalDKIhHw%26E%3D5%26x%3D0%26c%3D1.57%26y%3D2971%26w%3D720&i=New%20York%20Knicks%202025-26%20NBA%20Regular%20Season%20Stats&tz=-480&sn=1&sv=BAMGLKC0OaBzCWPo3eBYp8HzCAmVjn&sr=external&sd=1&im=067b2ff3&_ → 200 (263ms, 43B)
[2026-06-07T02:23:15.255Z] GET blob:https://www.espn.com/f89f631a-1b7f-4953-b79f-ae7cbf4d05e3 → 200 (6ms, 192B)
[2026-06-07T02:23:15.258Z] GET https://cdn-gl.imrworldwide.com/novms/html/ls.html → 200 (?ms, 12185B)
[2026-06-07T02:23:15.277Z] GET https://secure-sdk.imrworldwide.com/cgi-bin/gn?prd=session&c9=devid,&c13=asid,P07264C85-15CD-4A80-8E56-B5BFA6D93296&sessionId=s1mojtfjvabz0tw75bp8nzwovcnba1780798995&c16=sdkv,bj.6.0.0&uoo=&fp_id=bvjx3iby8ivz36wlzzvtmisuy8rbt1780798683&fp_cr_tm=1780798683802&fp_acc_tm=1780798899298&fp_emm_tm=1780798899304&ve_id=&c30=bldv,6.0.0.748&uid2=&uid2_token=&hem_sha256=&hem_sha1=&hem_md5=&hem_unknown=&sdd=&retry=0 → 200 (77ms, 44B)
[2026-06-07T02:23:15.277Z] GET https://loadus.exelator.com/getid?p=1480&g=1&j=0&asid=P07264C85-15CD-4A80-8E56-B5BFA6D93296 → pending (?ms, ?B)
[2026-06-07T02:23:15.277Z] GET https://thrtle.com/insync?vxii_pid=10071&vxii_pdid=1d684aa0-6217-11f1-8489-43c127160ea6 → 200 (630ms, 43B)
[2026-06-07T02:23:15.277Z] GET https://s1mojtfjvabz0tw75bp8nzwovcnba1780798995.nuid.imrworldwide.com/ → 200 (536ms, 35B)
[2026-06-07T02:23:15.289Z] GET https://www.googletagservices.com/tag/js/gpt.js?network-code=21783347309 → 200 (2ms, 112772B)
[2026-06-07T02:23:15.289Z] GET https://secure.espncdn.com/prod/scripts/prebid8.26.0.js → 200 (6ms, 340582B)
[2026-06-07T02:23:15.295Z] GET https://securepubads.g.doubleclick.net/pagead/managed/js/gpt/m202606020101/pubads_impl.js?cb=31098954 → 200 (10ms, 615842B)
[2026-06-07T02:23:15.316Z] POST https://ib.adnxs.com/ut/v3/prebid → 200 (605ms, 35B)
[2026-06-07T02:23:15.316Z] GET https://fastlane.rubiconproject.com/a/api/fastlane.json?account_id=13042&site_id=92444&zone_id=435334&size_id=2&alt_size_ids=57&rf=https%3A%2F%2Fwww.espn.com%2Fnba%2Fteam%2Fstats%2F_%2Fname%2Fny%2Fseason%2F2026%2Fseasontype%2F2&tg_i.domain=espn.com&tg_i.page=https%3A%2F%2Fwww.espn.com%2Fnba%2Fteam%2Fstats%2F_%2Fname%2Fny%2Fseason%2F2026%2Fseasontype%2F2&tg_i.pbadslot=%2F21783347309%2Fespn.com%2Fnba%2Fteam%2Fstats&tk_flint=pbjs_lite_v8.26.0&l_pb_bid_id=100b58980ffbd4f&p_screen_res=1280x720&rp_secure=1&rp_maxbids=1&p_gpid=%2F21783347309%2Fespn.com%2Fnba%2Fteam%2Fstats&m_ch_ua=%22Not%3AA-Brand%22%7Cv%3D%2299%22%2C%22HeadlessChrome%22%7Cv%3D%22145%22%2C%22Chromium%22%7Cv%3D%22145%22&m_ch_full_ver=%22Not%3AA-Brand%22%7Cv%3D%2299%22%2C%22HeadlessChrome%22%7Cv%3D%22145%22%2C%22Chromium%22%7Cv%3D%22145%22&m_ch_mobile=%3F0&m_ch_platform=macOS&slots=1&rand=0.9190064540609012 → pending (?ms, ?B)
[2026-06-07T02:23:15.318Z] GET https://fundingchoicesmessages.google.com/i/21783347309?ers=3 → 200 (80ms, 22993B)
[2026-06-07T02:23:15.321Z] GET https://securepubads.g.doubleclick.net/pagead/managed/dict/m202606040101/gpt → 200 (?ms, 64902B)
[2026-06-07T02:23:15.337Z] POST https://sw88.espn.com/b/ss/wdgespcom,wdgespge/1/JS-2.27.0/s85079186656553?AQB=1&ndh=1&pf=1&t=7%2F5%2F2026%2010%3A23%3A15%200%20-480&mid=25101326007792372344309697180452091661&aamlh=11&ce=UTF-8&ns=espn&pageName=espn%3Anba%3Ateam%3Astats&g=https%3A%2F%2Fwww.espn.com%2Fnba%2Fteam%2Fstats%2F_%2Fname%2Fny%2Fseason%2F2026%2Fseasontype%2F2&c.&accessmethod=no&ad_blocker=no&affiliate_name=not%20authenticated&adsanalyticsblocked=no&auto_start=no&betaccountlinked=no&clientsidetest=wpnx-web-espn-gamecast-in-watch%3Aenabled%3A1%2Cwpnx-espn-bbd-streamcenter-cutl%3AisEnabled%3A2%2Cwpnx-espn-bbd-sc4u-side-nav-prod%3Acontrol%3A1%2Cwpnx-bbd-espn-autoplay-v2%3Acontrol%3A1%2Cwpnx-espn-android-scores-type-ramp%3Acontrol%3A1%2Cwpnx-espn-bbd-sc4u-side-nav%3Acontrol%3A1&content_type=stats&country=us&dssid=a806a699-ca34-49e2-bf37-eeb4970e51a1%2Cd5fb44a0-6217-11f1-bea5-a2fc3cecd927&dsdeviceid=a806a699-ca34-49e2-bf37-eeb4970e51a1&dssessionid=d5fb44a0-6217-11f1-bea5-a2fc3cecd927&edition=en-us&entitlements=no%20entitlements&hasfantasy=no&has_favorites=no&has_notifications=no&hidebetting=false&language=en_us&league=nba&leaguemanager=no&login_status=anonymous&orientation=desktop&page_infrastructure=fitt&page_name=espn%3Anba%3Ateam%3Astats&page_url=https%3A%2F%2Fwww.espn.com%2Fnba%2Fteam%2Fstats%2F_%2Fname%2Fny%2Fseason%2F2026%2Fseasontype%2F2&paywallshown=no&prev_page=espn%3Anba%3Ateam%3Astats&privacystate=GPC%3AOptIn&section1=nba&site=espn&sport=basketball&swid=65CADD94-86DD-42C7-C200-34A22ED228D3&teamname=New%20York%20Knicks&tveauthenticated=no&ssotveauthenticated=no&isptveauthenticated=no&isWholesaleUser=no&isMVPDWholesaleUser=no&videoAutoplayTilePresent=no&videoAutoplayTileCount=0&videoHeaderPresent=no&videoHeaderAutoplayPresent=no&wholesaleUserProvider=no%20provider&.c&server=espn&aamb=6G1ynYcLPuiQxYZrsz_pkqfLG9yMXBpb2zX5dvJdYQJzPXImdj0y&s=1280x720&c=24&j=1.6&v=N&k=Y&bw=1280&bh=720&mcorgid=EE0201AC512D2BE80A490D4C%40AdobeOrg&AQE=1 → 200 (274ms, 55B)
[2026-06-07T02:23:15.403Z] GET https://ep1.adtrafficquality.google/getconfig/sodar?sv=200&tid=gpt&tv=m202606020101&st=env&sjk=2040141026953284 → 200 (80ms, 17754B)
[2026-06-07T02:23:15.411Z] GET https://securepubads.g.doubleclick.net/gampad/ads?pvsid=2040141026953284&correlator=232043532360690&hxva=1&scor=3149375880477752&eid=31098954%2C95390963&output=ldjh&gdfp_req=1&vrg=202606020101&ptt=17&impl=fifs&iu_parts=21783347309%2Cespn.com%2Cnba%2Cteam%2Cstats&enc_prev_ius=%2F0%2F1%2F2%2F3%2F4%2C%2F0%2F1%2F2%2F3%2F4&prev_iu_szs=1x2%2C1x1&ifi=1&didk=2513479460~4029598967&dids=ad-slot-exclusions-675273~ad-slot-overlay-685605&adfs=1523466098~811318800&sfv=1-0-45&ists=1&eri=1&sc=1&lrm=100&cookie=ID%3D326ef29c6fe295d1%3AT%3D1780798684%3ART%3D1780798684%3AS%3DALNI_MbuNg1CHPk4-XBA2bEaSXHOnjIR-A&gpic=UID%3D000014476c1fb61d%3AT%3D1780798684%3ART%3D1780798684%3AS%3DALNI_MZ87n0tOZ4JypTPEOhZ9EM8Ibt3Pw&abxe=1&dt=1780798995404&lmt=1780799293&adxs=0%2C0&adys=109%2C0&biw=1280&bih=720&scr_x=0&scr_y=0&btvi=0%7C0&ucis=1%7C2&oid=2&u_his=8&u_h=720&u_w=1280&u_ah=720&u_aw=1280&u_cd=24&u_sd=1&u_tz=480&dmc=8&bc=31&nvt=1&uach=WyJtYWNPUyIsIjI2LjUuMSIsImFybSIsIiIsIjE0NS4wLjc2MzIuNiIsbnVsbCwwLG51bGwsIjY0IixbWyJOb3Q6QS1CcmFuZCIsIjk5LjAuMC4wIl0sWyJIZWFkbGVzc0Nocm9tZSIsIjE0NS4wLjc2MzIuNiJdLFsiQ2hyb21pdW0iLCIxNDUuMC43NjMyLjYiXV0sMF0.&url=https%3A%2F%2Fwww.espn.com%2Fnba%2Fteam%2Fstats%2F_%2Fname%2Fny%2Fseason%2F2026%2Fseasontype%2F2&vis=1&psz=1280x0%7C1280x-1&msz=1280x0%7C1280x-1&fws=0%2C512&ohw=0%2C0&dlt=1780798993336&idt=1968&ppid=65CADD94-86DD-42C7-C200-34A22ED228D3&prev_scp=pos%3Dexclusions%7CslotId%3Dad-slot-overlay-685605%26pos%3Doutofpage&cust_params=pgtyp%3Dstats%26sp%3Dnba%26ed%3Dus%26lang%3Den%26tm%3Dny%26league%3Dnba%26darkmode%3Dfalse%26ajx_url%3Dhttps%253A%252F%252Fwww.espn.com%252Fnba%252Fteam%252Fstats%252F_%252Fname%252Fny%252Fseason%252F2026%252Fseasontype%252F2%26mnr%3Df%26swid%3D65CADD94-86DD-42C7-C200-34A22ED228D3%26d_us_privacy%3D%26hip%3Dfbd007c8098451fee9ec27d9210f016957b077d490f991bbd60c6dfa4e0149fd%26inskin_yes%3Dno%26prof%3Dxl&adks=3712447250%2C3973051725&frm=20&eo_id_str=ID%3D109055eb94a22d5f%3AT%3D1780798684%3ART%3D1780798684%3AS%3DAA-AfjYk-jrqmaBHDjDtBGCMJGLB&pgls=CAk. → 200 (112ms, 9830B)
[2026-06-07T02:23:15.411Z] GET https://141c4a94b1ade635d7fd0a5f1b063886.safeframe.googlesyndication.com/safeframe/1-0-45/html/container.html → 200 (311ms, 7404B)
[2026-06-07T02:23:15.455Z] GET https://p1.parsely.com/px/?rand=1780798995454&plid=27910744-a576-4a1b-aac7-bf8218e5b0bc&idsite=espn.com&url=https%3A%2F%2Fwww.espn.com%2Fnba%2Fteam%2Fstats%2F_%2Fname%2Fny%2Fseason%2F2026%2Fseasontype%2F2&urlref=&screen=1280x720%7C1280x720%7C24&data=%7B%7D&sid=1&surl=https%3A%2F%2Fwww.espn.com%2Fnba%2Fteam%2Fstats%2F_%2Fname%2Fsa%2Fsan-antonio-spurs&sref=&sts=1780798683783&slts=0&title=New+York+Knicks+2025-26+NBA+Regular+Season+Stats+-+ESPN&date=Sun+Jun+07+2026+10%3A23%3A15+GMT%2B0800+(China+Standard+Time)&action=pageview&metadata=%7B%22title%22%3A%22New+York+Knicks+2025-26+NBA+Regular+Season+Stats+-+ESPN%22%2C%22link%22%3A%22https%3A%2F%2Fwww.espn.com%2Fnba%2Fteam%2Fstats%2F_%2Fname%2Fny%2Fseason%2F2026%2Fseasontype%2F2%22%2C%22page_type%22%3A%22index%22%2C%22section%22%3A%22nba%22%7D&js=1&pvid=f0f1a66a-1cd1-4343-b15d-23484d0f78b6&u=pid%3D548a9c48-1fbf-45f2-9c64-a2e84c5ce1ea → pending (?ms, ?B)
[2026-06-07T02:23:15.489Z] GET https://ep2.adtrafficquality.google/sodar/sodar2.js → 200 (?ms, 21535B)
[2026-06-07T02:23:15.490Z] GET https://ep2.adtrafficquality.google/sodar/sodar2/254/runner.html → 200 (1ms, 14627B)
[2026-06-07T02:23:15.491Z] GET https://www.google.com/recaptcha/api2/aframe → 200 (73ms, 829B)
[2026-06-07T02:23:15.498Z] GET https://pagead2.googlesyndication.com/bg/WTjLr0YvkDEeF5MTTn-f2BbM6vD8FMWGIAlvuf4NS9g.js → 200 (?ms, 57596B)
[2026-06-07T02:23:15.517Z] GET https://sb.scorecardresearch.com/internal-cs/default/beacon.js → 200 (?ms, 21373B)
[2026-06-07T02:23:15.517Z] GET https://sb.scorecardresearch.com/b?c1=2&c2=3000005&cs_it=b1&cv=4.13.1%2B2508250908&ns__t=1780798995516&ns_c=UTF-8&cs_cfg=1101110&c7=https%3A%2F%2Fwww.espn.com%2Fnba%2Fteam%2Fstats%2F_%2Fname%2Fny%2Fseason%2F2026%2Fseasontype%2F2&c8=New%20York%20Knicks%202025-26%20NBA%20Regular%20Season%20Stats%20-%20ESPN&c9= → 204 (283ms, ?B)
[2026-06-07T02:23:15.531Z] GET https://ep2.adtrafficquality.google/generate_204?C6Mw7Q → 204 (276ms, ?B)
[2026-06-07T02:23:15.533Z] GET https://secure.espncdn.com/ad/doubleclick/hanfordCap.js → 200 (?ms, 499B)
[2026-06-07T02:23:15.533Z] GET https://www.googletagmanager.com/gtag/js?id=AW-817714641 → 200 (6ms, 430546B)
[2026-06-07T02:23:15.546Z] GET https://googleads.g.doubleclick.net/pagead/viewthroughconversion/817714641/?random=1780798995543&cv=11&fst=1780798995543&bg=ffffff&guid=ON&async=1&en=gtag.config&gtm=45be6631v9100158892za200zd9100158892xec&gcd=13l3l3l3l1l1&dma=0&tag_exp=0~115938465~115938469~118228215~119027224~119061278&u_w=1280&u_h=720&url=https%3A%2F%2Fwww.espn.com%2Fnba%2Fteam%2Fstats%2F_%2Fname%2Fny%2Fseason%2F2026%2Fseasontype%2F2&ref=https%3A%2F%2Fwww.espn.com%2Fnba%2Fteam%2Fstats%2F_%2Fname%2Fny%2Fseason%2F2026%2Fseasontype%2F2&rcb=10&frm=1&hn=www.googleadservices.com&npa=0&pscdl=noapi&auid=1785555222.1780798684&uaa=arm&uab=64&uafvl=Not%253AA-Brand%3B99.0.0.0%7CHeadlessChrome%3B145.0.7632.6%7CChromium%3B145.0.7632.6&uamb=0&uam=&uap=macOS&uapv=26.5.1&uaw=0&data=event%3Dgtag.config&ept=9&rfmt=3&fmt=4 → 200 (76ms, 43B)
[2026-06-07T02:23:15.547Z] POST https://www.google.com/rmkt/collect/817714641/?random=1780798995543&cv=11&fst=1780798995543&fmt=8&bg=ffffff&guid=ON&async=1&en=gtag.config&gtm=45be6631v9100158892za200zd9100158892xec&gcd=13l3l3l3l1l1&dma=0&tag_exp=0~115938465~115938469~118228215~119027224~119061278&u_w=1280&u_h=720&url=https%3A%2F%2Fwww.espn.com%2Fnba%2Fteam%2Fstats%2F_%2Fname%2Fny%2Fseason%2F2026%2Fseasontype%2F2&ref=https%3A%2F%2Fwww.espn.com%2Fnba%2Fteam%2Fstats%2F_%2Fname%2Fny%2Fseason%2F2026%2Fseasontype%2F2&rcb=10&frm=1&hn=www.googleadservices.com&npa=0&pscdl=noapi&auid=1785555222.1780798684&uaa=arm&uab=64&uafvl=Not%253AA-Brand%3B99.0.0.0%7CHeadlessChrome%3B145.0.7632.6%7CChromium%3B145.0.7632.6&uamb=0&uam=&uap=macOS&uapv=26.5.1&uaw=0&data=event%3Dgtag.config&ept=68&gcp=5 → 200 (71ms, ?B)
[2026-06-07T02:23:15.547Z] POST https://www.google.com/ccm/collect?rcb=10&frm=1&auid=1785555222.1780798684&en=page_view&dr=www.espn.com&dl=https%3A%2F%2Fwww.espn.com%2Fnba%2Fteam%2Fstats%2F_%2Fname%2Fny%2Fseason%2F2026%2Fseasontype%2F2&scrsrc=www.googletagmanager.com&rnd=959514790.1780798996&navt=n&npa=0&gtm=45be6631v9100158892za200zd9100158892xec&gcd=13l3l3l3l1l1&dma=0&tag_exp=0~115938465~115938469~118228215~119027224~119061278&apve=1&apvf=f&apvc=1&tids=AW-817714641&tid=AW-817714641&tft=1780798995546&tfd=15 → 200 (70ms, ?B)
[2026-06-07T02:23:15.566Z] GET https://pagead2.googlesyndication.com/pagead/sodar?id=sodar2&v=254&li=gpt_m202606020101&jk=2040141026953284&rc=null → 204 (91ms, ?B)
[2026-06-07T02:23:15.605Z] GET https://a.espncdn.com/combiner/i?img=/i/teamlogos/nba/500/scoreboard/sa.png&w=32&h=32&scale=crop&cquality=40&location=origin → 200 (?ms, 1338B)
[2026-06-07T02:23:15.605Z] GET https://a.espncdn.com/combiner/i?img=/i/teamlogos/nba/500/scoreboard/ny.png&w=32&h=32&scale=crop&cquality=40&location=origin → 200 (?ms, 1657B)
[2026-06-07T02:23:15.963Z] POST https://trc.taboola.com/espnnetwork-espn/log/3/bulk?route=TY%3ATY%3AV&lti=default-trecs-3288-fix-served-sizes-reporting-on-explore-more-display-items_ctrl&tvi48=28907&tvi50=30819&cv=20260604-9-RELEASE&bulkSize=2 → pending (?ms, ?B)
[2026-06-07T02:23:15.970Z] GET https://cdn.taboola.com/libtrc/static/thumbnails/f539211219b796ffbb49949997c764f0.png → 200 (?ms, 254B)
[2026-06-07T02:23:16.012Z] GET https://load77.exelator.com/pixel.gif → 204 (251ms, ?B)
[2026-06-07T02:23:16.040Z] GET https://ep1.adtrafficquality.google/pagead/sodar?id=sodar2&v=254&t=2&li=gpt_m202606020101&jk=2040141026953284&bg=!WFulWznNAAYVyLrKNcg7AEcBe5WfONLVp3Qyqtr9LdRQQIoBcc5_iyJn0pxl5sqBIWqR7ucuEHxcXDUDpqhIfbrIiQJLAtb3qUr_RV3qbtoDHwp73jxPagIAAAAcUgAAAAJoAQd-ADb39iyv_KiOhd7t3U_UR-EIOkyi8SsoTggENGDoqk3f4TAkJKNhz98cKxbVb6kUwEYtc5WlTvcKAHX2KQ3cWDisAvuAJXhH7wL-SnBso8eNmo5c-YbaB6K_WrdRDIl-VAZEu6KOFWKU-mrgbTpYg2dBoI6kFAXYgoS-2zsayCv5IUqJRf5KljagoV2__t0al5HZlmHAo-wz_Q3tgzOmVrQu66eT2DjqGgKfmvQh6q2ZAh9Jy9tbhMib-6DFGU_5u-0kKJ2UcUQqNBesftXJe5YEXdI3XP-WgwDk0ZjN0Y0BndP6QoiytmqF7RedI7xe40SYM9Aa_6H1Fl6wj-84jCRq2nVK3OxwPTeNhgPQ0dPNo9wyhyLCHcFICbIlUZls-7mk02g1vzaWc4dcAhRRbveiliKdx_1PRWWpZlBS7f7AP0HWKYhbBhXW3SUyu9BY1bWtiqhOpL1NFdugDjsA6X5iK4Ck2o651vvlPWzBculCIm6zIUt5AFCTOyBJxZRKX9-LvLsgl4w7-dc6dfUk4dqvJxvVGLb5EHzahjX0N-JmKIFnxn3zV-vPpT50g8K96xo8CYX7pmfYuuYyDa-kVEZvSn5Qx6jD2jdJUm6FSa7nV1hnB7AY30vDVuoi_iSgGyWq7vhzfuRrqZoPqbVztdNGwIURi9qffZVSX0xwmSXt6R69B0VkrCpBNdvgwrmrSGwB9hFXY-QfbBpiw8XycWEEYaFlD5fQE2DYA09wapXLTxMJBs0d96soV8ZfgsmiWjZQf5pjZycXznlcrTjmBV7-sSCsDqNJFrO7u6h_a98K_w_9d0TZ_y3RsgeuMh4rG6G2cdujRtxsTdRAzSo_yWb5VfwZoSNZCcKgbVL52hg-xNYHXVZ2QDppRMH-ySZ1_ycEufxLlw86S2RdmGLSMDkEoVrA9sXs3-ndzFTc5yegP63dQgv2OKydA2JXABstfVg → 204 (89ms, ?B)
[2026-06-07T02:23:16.330Z] GET https://securepubads.g.doubleclick.net/gampad/ads?pvsid=2040141026953284&correlator=2039107706095452&hxva=1&scor=3149375880477752&eid=31098954%2C95390963&output=ldjh&gdfp_req=1&vrg=202606020101&ptt=17&impl=fifs&iu_parts=21783347309%2Cespn.com%2Cnba%2Cteam%2Cstats&enc_prev_ius=%2F0%2F1%2F2%2F3%2F4%2C%2F0%2F1%2F2%2F3%2F4%2C%2F0%2F1%2F2%2F3%2F4&prev_iu_szs=1680x1050%2C1x2%2C1280x100%7C970x250%7C728x90&ifi=3&didk=3937570071~2513479460~2172332639&dids=ad-slot-wallpaper-104198~ad-slot-exclusions-675273~ad-slot-banner-543659&adfs=2248321032~1523466098~4181165699&sfv=1-0-45&rcs=0%2C1%2C0&eri=1&sc=1&lrm=100&cookie=ID%3D326ef29c6fe295d1%3AT%3D1780798684%3ART%3D1780798995%3AS%3DALNI_MbuNg1CHPk4-XBA2bEaSXHOnjIR-A&gpic=UID%3D000014476c1fb61d%3AT%3D1780798684%3ART%3D1780798995%3AS%3DALNI_MZ87n0tOZ4JypTPEOhZ9EM8Ibt3Pw&abxe=1&dt=1780798996316&lmt=1780799293&adxs=0%2C0%2C0&adys=109%2C109%2C302&biw=1280&bih=720&scr_x=0&scr_y=0&btvi=0%7C0%7C0&ucis=3%7C1%7C4&oid=2&u_his=8&u_h=720&u_w=1280&u_ah=720&u_aw=1280&u_cd=24&u_sd=1&u_tz=480&dmc=8&bc=31&nvt=1&uach=WyJtYWNPUyIsIjI2LjUuMSIsImFybSIsIiIsIjE0NS4wLjc2MzIuNiIsbnVsbCwwLG51bGwsIjY0IixbWyJOb3Q6QS1CcmFuZCIsIjk5LjAuMC4wIl0sWyJIZWFkbGVzc0Nocm9tZSIsIjE0NS4wLjc2MzIuNiJdLFsiQ2hyb21pdW0iLCIxNDUuMC43NjMyLjYiXV0sMF0.&uas=3&url=https%3A%2F%2Fwww.espn.com%2Fnba%2Fteam%2Fstats%2F_%2Fname%2Fny%2Fseason%2F2026%2Fseasontype%2F2&vis=1&psz=1280x0%7C1280x0%7C1280x100&msz=1680x0%7C0x0%7C1280x100&fws=640%2C128%2C0&ohw=0%2C0%2C0&psts=AOrYGsmw3H7XUUgl_t1t2Gb7LUMExGezvdGHCP9d6GyCujAK9TLWLiEa1m_5y7JPfNZC-0OxCJhwrqQRblT-2sbxxmOYWY1ocbWDIwC-kYOFEjhNZBzGAA7brHmgINw_PTB5aMpGhQ96niBsZxdj0z8&dlt=1780798993336&idt=1968&ppid=65CADD94-86DD-42C7-C200-34A22ED228D3&prev_scp=pos%3Dwallpaper%7Cpos%3Dexclusions%7Cpos%3Dbanner&cust_params=pgtyp%3Dstats%26sp%3Dnba%26ed%3Dus%26lang%3Den%26tm%3Dny%26league%3Dnba%26darkmode%3Dfalse%26ajx_url%3Dhttps%253A%252F%252Fwww.espn.com%252Fnba%252Fteam%252Fstats%252F_%252Fname%252Fny%252Fseason%252F2026%252Fseasontype%252F2%26mnr%3Df%26swid%3D65CADD94-86DD-42C7-C200-34A22ED228D3%26d_us_privacy%3D%26hip%3Dfbd007c8098451fee9ec27d9210f016957b077d490f991bbd60c6dfa4e0149fd%26inskin_yes%3Dno%26prof%3Dxl&adks=1170955152%2C3712447250%2C4031991114&frm=20&eo_id_str=ID%3D109055eb94a22d5f%3AT%3D1780798684%3ART%3D1780798995%3AS%3DAA-AfjYk-jrqmaBHDjDtBGCMJGLB&gblpids=%2F21783347309%2Fespn.com%2Fnba%2Fteam%2Fstats~%2F21783347309%2Fespn.com%2Fnba%2Fteam%2Fstats~%2F21783347309%2Fespn.com%2Fnba%2Fteam%2Fstats&pb_szs=970x250%7C728x90~970x250%7C728x90~970x250%7C728x90&pgls=CAk. → 200 (134ms, 1657B)
[2026-06-07T02:23:16.451Z] POST https://vision.fn-pz.com/v3/event → 202 (246ms, ?B)
[2026-06-07T02:23:16.451Z] POST https://vision.fn-pz.com/v3/event → 202 (245ms, ?B)
[2026-06-07T02:23:17.271Z] GET https://secure-sdk.imrworldwide.com/cgi-bin/gn?prd=dcr&ci=us-600140&ch=us-600140_b01_nba_S&asn=nba&fp_id=bvjx3iby8ivz36wlzzvtmisuy8rbt1780798683&fp_cr_tm=1780798683802&fp_acc_tm=1780798899298&fp_emm_tm=1780798899304&ve_id=&sessionId=s1mojtfjvabz0tw75bp8nzwovcnba1780798995&prv=1&c6=vc,b01&ca=NA&c13=asid,P07264C85-15CD-4A80-8E56-B5BFA6D93296&c32=segA,stats&c33=segB,NA&c34=segC,stats&c15=apn,&sup=1&segment2=&segment1=&forward=0&plugv=&playerv=&ad=0&cr=V&c9=devid,&enc=true&c1=nuid,1t7q7zn6sluerrezaryzzdwff9qa01780798683&at=view&rt=text&c16=sdkv,bj.6.0.0&c27=cln,0&crs=&lat=&lon=&c29=plid,17807989952571143&c30=bldv,6.0.0.748&st=dcr&c7=osgrp,&c8=devgrp,&c10=plt,&c40=adbid,&c14=osver,NA&c26=dmap,1&dd=&hrd=&wkd=&c35=adrsid,&c36=cref1,&c37=cref2,&c11=agg,1&c12=apv,&c51=adl,0&c52=noad,0&pc=NA&c53=fef,n&c54=oad,&c55=cref3,&c57=adldf,2&ai=espn_nba_stats&c3=st,c&c64=starttm,1780798996&adid=espn_nba_stats&c58=isLive,false&c59=sesid,&c61=createtm,1780798997&c63=pipMode,&uoo=&c68=bndlid,&nodeTM=&logTM=&c73=phtype,&c74=dvcnm,&c76=adbsnid,&c44=progen,&davty=0&si=https%3A%2F%2Fwww.espn.com%2Fnba%2Fteam%2Fstats%2F_%2Fname%2Fny%2Fseason%2F2026%2Fseasontype%2F2&c66=mediaurl,&sdd=&c62=sendTime,1780798997&rnd=159883 → 200 (91ms, 44B)
[2026-06-07T02:23:17.271Z] GET https://global.imrworldwide.com/cgi-bin/gn?prd=metadata&c9=devid,&c13=asid,P07264C85-15CD-4A80-8E56-B5BFA6D93296&sessionId=s1mojtfjvabz0tw75bp8nzwovcnba1780798995&c30=bldv,6.0.0.748&pgUrl=https%3A%2F%2Fwww.espn.com%2Fnba%2Fteam%2Fstats%2F_%2Fname%2Fny%2Fseason%2F2026%2Fseasontype%2F2&pgTitle=New%20York%20Knicks%202025-26%20NBA%20Regular%20Season%20Stats%20-%20ESPN&uoo= → 200 (715ms, 35B)
[2026-06-07T02:23:19.313Z] GET https://image8.pubmatic.com/AdServer/ImgSync?p=0 → 204 (1ms, ?B)
[2026-06-07T02:23:21.264Z] GET https://loadus.exelator.com/getid?p=1480&g=1&j=0&asid=P07264C85-15CD-4A80-8E56-B5BFA6D93296 → 302 (251ms, ?B)
[2026-06-07T02:23:21.515Z] GET https://load77.exelator.com/pixel.gif → 204 (247ms, ?B)
[2026-06-07T02:23:24.166Z] POST https://ty-trc-events.taboola.com/espnnetwork-espn/log/3/perf?tvi48=28907&tvi50=30819&route=TY%3ATY%3AV&lti=default-trecs-3288-fix-served-sizes-reporting-on-explore-more-display-items_ctrl → pending (?ms, ?B)
[2026-06-07T02:23:26.763Z] GET https://loadus.exelator.com/getid?p=1480&g=1&j=0&asid=P07264C85-15CD-4A80-8E56-B5BFA6D93296 → pending (?ms, ?B)
[2026-06-07T02:23:27.058Z] GET https://load77.exelator.com/pixel.gif → 204 (245ms, ?B)
[2026-06-07T02:23:30.257Z] GET https://pespn.chartbeat.net/ping?h=espn.com&p=%2Fnba%2Fteam%2Fstats%2F_%2Fname%2Fny%2Fseason%2F2026%2Fseasontype%2F2&u=BgdCSLBFrErGCzLBHt&d=espn.com&g=22222&g0=nba&g1=stats&g6=5075907490%7C%7C1&n=1&f=00001&c=0.25&x=0&m=0&y=2971&o=1280&w=720&j=30&R=1&W=0&I=0&E=5&e=5&r=&PA=https%3A%2F%2Fwww.espn.com%2Fnba%2Fteam%2Fstats%2F_%2Fname%2Fny%2Fseason%2F2026%2Fseasontype%2F2&b=1107&t=VIrus4HsTKCs9qkkBqKt51CLCMp9&V=151&tz=-480&sn=2&sv=BAMGLKC0OaBzCWPo3eBYp8HzCAmVjn&sr=external&sd=1&im=067b2ff3&_ → 200 (263ms, 43B)
[2026-06-07T02:23:32.304Z] GET https://loadus.exelator.com/getid?p=1480&g=1&j=0&asid=P07264C85-15CD-4A80-8E56-B5BFA6D93296 → 302 (246ms, ?B)
[2026-06-07T02:23:32.550Z] GET https://load77.exelator.com/pixel.gif → 204 (289ms, ?B)
[2026-06-07T02:23:34.171Z] POST https://ty-trc-events.taboola.com/espnnetwork-espn/log/3/perf?tvi48=28907&tvi50=30819&route=TY%3ATY%3AV&lti=default-trecs-3288-fix-served-sizes-reporting-on-explore-more-display-items_ctrl → 204 (74ms, ?B)
[2026-06-07T02:23:37.841Z] GET https://loadus.exelator.com/getid?p=1480&g=1&j=0&asid=P07264C85-15CD-4A80-8E56-B5BFA6D93296 → pending (?ms, ?B)
[2026-06-07T02:23:38.164Z] GET https://load77.exelator.com/pixel.gif → 204 (247ms, ?B)
[2026-06-07T02:23:43.717Z] POST https://espn.api.edge.bamgrid.com/envelope/v2?tokenState=stale → 200 (227ms, 2B)
[2026-06-07T02:23:43.720Z] POST https://browser-intake-datadoghq.com/api/v2/rum?ddsource=browser&dd-api-key=pub5dbdf4cb0f038b6cfc70672f6791ae3b&dd-evp-origin-version=6.25.4&dd-evp-origin=browser&dd-request-id=233095b8-75b5-4ba1-ba56-3c6302209349&batch_time=1780799023719&_dd.api=fetch-keepalive → pending (?ms, ?B)
[2026-06-07T02:23:44.172Z] POST https://ty-trc-events.taboola.com/espnnetwork-espn/log/3/perf?tvi48=28907&tvi50=30819&route=TY%3ATY%3AV&lti=default-trecs-3288-fix-served-sizes-reporting-on-explore-more-display-items_ctrl → 204 (71ms, ?B)
[2026-06-07T02:23:45.261Z] GET https://pespn.chartbeat.net/ping?h=espn.com&p=%2Fnba%2Fteam%2Fstats%2F_%2Fname%2Fny%2Fseason%2F2026%2Fseasontype%2F2&u=BgdCSLBFrErGCzLBHt&d=espn.com&g=22222&g0=nba&g1=stats&g6=5075907490%7C%7C1&n=1&f=00001&c=0.5&x=0&m=0&y=2971&o=1280&w=720&j=45&R=0&W=0&I=1&E=5&e=0&r=&PA=https%3A%2F%2Fwww.espn.com%2Fnba%2Fteam%2Fstats%2F_%2Fname%2Fny%2Fseason%2F2026%2Fseasontype%2F2&b=1107&t=VIrus4HsTKCs9qkkBqKt51CLCMp9&V=151&tz=-480&sn=3&sv=BAMGLKC0OaBzCWPo3eBYp8HzCAmVjn&sr=external&sd=1&im=067b2ff3&_ → 200 (258ms, 43B)
[2026-06-07T02:23:54.183Z] POST https://ty-trc-events.taboola.com/espnnetwork-espn/log/3/perf?tvi48=28907&tvi50=30819&route=TY%3ATY%3AV&lti=default-trecs-3288-fix-served-sizes-reporting-on-explore-more-display-items_ctrl → 204 (72ms, ?B)
[2026-06-07T02:24:04.188Z] POST https://ty-trc-events.taboola.com/espnnetwork-espn/log/3/perf?tvi48=28907&tvi50=30819&route=TY%3ATY%3AV&lti=default-trecs-3288-fix-served-sizes-reporting-on-explore-more-display-items_ctrl → 204 (424ms, ?B)
[2026-06-07T02:24:14.191Z] POST https://ty-trc-events.taboola.com/espnnetwork-espn/log/3/perf?tvi48=28907&tvi50=30819&route=TY%3ATY%3AV&lti=default-trecs-3288-fix-served-sizes-reporting-on-explore-more-display-items_ctrl → 204 (166ms, ?B)
[2026-06-07T02:24:15.276Z] GET https://pespn.chartbeat.net/ping?h=espn.com&p=%2Fnba%2Fteam%2Fstats%2F_%2Fname%2Fny%2Fseason%2F2026%2Fseasontype%2F2&u=BgdCSLBFrErGCzLBHt&d=espn.com&g=22222&g0=nba&g1=stats&g6=5075907490%7C%7C1&n=1&f=00001&c=1&x=0&m=0&y=2971&o=1280&w=720&j=60&R=0&W=0&I=1&E=5&e=0&r=&PA=https%3A%2F%2Fwww.espn.com%2Fnba%2Fteam%2Fstats%2F_%2Fname%2Fny%2Fseason%2F2026%2Fseasontype%2F2&b=1107&t=VIrus4HsTKCs9qkkBqKt51CLCMp9&V=151&tz=-480&sn=4&sv=BAMGLKC0OaBzCWPo3eBYp8HzCAmVjn&sr=external&sd=1&im=067b2ff3&_ → 200 (289ms, 43B)
[2026-06-07T02:24:16.471Z] POST https://vision.fn-pz.com/v3/event → 202 (261ms, ?B)
[2026-06-07T02:24:24.192Z] POST https://ty-trc-events.taboola.com/espnnetwork-espn/log/3/perf?tvi48=28907&tvi50=30819&route=TY%3ATY%3AV&lti=default-trecs-3288-fix-served-sizes-reporting-on-explore-more-display-items_ctrl → 204 (74ms, ?B)
[2026-06-07T02:24:34.193Z] POST https://ty-trc-events.taboola.com/espnnetwork-espn/log/3/perf?tvi48=28907&tvi50=30819&route=TY%3ATY%3AV&lti=default-trecs-3288-fix-served-sizes-reporting-on-explore-more-display-items_ctrl → 204 (73ms, ?B)
[2026-06-07T02:24:44.193Z] POST https://ty-trc-events.taboola.com/espnnetwork-espn/log/3/perf?tvi48=28907&tvi50=30819&route=TY%3ATY%3AV&lti=default-trecs-3288-fix-served-sizes-reporting-on-explore-more-display-items_ctrl → 204 (416ms, ?B)
[2026-06-07T02:24:54.194Z] POST https://ty-trc-events.taboola.com/espnnetwork-espn/log/3/perf?tvi48=28907&tvi50=30819&route=TY%3ATY%3AV&lti=default-trecs-3288-fix-served-sizes-reporting-on-explore-more-display-items_ctrl → 204 (77ms, ?B)
[2026-06-07T02:25:00.280Z] GET https://pespn.chartbeat.net/ping?h=espn.com&p=%2Fnba%2Fteam%2Fstats%2F_%2Fname%2Fny%2Fseason%2F2026%2Fseasontype%2F2&u=BgdCSLBFrErGCzLBHt&d=espn.com&g=22222&g0=nba&g1=stats&g6=5075907490%7C%7C1&n=1&f=00001&c=1.75&x=0&m=0&y=2971&o=1280&w=720&j=90&R=0&W=0&I=1&E=5&e=0&r=&PA=https%3A%2F%2Fwww.espn.com%2Fnba%2Fteam%2Fstats%2F_%2Fname%2Fny%2Fseason%2F2026%2Fseasontype%2F2&b=1107&t=VIrus4HsTKCs9qkkBqKt51CLCMp9&V=151&tz=-480&sn=5&sv=BAMGLKC0OaBzCWPo3eBYp8HzCAmVjn&sr=external&sd=1&im=067b2ff3&_ → 200 (261ms, 43B)
[2026-06-07T02:25:04.193Z] POST https://ty-trc-events.taboola.com/espnnetwork-espn/log/3/perf?tvi48=28907&tvi50=30819&route=TY%3ATY%3AV&lti=default-trecs-3288-fix-served-sizes-reporting-on-explore-more-display-items_ctrl → 204 (166ms, ?B)
[2026-06-07T02:25:14.193Z] POST https://ty-trc-events.taboola.com/espnnetwork-espn/log/3/perf?tvi48=28907&tvi50=30819&route=TY%3ATY%3AV&lti=default-trecs-3288-fix-served-sizes-reporting-on-explore-more-display-items_ctrl → 204 (165ms, ?B)
[2026-06-07T02:25:16.474Z] POST https://vision.fn-pz.com/v3/event → 202 (242ms, ?B)
[2026-06-07T02:25:24.196Z] POST https://ty-trc-events.taboola.com/espnnetwork-espn/log/3/perf?tvi48=28907&tvi50=30819&route=TY%3ATY%3AV&lti=default-trecs-3288-fix-served-sizes-reporting-on-explore-more-display-items_ctrl → 204 (167ms, ?B)
[2026-06-07T02:25:34.195Z] POST https://ty-trc-events.taboola.com/espnnetwork-espn/log/3/perf?tvi48=28907&tvi50=30819&route=TY%3ATY%3AV&lti=default-trecs-3288-fix-served-sizes-reporting-on-explore-more-display-items_ctrl → 204 (73ms, ?B)
[2026-06-07T02:25:44.195Z] POST https://ty-trc-events.taboola.com/espnnetwork-espn/log/3/perf?tvi48=28907&tvi50=30819&route=TY%3ATY%3AV&lti=default-trecs-3288-fix-served-sizes-reporting-on-explore-more-display-items_ctrl → 204 (72ms, ?B)
[2026-06-07T02:25:45.853Z] GET https://p1.parsely.com/px/?rand=1780799145827&plid=27910744-a576-4a1b-aac7-bf8218e5b0bc&idsite=espn.com&url=https%3A%2F%2Fwww.espn.com%2Fnba%2Fteam%2Fstats%2F_%2Fname%2Fny%2Fseason%2F2026%2Fseasontype%2F2&urlref=&screen=1280x720%7C1280x720%7C24&data=%7B%7D&sid=1&surl=https%3A%2F%2Fwww.espn.com%2Fnba%2Fteam%2Fstats%2F_%2Fname%2Fsa%2Fsan-antonio-spurs&sref=&sts=1780798683783&slts=0&date=Sun+Jun+07+2026+10%3A25%3A45+GMT%2B0800+(China+Standard+Time)&action=heartbeat&inc=5&tt=4901&pvid=f0f1a66a-1cd1-4343-b15d-23484d0f78b6&u=pid%3D548a9c48-1fbf-45f2-9c64-a2e84c5ce1ea → pending (?ms, ?B)
[2026-06-07T02:25:54.194Z] POST https://ty-trc-events.taboola.com/espnnetwork-espn/log/3/perf?tvi48=28907&tvi50=30819&route=TY%3ATY%3AV&lti=default-trecs-3288-fix-served-sizes-reporting-on-explore-more-display-items_ctrl → 204 (72ms, ?B)
[2026-06-07T02:26:04.194Z] POST https://ty-trc-events.taboola.com/espnnetwork-espn/log/3/perf?tvi48=28907&tvi50=30819&route=TY%3ATY%3AV&lti=default-trecs-3288-fix-served-sizes-reporting-on-explore-more-display-items_ctrl → 204 (75ms, ?B)
[2026-06-07T02:26:14.194Z] POST https://ty-trc-events.taboola.com/espnnetwork-espn/log/3/perf?tvi48=28907&tvi50=30819&route=TY%3ATY%3AV&lti=default-trecs-3288-fix-served-sizes-reporting-on-explore-more-display-items_ctrl → 204 (73ms, ?B)
[2026-06-07T02:26:15.282Z] GET https://pespn.chartbeat.net/ping?h=espn.com&p=%2Fnba%2Fteam%2Fstats%2F_%2Fname%2Fny%2Fseason%2F2026%2Fseasontype%2F2&u=BgdCSLBFrErGCzLBHt&d=espn.com&g=22222&g0=nba&g1=stats&g6=5075907490%7C%7C1&n=1&f=00001&c=3&x=0&m=0&y=2971&o=1280&w=720&j=150&R=0&W=0&I=1&E=5&e=0&r=&PA=https%3A%2F%2Fwww.espn.com%2Fnba%2Fteam%2Fstats%2F_%2Fname%2Fny%2Fseason%2F2026%2Fseasontype%2F2&b=1107&t=VIrus4HsTKCs9qkkBqKt51CLCMp9&V=151&tz=-480&sn=6&sv=BAMGLKC0OaBzCWPo3eBYp8HzCAmVjn&sr=external&sd=1&im=067b2ff3&_ → 200 (259ms, 43B)
[2026-06-07T02:26:24.195Z] POST https://ty-trc-events.taboola.com/espnnetwork-espn/log/3/perf?tvi48=28907&tvi50=30819&route=TY%3ATY%3AV&lti=default-trecs-3288-fix-served-sizes-reporting-on-explore-more-display-items_ctrl → 204 (72ms, ?B)
[2026-06-07T02:26:34.195Z] POST https://ty-trc-events.taboola.com/espnnetwork-espn/log/3/perf?tvi48=28907&tvi50=30819&route=TY%3ATY%3AV&lti=default-trecs-3288-fix-served-sizes-reporting-on-explore-more-display-items_ctrl → pending (?ms, ?B)
[2026-06-07T02:26:44.194Z] POST https://ty-trc-events.taboola.com/espnnetwork-espn/log/3/perf?tvi48=28907&tvi50=30819&route=TY%3ATY%3AV&lti=default-trecs-3288-fix-served-sizes-reporting-on-explore-more-display-items_ctrl → pending (?ms, ?B)
[2026-06-07T02:26:54.196Z] POST https://ty-trc-events.taboola.com/espnnetwork-espn/log/3/perf?tvi48=28907&tvi50=30819&route=TY%3ATY%3AV&lti=default-trecs-3288-fix-served-sizes-reporting-on-explore-more-display-items_ctrl → pending (?ms, ?B)
[2026-06-07T02:27:04.196Z] POST https://ty-trc-events.taboola.com/espnnetwork-espn/log/3/perf?tvi48=28907&tvi50=30819&route=TY%3ATY%3AV&lti=default-trecs-3288-fix-served-sizes-reporting-on-explore-more-display-items_ctrl → pending (?ms, ?B)
[2026-06-07T02:27:14.196Z] POST https://ty-trc-events.taboola.com/espnnetwork-espn/log/3/perf?tvi48=28907&tvi50=30819&route=TY%3ATY%3AV&lti=default-trecs-3288-fix-served-sizes-reporting-on-explore-more-display-items_ctrl → pending (?ms, ?B)
[2026-06-07T02:27:24.199Z] POST https://ty-trc-events.taboola.com/espnnetwork-espn/log/3/perf?tvi48=28907&tvi50=30819&route=TY%3ATY%3AV&lti=default-trecs-3288-fix-served-sizes-reporting-on-explore-more-display-items_ctrl → pending (?ms, ?B)
[2026-06-07T02:27:34.196Z] POST https://ty-trc-events.taboola.com/espnnetwork-espn/log/3/perf?tvi48=28907&tvi50=30819&route=TY%3ATY%3AV&lti=default-trecs-3288-fix-served-sizes-reporting-on-explore-more-display-items_ctrl → pending (?ms, ?B)
[2026-06-07T02:27:44.198Z] POST https://ty-trc-events.taboola.com/espnnetwork-espn/log/3/perf?tvi48=28907&tvi50=30819&route=TY%3ATY%3AV&lti=default-trecs-3288-fix-served-sizes-reporting-on-explore-more-display-items_ctrl → pending (?ms, ?B)
[2026-06-07T02:27:54.197Z] POST https://ty-trc-events.taboola.com/espnnetwork-espn/log/3/perf?tvi48=28907&tvi50=30819&route=TY%3ATY%3AV&lti=default-trecs-3288-fix-served-sizes-reporting-on-explore-more-display-items_ctrl → pending (?ms, ?B)
[2026-06-07T02:28:04.196Z] POST https://ty-trc-events.taboola.com/espnnetwork-espn/log/3/perf?tvi48=28907&tvi50=30819&route=TY%3ATY%3AV&lti=default-trecs-3288-fix-served-sizes-reporting-on-explore-more-display-items_ctrl → 204 (73ms, ?B)
[2026-06-07T02:28:14.196Z] POST https://ty-trc-events.taboola.com/espnnetwork-espn/log/3/perf?tvi48=28907&tvi50=30819&route=TY%3ATY%3AV&lti=default-trecs-3288-fix-served-sizes-reporting-on-explore-more-display-items_ctrl → 204 (79ms, ?B)
[2026-06-07T02:28:16.668Z] GET https://secure-sdk.imrworldwide.com/cgi-bin/gn?prd=dcr&ci=us-600140&ch=us-600140_b01_nba_S&asn=nba&fp_id=bvjx3iby8ivz36wlzzvtmisuy8rbt1780798683&fp_cr_tm=1780798683802&fp_acc_tm=1780798899298&fp_emm_tm=1780798899304&ve_id=&sessionId=s1mojtfjvabz0tw75bp8nzwovcnba1780798995&prv=1&c6=vc,b01&ca=NA&c13=asid,P07264C85-15CD-4A80-8E56-B5BFA6D93296&c32=segA,stats&c33=segB,NA&c34=segC,stats&c15=apn,&sup=1&segment2=&segment1=&forward=0&plugv=&playerv=&ad=0&cr=D&c9=devid,&enc=true&c1=nuid,1t7q7zn6sluerrezaryzzdwff9qa01780798683&at=timer&rt=text&c16=sdkv,bj.6.0.0&c27=cln,300&crs=&lat=&lon=&c29=plid,17807989952571143&c30=bldv,6.0.0.748&st=dcr&c7=osgrp,&c8=devgrp,&c10=plt,&c40=adbid,&c14=osver,NA&c26=dmap,1&dd=&hrd=&wkd=&c35=adrsid,&c36=cref1,&c37=cref2,&c11=agg,1&c12=apv,&c51=adl,0&c52=noad,0&pc=NA&c53=fef,n&c54=oad,&c55=cref3,&c57=adldf,2&ai=espn_nba_stats&c3=st,c&c64=starttm,1780798996&adid=espn_nba_stats&c58=isLive,false&c59=sesid,&c61=createtm,1780799296&c63=pipMode,&uoo=&c68=bndlid,&nodeTM=&logTM=&c73=phtype,&c74=dvcnm,&c76=adbsnid,&c44=progen,&davty=1&si=https%3A%2F%2Fwww.espn.com%2Fnba%2Fteam%2Fstats%2F_%2Fname%2Fny%2Fseason%2F2026%2Fseasontype%2F2&c66=mediaurl,&sdd=&c62=sendTime,1780799296&rnd=595576 → 200 (265ms, 44B)
[2026-06-07T02:28:24.197Z] POST https://ty-trc-events.taboola.com/espnnetwork-espn/log/3/perf?tvi48=28907&tvi50=30819&route=TY%3ATY%3AV&lti=default-trecs-3288-fix-served-sizes-reporting-on-explore-more-display-items_ctrl → 204 (74ms, ?B)
[2026-06-07T02:28:30.284Z] GET https://pespn.chartbeat.net/ping?h=espn.com&p=%2Fnba%2Fteam%2Fstats%2F_%2Fname%2Fny%2Fseason%2F2026%2Fseasontype%2F2&u=BgdCSLBFrErGCzLBHt&d=espn.com&g=22222&g0=nba&g1=stats&g6=5075907490%7C%7C1&n=1&f=00001&c=5.25&x=0&m=0&y=2971&o=1280&w=720&j=270&R=0&W=0&I=1&E=5&e=0&r=&PA=https%3A%2F%2Fwww.espn.com%2Fnba%2Fteam%2Fstats%2F_%2Fname%2Fny%2Fseason%2F2026%2Fseasontype%2F2&b=1107&t=VIrus4HsTKCs9qkkBqKt51CLCMp9&V=151&tz=-480&sn=7&sv=BAMGLKC0OaBzCWPo3eBYp8HzCAmVjn&sr=external&sd=1&im=067b2ff3&_ → pending (?ms, ?B)
[2026-06-07T02:28:34.197Z] POST https://ty-trc-events.taboola.com/espnnetwork-espn/log/3/perf?tvi48=28907&tvi50=30819&route=TY%3ATY%3AV&lti=default-trecs-3288-fix-served-sizes-reporting-on-explore-more-display-items_ctrl → pending (?ms, ?B)
[2026-06-07T02:28:44.198Z] POST https://ty-trc-events.taboola.com/espnnetwork-espn/log/3/perf?tvi48=28907&tvi50=30819&route=TY%3ATY%3AV&lti=default-trecs-3288-fix-served-sizes-reporting-on-explore-more-display-items_ctrl → 204 (72ms, ?B)
[2026-06-07T02:28:54.197Z] POST https://ty-trc-events.taboola.com/espnnetwork-espn/log/3/perf?tvi48=28907&tvi50=30819&route=TY%3ATY%3AV&lti=default-trecs-3288-fix-served-sizes-reporting-on-explore-more-display-items_ctrl → 204 (72ms, ?B)
[2026-06-07T02:29:04.197Z] POST https://ty-trc-events.taboola.com/espnnetwork-espn/log/3/perf?tvi48=28907&tvi50=30819&route=TY%3ATY%3AV&lti=default-trecs-3288-fix-served-sizes-reporting-on-explore-more-display-items_ctrl → pending (?ms, ?B)
[2026-06-07T02:29:14.197Z] POST https://ty-trc-events.taboola.com/espnnetwork-espn/log/3/perf?tvi48=28907&tvi50=30819&route=TY%3ATY%3AV&lti=default-trecs-3288-fix-served-sizes-reporting-on-explore-more-display-items_ctrl → pending (?ms, ?B)
[2026-06-07T02:29:24.197Z] POST https://ty-trc-events.taboola.com/espnnetwork-espn/log/3/perf?tvi48=28907&tvi50=30819&route=TY%3ATY%3AV&lti=default-trecs-3288-fix-served-sizes-reporting-on-explore-more-display-items_ctrl → 204 (76ms, ?B)
[2026-06-07T02:29:34.198Z] POST https://ty-trc-events.taboola.com/espnnetwork-espn/log/3/perf?tvi48=28907&tvi50=30819&route=TY%3ATY%3AV&lti=default-trecs-3288-fix-served-sizes-reporting-on-explore-more-display-items_ctrl → 204 (75ms, ?B)
[2026-06-07T02:29:44.197Z] POST https://ty-trc-events.taboola.com/espnnetwork-espn/log/3/perf?tvi48=28907&tvi50=30819&route=TY%3ATY%3AV&lti=default-trecs-3288-fix-served-sizes-reporting-on-explore-more-display-items_ctrl → pending (?ms, ?B)
[2026-06-07T02:29:54.197Z] POST https://ty-trc-events.taboola.com/espnnetwork-espn/log/3/perf?tvi48=28907&tvi50=30819&route=TY%3ATY%3AV&lti=default-trecs-3288-fix-served-sizes-reporting-on-explore-more-display-items_ctrl → 204 (73ms, ?B)
[2026-06-07T02:30:04.198Z] POST https://ty-trc-events.taboola.com/espnnetwork-espn/log/3/perf?tvi48=28907&tvi50=30819&route=TY%3ATY%3AV&lti=default-trecs-3288-fix-served-sizes-reporting-on-explore-more-display-items_ctrl → pending (?ms, ?B)
[2026-06-07T02:30:14.199Z] POST https://ty-trc-events.taboola.com/espnnetwork-espn/log/3/perf?tvi48=28907&tvi50=30819&route=TY%3ATY%3AV&lti=default-trecs-3288-fix-served-sizes-reporting-on-explore-more-display-items_ctrl → 204 (73ms, ?B)
[2026-06-07T02:30:24.199Z] POST https://ty-trc-events.taboola.com/espnnetwork-espn/log/3/perf?tvi48=28907&tvi50=30819&route=TY%3ATY%3AV&lti=default-trecs-3288-fix-served-sizes-reporting-on-explore-more-display-items_ctrl → 204 (72ms, ?B)
[2026-06-07T02:30:34.199Z] POST https://ty-trc-events.taboola.com/espnnetwork-espn/log/3/perf?tvi48=28907&tvi50=30819&route=TY%3ATY%3AV&lti=default-trecs-3288-fix-served-sizes-reporting-on-explore-more-display-items_ctrl → 204 (76ms, ?B)
[2026-06-07T02:30:44.198Z] POST https://ty-trc-events.taboola.com/espnnetwork-espn/log/3/perf?tvi48=28907&tvi50=30819&route=TY%3ATY%3AV&lti=default-trecs-3288-fix-served-sizes-reporting-on-explore-more-display-items_ctrl → 204 (169ms, ?B)
[2026-06-07T02:30:54.199Z] POST https://ty-trc-events.taboola.com/espnnetwork-espn/log/3/perf?tvi48=28907&tvi50=30819&route=TY%3ATY%3AV&lti=default-trecs-3288-fix-served-sizes-reporting-on-explore-more-display-items_ctrl → 204 (73ms, ?B)
[2026-06-07T02:31:04.199Z] POST https://ty-trc-events.taboola.com/espnnetwork-espn/log/3/perf?tvi48=28907&tvi50=30819&route=TY%3ATY%3AV&lti=default-trecs-3288-fix-served-sizes-reporting-on-explore-more-display-items_ctrl → 204 (166ms, ?B)
[2026-06-07T02:31:14.199Z] POST https://ty-trc-events.taboola.com/espnnetwork-espn/log/3/perf?tvi48=28907&tvi50=30819&route=TY%3ATY%3AV&lti=default-trecs-3288-fix-served-sizes-reporting-on-explore-more-display-items_ctrl → 204 (75ms, ?B)
[2026-06-07T02:31:24.198Z] POST https://ty-trc-events.taboola.com/espnnetwork-espn/log/3/perf?tvi48=28907&tvi50=30819&route=TY%3ATY%3AV&lti=default-trecs-3288-fix-served-sizes-reporting-on-explore-more-display-items_ctrl → 204 (75ms, ?B)
[2026-06-07T02:31:34.198Z] POST https://ty-trc-events.taboola.com/espnnetwork-espn/log/3/perf?tvi48=28907&tvi50=30819&route=TY%3ATY%3AV&lti=default-trecs-3288-fix-served-sizes-reporting-on-explore-more-display-items_ctrl → pending (?ms, ?B)
[2026-06-07T02:31:44.199Z] POST https://ty-trc-events.taboola.com/espnnetwork-espn/log/3/perf?tvi48=28907&tvi50=30819&route=TY%3ATY%3AV&lti=default-trecs-3288-fix-served-sizes-reporting-on-explore-more-display-items_ctrl → 204 (76ms, ?B)
[2026-06-07T02:31:54.199Z] POST https://ty-trc-events.taboola.com/espnnetwork-espn/log/3/perf?tvi48=28907&tvi50=30819&route=TY%3ATY%3AV&lti=default-trecs-3288-fix-served-sizes-reporting-on-explore-more-display-items_ctrl → 204 (75ms, ?B)
[2026-06-07T02:32:04.199Z] POST https://ty-trc-events.taboola.com/espnnetwork-espn/log/3/perf?tvi48=28907&tvi50=30819&route=TY%3ATY%3AV&lti=default-trecs-3288-fix-served-sizes-reporting-on-explore-more-display-items_ctrl → 204 (75ms, ?B)
[2026-06-07T02:32:14.199Z] POST https://ty-trc-events.taboola.com/espnnetwork-espn/log/3/perf?tvi48=28907&tvi50=30819&route=TY%3ATY%3AV&lti=default-trecs-3288-fix-served-sizes-reporting-on-explore-more-display-items_ctrl → pending (?ms, ?B)
[2026-06-07T02:32:24.199Z] POST https://ty-trc-events.taboola.com/espnnetwork-espn/log/3/perf?tvi48=28907&tvi50=30819&route=TY%3ATY%3AV&lti=default-trecs-3288-fix-served-sizes-reporting-on-explore-more-display-items_ctrl → 204 (72ms, ?B)
[2026-06-07T02:32:34.200Z] POST https://ty-trc-events.taboola.com/espnnetwork-espn/log/3/perf?tvi48=28907&tvi50=30819&route=TY%3ATY%3AV&lti=default-trecs-3288-fix-served-sizes-reporting-on-explore-more-display-items_ctrl → 204 (74ms, ?B)
[2026-06-07T02:32:44.199Z] POST https://ty-trc-events.taboola.com/espnnetwork-espn/log/3/perf?tvi48=28907&tvi50=30819&route=TY%3ATY%3AV&lti=default-trecs-3288-fix-served-sizes-reporting-on-explore-more-display-items_ctrl → 204 (74ms, ?B)
[2026-06-07T02:32:45.286Z] GET https://pespn.chartbeat.net/ping?h=espn.com&p=%2Fnba%2Fteam%2Fstats%2F_%2Fname%2Fny%2Fseason%2F2026%2Fseasontype%2F2&u=BgdCSLBFrErGCzLBHt&d=espn.com&g=22222&g0=nba&g1=stats&g6=5075907490%7C%7C1&n=1&f=00001&c=9.5&x=0&m=0&y=2971&o=1280&w=720&j=270&R=0&W=0&I=1&E=5&e=0&r=&PA=https%3A%2F%2Fwww.espn.com%2Fnba%2Fteam%2Fstats%2F_%2Fname%2Fny%2Fseason%2F2026%2Fseasontype%2F2&b=1107&t=VIrus4HsTKCs9qkkBqKt51CLCMp9&V=151&tz=-480&sn=8&sv=BAMGLKC0OaBzCWPo3eBYp8HzCAmVjn&sr=external&sd=1&im=067b2ff3&_ → pending (?ms, ?B)
[2026-06-07T02:32:54.198Z] POST https://ty-trc-events.taboola.com/espnnetwork-espn/log/3/perf?tvi48=28907&tvi50=30819&route=TY%3ATY%3AV&lti=default-trecs-3288-fix-served-sizes-reporting-on-explore-more-display-items_ctrl → pending (?ms, ?B)
[2026-06-07T02:33:04.200Z] POST https://ty-trc-events.taboola.com/espnnetwork-espn/log/3/perf?tvi48=28907&tvi50=30819&route=TY%3ATY%3AV&lti=default-trecs-3288-fix-served-sizes-reporting-on-explore-more-display-items_ctrl → 204 (71ms, ?B)
[2026-06-07T02:33:14.199Z] POST https://ty-trc-events.taboola.com/espnnetwork-espn/log/3/perf?tvi48=28907&tvi50=30819&route=TY%3ATY%3AV&lti=default-trecs-3288-fix-served-sizes-reporting-on-explore-more-display-items_ctrl → 204 (75ms, ?B)
[2026-06-07T02:33:16.479Z] GET https://vision.fn-pz.com/v3/config/espn-web → pending (?ms, ?B)
[2026-06-07T02:33:17.049Z] GET https://secure-sdk.imrworldwide.com/cgi-bin/gn?prd=dcr&ci=us-600140&ch=us-600140_b01_nba_S&asn=nba&fp_id=bvjx3iby8ivz36wlzzvtmisuy8rbt1780798683&fp_cr_tm=1780798683802&fp_acc_tm=1780798899298&fp_emm_tm=1780798899304&ve_id=&sessionId=s1mojtfjvabz0tw75bp8nzwovcnba1780798995&prv=1&c6=vc,b01&ca=NA&c13=asid,P07264C85-15CD-4A80-8E56-B5BFA6D93296&c32=segA,stats&c33=segB,NA&c34=segC,stats&c15=apn,&sup=1&segment2=&segment1=&forward=0&plugv=&playerv=&ad=0&cr=D&c9=devid,&enc=true&c1=nuid,1t7q7zn6sluerrezaryzzdwff9qa01780798683&at=timer&rt=text&c16=sdkv,bj.6.0.0&c27=cln,300&crs=&lat=&lon=&c29=plid,17807989952571143&c30=bldv,6.0.0.748&st=dcr&c7=osgrp,&c8=devgrp,&c10=plt,&c40=adbid,&c14=osver,NA&c26=dmap,1&dd=&hrd=&wkd=&c35=adrsid,&c36=cref1,&c37=cref2,&c11=agg,1&c12=apv,&c51=adl,0&c52=noad,0&pc=NA&c53=fef,n&c54=oad,&c55=cref3,&c57=adldf,2&ai=espn_nba_stats&c3=st,c&c64=starttm,1780798996&adid=espn_nba_stats&c58=isLive,false&c59=sesid,&c61=createtm,1780799597&c63=pipMode,&uoo=&c68=bndlid,&nodeTM=&logTM=&c73=phtype,&c74=dvcnm,&c76=adbsnid,&c44=progen,&davty=1&si=https%3A%2F%2Fwww.espn.com%2Fnba%2Fteam%2Fstats%2F_%2Fname%2Fny%2Fseason%2F2026%2Fseasontype%2F2&c66=mediaurl,&sdd=&c62=sendTime,1780799597&rnd=750522 → 200 (292ms, 44B)
[2026-06-07T02:33:24.199Z] POST https://ty-trc-events.taboola.com/espnnetwork-espn/log/3/perf?tvi48=28907&tvi50=30819&route=TY%3ATY%3AV&lti=default-trecs-3288-fix-served-sizes-reporting-on-explore-more-display-items_ctrl → pending (?ms, ?B)
[2026-06-07T02:33:34.197Z] POST https://ty-trc-events.taboola.com/espnnetwork-espn/log/3/perf?tvi48=28907&tvi50=30819&route=TY%3ATY%3AV&lti=default-trecs-3288-fix-served-sizes-reporting-on-explore-more-display-items_ctrl → 204 (72ms, ?B)
[2026-06-07T02:33:44.201Z] POST https://ty-trc-events.taboola.com/espnnetwork-espn/log/3/perf?tvi48=28907&tvi50=30819&route=TY%3ATY%3AV&lti=default-trecs-3288-fix-served-sizes-reporting-on-explore-more-display-items_ctrl → 204 (75ms, ?B)
[2026-06-07T02:33:54.201Z] POST https://ty-trc-events.taboola.com/espnnetwork-espn/log/3/perf?tvi48=28907&tvi50=30819&route=TY%3ATY%3AV&lti=default-trecs-3288-fix-served-sizes-reporting-on-explore-more-display-items_ctrl → 204 (74ms, ?B)
[2026-06-07T02:34:04.201Z] POST https://ty-trc-events.taboola.com/espnnetwork-espn/log/3/perf?tvi48=28907&tvi50=30819&route=TY%3ATY%3AV&lti=default-trecs-3288-fix-served-sizes-reporting-on-explore-more-display-items_ctrl → 204 (75ms, ?B)
[2026-06-07T02:34:14.202Z] POST https://ty-trc-events.taboola.com/espnnetwork-espn/log/3/perf?tvi48=28907&tvi50=30819&route=TY%3ATY%3AV&lti=default-trecs-3288-fix-served-sizes-reporting-on-explore-more-display-items_ctrl → 204 (74ms, ?B)
[2026-06-07T02:34:24.202Z] POST https://ty-trc-events.taboola.com/espnnetwork-espn/log/3/perf?tvi48=28907&tvi50=30819&route=TY%3ATY%3AV&lti=default-trecs-3288-fix-served-sizes-reporting-on-explore-more-display-items_ctrl → 204 (73ms, ?B)
[2026-06-07T02:34:34.201Z] POST https://ty-trc-events.taboola.com/espnnetwork-espn/log/3/perf?tvi48=28907&tvi50=30819&route=TY%3ATY%3AV&lti=default-trecs-3288-fix-served-sizes-reporting-on-explore-more-display-items_ctrl → 204 (73ms, ?B)
[2026-06-07T02:34:44.202Z] POST https://ty-trc-events.taboola.com/espnnetwork-espn/log/3/perf?tvi48=28907&tvi50=30819&route=TY%3ATY%3AV&lti=default-trecs-3288-fix-served-sizes-reporting-on-explore-more-display-items_ctrl → 204 (75ms, ?B)
[2026-06-07T02:34:54.198Z] POST https://ty-trc-events.taboola.com/espnnetwork-espn/log/3/perf?tvi48=28907&tvi50=30819&route=TY%3ATY%3AV&lti=default-trecs-3288-fix-served-sizes-reporting-on-explore-more-display-items_ctrl → 204 (75ms, ?B)
[2026-06-07T02:35:04.202Z] POST https://ty-trc-events.taboola.com/espnnetwork-espn/log/3/perf?tvi48=28907&tvi50=30819&route=TY%3ATY%3AV&lti=default-trecs-3288-fix-served-sizes-reporting-on-explore-more-display-items_ctrl → 204 (73ms, ?B)
[2026-06-07T02:35:14.202Z] POST https://ty-trc-events.taboola.com/espnnetwork-espn/log/3/perf?tvi48=28907&tvi50=30819&route=TY%3ATY%3AV&lti=default-trecs-3288-fix-served-sizes-reporting-on-explore-more-display-items_ctrl → pending (?ms, ?B)
[2026-06-07T02:35:24.200Z] POST https://ty-trc-events.taboola.com/espnnetwork-espn/log/3/perf?tvi48=28907&tvi50=30819&route=TY%3ATY%3AV&lti=default-trecs-3288-fix-served-sizes-reporting-on-explore-more-display-items_ctrl → 204 (74ms, ?B)
[2026-06-07T02:35:34.202Z] POST https://ty-trc-events.taboola.com/espnnetwork-espn/log/3/perf?tvi48=28907&tvi50=30819&route=TY%3ATY%3AV&lti=default-trecs-3288-fix-served-sizes-reporting-on-explore-more-display-items_ctrl → 204 (77ms, ?B)
[2026-06-07T02:35:44.203Z] POST https://ty-trc-events.taboola.com/espnnetwork-espn/log/3/perf?tvi48=28907&tvi50=30819&route=TY%3ATY%3AV&lti=default-trecs-3288-fix-served-sizes-reporting-on-explore-more-display-items_ctrl → 204 (77ms, ?B)
[2026-06-07T02:35:54.203Z] POST https://ty-trc-events.taboola.com/espnnetwork-espn/log/3/perf?tvi48=28907&tvi50=30819&route=TY%3ATY%3AV&lti=default-trecs-3288-fix-served-sizes-reporting-on-explore-more-display-items_ctrl → 204 (74ms, ?B)
[2026-06-07T02:36:04.202Z] POST https://ty-trc-events.taboola.com/espnnetwork-espn/log/3/perf?tvi48=28907&tvi50=30819&route=TY%3ATY%3AV&lti=default-trecs-3288-fix-served-sizes-reporting-on-explore-more-display-items_ctrl → 204 (75ms, ?B)
[2026-06-07T02:36:14.200Z] POST https://ty-trc-events.taboola.com/espnnetwork-espn/log/3/perf?tvi48=28907&tvi50=30819&route=TY%3ATY%3AV&lti=default-trecs-3288-fix-served-sizes-reporting-on-explore-more-display-items_ctrl → 204 (72ms, ?B)
[2026-06-07T02:36:24.203Z] POST https://ty-trc-events.taboola.com/espnnetwork-espn/log/3/perf?tvi48=28907&tvi50=30819&route=TY%3ATY%3AV&lti=default-trecs-3288-fix-served-sizes-reporting-on-explore-more-display-items_ctrl → 204 (72ms, ?B)
[2026-06-07T02:36:34.202Z] POST https://ty-trc-events.taboola.com/espnnetwork-espn/log/3/perf?tvi48=28907&tvi50=30819&route=TY%3ATY%3AV&lti=default-trecs-3288-fix-served-sizes-reporting-on-explore-more-display-items_ctrl → 204 (488ms, ?B)
[2026-06-07T02:36:44.202Z] POST https://ty-trc-events.taboola.com/espnnetwork-espn/log/3/perf?tvi48=28907&tvi50=30819&route=TY%3ATY%3AV&lti=default-trecs-3288-fix-served-sizes-reporting-on-explore-more-display-items_ctrl → 204 (75ms, ?B)
[2026-06-07T02:36:54.202Z] POST https://ty-trc-events.taboola.com/espnnetwork-espn/log/3/perf?tvi48=28907&tvi50=30819&route=TY%3ATY%3AV&lti=default-trecs-3288-fix-served-sizes-reporting-on-explore-more-display-items_ctrl → 204 (74ms, ?B)
[2026-06-07T02:37:00.287Z] GET https://pespn.chartbeat.net/ping?h=espn.com&p=%2Fnba%2Fteam%2Fstats%2F_%2Fname%2Fny%2Fseason%2F2026%2Fseasontype%2F2&u=BgdCSLBFrErGCzLBHt&d=espn.com&g=22222&g0=nba&g1=stats&g6=5075907490%7C%7C1&n=1&f=00001&c=13.75&x=0&m=0&y=2971&o=1280&w=720&j=270&R=0&W=0&I=1&E=5&e=0&r=&PA=https%3A%2F%2Fwww.espn.com%2Fnba%2Fteam%2Fstats%2F_%2Fname%2Fny%2Fseason%2F2026%2Fseasontype%2F2&b=1107&t=VIrus4HsTKCs9qkkBqKt51CLCMp9&V=151&tz=-480&sn=9&sv=BAMGLKC0OaBzCWPo3eBYp8HzCAmVjn&sr=external&sd=1&im=067b2ff3&_ → 200 (258ms, 43B)
[2026-06-07T02:37:04.202Z] POST https://ty-trc-events.taboola.com/espnnetwork-espn/log/3/perf?tvi48=28907&tvi50=30819&route=TY%3ATY%3AV&lti=default-trecs-3288-fix-served-sizes-reporting-on-explore-more-display-items_ctrl → 204 (76ms, ?B)
[2026-06-07T02:37:14.201Z] POST https://ty-trc-events.taboola.com/espnnetwork-espn/log/3/perf?tvi48=28907&tvi50=30819&route=TY%3ATY%3AV&lti=default-trecs-3288-fix-served-sizes-reporting-on-explore-more-display-items_ctrl → 204 (72ms, ?B)
[2026-06-07T02:37:24.203Z] POST https://ty-trc-events.taboola.com/espnnetwork-espn/log/3/perf?tvi48=28907&tvi50=30819&route=TY%3ATY%3AV&lti=default-trecs-3288-fix-served-sizes-reporting-on-explore-more-display-items_ctrl → 204 (74ms, ?B)
[2026-06-07T02:37:34.202Z] POST https://ty-trc-events.taboola.com/espnnetwork-espn/log/3/perf?tvi48=28907&tvi50=30819&route=TY%3ATY%3AV&lti=default-trecs-3288-fix-served-sizes-reporting-on-explore-more-display-items_ctrl → 204 (74ms, ?B)
[2026-06-07T02:37:44.202Z] POST https://ty-trc-events.taboola.com/espnnetwork-espn/log/3/perf?tvi48=28907&tvi50=30819&route=TY%3ATY%3AV&lti=default-trecs-3288-fix-served-sizes-reporting-on-explore-more-display-items_ctrl → 204 (164ms, ?B)
[2026-06-07T02:37:54.204Z] POST https://ty-trc-events.taboola.com/espnnetwork-espn/log/3/perf?tvi48=28907&tvi50=30819&route=TY%3ATY%3AV&lti=default-trecs-3288-fix-served-sizes-reporting-on-explore-more-display-items_ctrl → 204 (74ms, ?B)
[2026-06-07T02:38:04.202Z] POST https://ty-trc-events.taboola.com/espnnetwork-espn/log/3/perf?tvi48=28907&tvi50=30819&route=TY%3ATY%3AV&lti=default-trecs-3288-fix-served-sizes-reporting-on-explore-more-display-items_ctrl → 204 (75ms, ?B)
[2026-06-07T02:38:14.201Z] POST https://ty-trc-events.taboola.com/espnnetwork-espn/log/3/perf?tvi48=28907&tvi50=30819&route=TY%3ATY%3AV&lti=default-trecs-3288-fix-served-sizes-reporting-on-explore-more-display-items_ctrl → 204 (83ms, ?B)
[2026-06-07T02:38:16.472Z] GET https://secure-sdk.imrworldwide.com/cgi-bin/gn?prd=dcr&ci=us-600140&ch=us-600140_b01_nba_S&asn=nba&fp_id=bvjx3iby8ivz36wlzzvtmisuy8rbt1780798683&fp_cr_tm=1780798683802&fp_acc_tm=1780798899298&fp_emm_tm=1780798899304&ve_id=&sessionId=s1mojtfjvabz0tw75bp8nzwovcnba1780798995&prv=1&c6=vc,b01&ca=NA&c13=asid,P07264C85-15CD-4A80-8E56-B5BFA6D93296&c32=segA,stats&c33=segB,NA&c34=segC,stats&c15=apn,&sup=1&segment2=&segment1=&forward=0&plugv=&playerv=&ad=0&cr=D&c9=devid,&enc=true&c1=nuid,1t7q7zn6sluerrezaryzzdwff9qa01780798683&at=timer&rt=text&c16=sdkv,bj.6.0.0&c27=cln,300&crs=&lat=&lon=&c29=plid,17807989952571143&c30=bldv,6.0.0.748&st=dcr&c7=osgrp,&c8=devgrp,&c10=plt,&c40=adbid,&c14=osver,NA&c26=dmap,1&dd=&hrd=&wkd=&c35=adrsid,&c36=cref1,&c37=cref2,&c11=agg,1&c12=apv,&c51=adl,0&c52=noad,0&pc=NA&c53=fef,n&c54=oad,&c55=cref3,&c57=adldf,2&ai=espn_nba_stats&c3=st,c&c64=starttm,1780798996&adid=espn_nba_stats&c58=isLive,false&c59=sesid,&c61=createtm,1780799896&c63=pipMode,&uoo=&c68=bndlid,&nodeTM=&logTM=&c73=phtype,&c74=dvcnm,&c76=adbsnid,&c44=progen,&davty=1&si=https%3A%2F%2Fwww.espn.com%2Fnba%2Fteam%2Fstats%2F_%2Fname%2Fny%2Fseason%2F2026%2Fseasontype%2F2&c66=mediaurl,&sdd=&c62=sendTime,1780799896&rnd=186723 → 200 (270ms, 44B)
[2026-06-07T02:38:24.201Z] POST https://ty-trc-events.taboola.com/espnnetwork-espn/log/3/perf?tvi48=28907&tvi50=30819&route=TY%3ATY%3AV&lti=default-trecs-3288-fix-served-sizes-reporting-on-explore-more-display-items_ctrl → 204 (79ms, ?B)
[2026-06-07T02:38:34.202Z] POST https://ty-trc-events.taboola.com/espnnetwork-espn/log/3/perf?tvi48=28907&tvi50=30819&route=TY%3ATY%3AV&lti=default-trecs-3288-fix-served-sizes-reporting-on-explore-more-display-items_ctrl → 204 (71ms, ?B)
[2026-06-07T02:38:44.202Z] POST https://ty-trc-events.taboola.com/espnnetwork-espn/log/3/perf?tvi48=28907&tvi50=30819&route=TY%3ATY%3AV&lti=default-trecs-3288-fix-served-sizes-reporting-on-explore-more-display-items_ctrl → 204 (74ms, ?B)
[2026-06-07T02:38:54.202Z] POST https://ty-trc-events.taboola.com/espnnetwork-espn/log/3/perf?tvi48=28907&tvi50=30819&route=TY%3ATY%3AV&lti=default-trecs-3288-fix-served-sizes-reporting-on-explore-more-display-items_ctrl → 204 (73ms, ?B)
[2026-06-07T02:39:04.203Z] POST https://ty-trc-events.taboola.com/espnnetwork-espn/log/3/perf?tvi48=28907&tvi50=30819&route=TY%3ATY%3AV&lti=default-trecs-3288-fix-served-sizes-reporting-on-explore-more-display-items_ctrl → 204 (71ms, ?B)
[2026-06-07T02:39:14.203Z] POST https://ty-trc-events.taboola.com/espnnetwork-espn/log/3/perf?tvi48=28907&tvi50=30819&route=TY%3ATY%3AV&lti=default-trecs-3288-fix-served-sizes-reporting-on-explore-more-display-items_ctrl → 204 (75ms, ?B)
[2026-06-07T02:39:24.202Z] POST https://ty-trc-events.taboola.com/espnnetwork-espn/log/3/perf?tvi48=28907&tvi50=30819&route=TY%3ATY%3AV&lti=default-trecs-3288-fix-served-sizes-reporting-on-explore-more-display-items_ctrl → 204 (71ms, ?B)
[2026-06-07T02:39:34.203Z] POST https://ty-trc-events.taboola.com/espnnetwork-espn/log/3/perf?tvi48=28907&tvi50=30819&route=TY%3ATY%3AV&lti=default-trecs-3288-fix-served-sizes-reporting-on-explore-more-display-items_ctrl → 204 (163ms, ?B)
[2026-06-07T02:39:44.205Z] POST https://ty-trc-events.taboola.com/espnnetwork-espn/log/3/perf?tvi48=28907&tvi50=30819&route=TY%3ATY%3AV&lti=default-trecs-3288-fix-served-sizes-reporting-on-explore-more-display-items_ctrl → 204 (74ms, ?B)
[2026-06-07T02:39:54.209Z] POST https://ty-trc-events.taboola.com/espnnetwork-espn/log/3/perf?tvi48=28907&tvi50=30819&route=TY%3ATY%3AV&lti=default-trecs-3288-fix-served-sizes-reporting-on-explore-more-display-items_ctrl → 204 (75ms, ?B)
[2026-06-07T02:40:04.212Z] POST https://ty-trc-events.taboola.com/espnnetwork-espn/log/3/perf?tvi48=28907&tvi50=30819&route=TY%3ATY%3AV&lti=default-trecs-3288-fix-served-sizes-reporting-on-explore-more-display-items_ctrl → 204 (165ms, ?B)
[2026-06-07T02:40:14.215Z] POST https://ty-trc-events.taboola.com/espnnetwork-espn/log/3/perf?tvi48=28907&tvi50=30819&route=TY%3ATY%3AV&lti=default-trecs-3288-fix-served-sizes-reporting-on-explore-more-display-items_ctrl → 204 (76ms, ?B)
[2026-06-07T02:40:24.214Z] POST https://ty-trc-events.taboola.com/espnnetwork-espn/log/3/perf?tvi48=28907&tvi50=30819&route=TY%3ATY%3AV&lti=default-trecs-3288-fix-served-sizes-reporting-on-explore-more-display-items_ctrl → 204 (163ms, ?B)
[2026-06-07T02:40:34.216Z] POST https://ty-trc-events.taboola.com/espnnetwork-espn/log/3/perf?tvi48=28907&tvi50=30819&route=TY%3ATY%3AV&lti=default-trecs-3288-fix-served-sizes-reporting-on-explore-more-display-items_ctrl → 204 (74ms, ?B)
[2026-06-07T02:40:44.216Z] POST https://ty-trc-events.taboola.com/espnnetwork-espn/log/3/perf?tvi48=28907&tvi50=30819&route=TY%3ATY%3AV&lti=default-trecs-3288-fix-served-sizes-reporting-on-explore-more-display-items_ctrl → 204 (164ms, ?B)
[2026-06-07T02:40:54.216Z] POST https://ty-trc-events.taboola.com/espnnetwork-espn/log/3/perf?tvi48=28907&tvi50=30819&route=TY%3ATY%3AV&lti=default-trecs-3288-fix-served-sizes-reporting-on-explore-more-display-items_ctrl → 204 (167ms, ?B)
[2026-06-07T02:41:04.217Z] POST https://ty-trc-events.taboola.com/espnnetwork-espn/log/3/perf?tvi48=28907&tvi50=30819&route=TY%3ATY%3AV&lti=default-trecs-3288-fix-served-sizes-reporting-on-explore-more-display-items_ctrl → 204 (74ms, ?B)
[2026-06-07T02:41:14.217Z] POST https://ty-trc-events.taboola.com/espnnetwork-espn/log/3/perf?tvi48=28907&tvi50=30819&route=TY%3ATY%3AV&lti=default-trecs-3288-fix-served-sizes-reporting-on-explore-more-display-items_ctrl → 204 (699ms, ?B)
[2026-06-07T02:41:15.304Z] GET https://pespn.chartbeat.net/ping?h=espn.com&p=%2Fnba%2Fteam%2Fstats%2F_%2Fname%2Fny%2Fseason%2F2026%2Fseasontype%2F2&u=BgdCSLBFrErGCzLBHt&d=espn.com&g=22222&g0=nba&g1=stats&g6=5075907490%7C%7C1&n=1&f=00001&c=18&x=0&m=0&y=2971&o=1280&w=720&j=270&R=0&W=0&I=1&E=5&e=0&r=&PA=https%3A%2F%2Fwww.espn.com%2Fnba%2Fteam%2Fstats%2F_%2Fname%2Fny%2Fseason%2F2026%2Fseasontype%2F2&b=1107&t=VIrus4HsTKCs9qkkBqKt51CLCMp9&V=151&tz=-480&sn=10&sv=BAMGLKC0OaBzCWPo3eBYp8HzCAmVjn&sr=external&sd=1&im=067b2ff3&_ → 200 (274ms, 43B)
[2026-06-07T02:41:24.216Z] POST https://ty-trc-events.taboola.com/espnnetwork-espn/log/3/perf?tvi48=28907&tvi50=30819&route=TY%3ATY%3AV&lti=default-trecs-3288-fix-served-sizes-reporting-on-explore-more-display-items_ctrl → 204 (164ms, ?B)
[2026-06-07T02:41:34.215Z] POST https://ty-trc-events.taboola.com/espnnetwork-espn/log/3/perf?tvi48=28907&tvi50=30819&route=TY%3ATY%3AV&lti=default-trecs-3288-fix-served-sizes-reporting-on-explore-more-display-items_ctrl → 204 (72ms, ?B)
[2026-06-07T02:41:44.216Z] POST https://ty-trc-events.taboola.com/espnnetwork-espn/log/3/perf?tvi48=28907&tvi50=30819&route=TY%3ATY%3AV&lti=default-trecs-3288-fix-served-sizes-reporting-on-explore-more-display-items_ctrl → 204 (297ms, ?B)
[2026-06-07T02:41:54.216Z] POST https://ty-trc-events.taboola.com/espnnetwork-espn/log/3/perf?tvi48=28907&tvi50=30819&route=TY%3ATY%3AV&lti=default-trecs-3288-fix-served-sizes-reporting-on-explore-more-display-items_ctrl → 204 (74ms, ?B)
[2026-06-07T02:42:04.217Z] POST https://ty-trc-events.taboola.com/espnnetwork-espn/log/3/perf?tvi48=28907&tvi50=30819&route=TY%3ATY%3AV&lti=default-trecs-3288-fix-served-sizes-reporting-on-explore-more-display-items_ctrl → 204 (71ms, ?B)
[2026-06-07T02:42:14.216Z] POST https://ty-trc-events.taboola.com/espnnetwork-espn/log/3/perf?tvi48=28907&tvi50=30819&route=TY%3ATY%3AV&lti=default-trecs-3288-fix-served-sizes-reporting-on-explore-more-display-items_ctrl → 204 (71ms, ?B)
[2026-06-07T02:42:24.215Z] POST https://ty-trc-events.taboola.com/espnnetwork-espn/log/3/perf?tvi48=28907&tvi50=30819&route=TY%3ATY%3AV&lti=default-trecs-3288-fix-served-sizes-reporting-on-explore-more-display-items_ctrl → 204 (74ms, ?B)
[2026-06-07T02:42:34.217Z] POST https://ty-trc-events.taboola.com/espnnetwork-espn/log/3/perf?tvi48=28907&tvi50=30819&route=TY%3ATY%3AV&lti=default-trecs-3288-fix-served-sizes-reporting-on-explore-more-display-items_ctrl → 204 (73ms, ?B)
[2026-06-07T02:42:44.219Z] POST https://ty-trc-events.taboola.com/espnnetwork-espn/log/3/perf?tvi48=28907&tvi50=30819&route=TY%3ATY%3AV&lti=default-trecs-3288-fix-served-sizes-reporting-on-explore-more-display-items_ctrl → 204 (417ms, ?B)
[2026-06-07T02:42:54.218Z] POST https://ty-trc-events.taboola.com/espnnetwork-espn/log/3/perf?tvi48=28907&tvi50=30819&route=TY%3ATY%3AV&lti=default-trecs-3288-fix-served-sizes-reporting-on-explore-more-display-items_ctrl → 204 (74ms, ?B)
[2026-06-07T02:43:04.218Z] POST https://ty-trc-events.taboola.com/espnnetwork-espn/log/3/perf?tvi48=28907&tvi50=30819&route=TY%3ATY%3AV&lti=default-trecs-3288-fix-served-sizes-reporting-on-explore-more-display-items_ctrl → 204 (74ms, ?B)
[2026-06-07T02:43:14.219Z] POST https://ty-trc-events.taboola.com/espnnetwork-espn/log/3/perf?tvi48=28907&tvi50=30819&route=TY%3ATY%3AV&lti=default-trecs-3288-fix-served-sizes-reporting-on-explore-more-display-items_ctrl → 204 (74ms, ?B)
[2026-06-07T02:43:16.497Z] GET https://vision.fn-pz.com/v3/config/espn-web → pending (?ms, ?B)
[2026-06-07T02:43:16.850Z] GET https://secure-sdk.imrworldwide.com/cgi-bin/gn?prd=dcr&ci=us-600140&ch=us-600140_b01_nba_S&asn=nba&fp_id=bvjx3iby8ivz36wlzzvtmisuy8rbt1780798683&fp_cr_tm=1780798683802&fp_acc_tm=1780798899298&fp_emm_tm=1780798899304&ve_id=&sessionId=s1mojtfjvabz0tw75bp8nzwovcnba1780798995&prv=1&c6=vc,b01&ca=NA&c13=asid,P07264C85-15CD-4A80-8E56-B5BFA6D93296&c32=segA,stats&c33=segB,NA&c34=segC,stats&c15=apn,&sup=1&segment2=&segment1=&forward=0&plugv=&playerv=&ad=0&cr=D&c9=devid,&enc=true&c1=nuid,1t7q7zn6sluerrezaryzzdwff9qa01780798683&at=timer&rt=text&c16=sdkv,bj.6.0.0&c27=cln,300&crs=&lat=&lon=&c29=plid,17807989952571143&c30=bldv,6.0.0.748&st=dcr&c7=osgrp,&c8=devgrp,&c10=plt,&c40=adbid,&c14=osver,NA&c26=dmap,1&dd=&hrd=&wkd=&c35=adrsid,&c36=cref1,&c37=cref2,&c11=agg,1&c12=apv,&c51=adl,0&c52=noad,0&pc=NA&c53=fef,n&c54=oad,&c55=cref3,&c57=adldf,2&ai=espn_nba_stats&c3=st,c&c64=starttm,1780798996&adid=espn_nba_stats&c58=isLive,false&c59=sesid,&c61=createtm,1780800196&c63=pipMode,&uoo=&c68=bndlid,&nodeTM=&logTM=&c73=phtype,&c74=dvcnm,&c76=adbsnid,&c44=progen,&davty=1&si=https%3A%2F%2Fwww.espn.com%2Fnba%2Fteam%2Fstats%2F_%2Fname%2Fny%2Fseason%2F2026%2Fseasontype%2F2&c66=mediaurl,&sdd=&c62=sendTime,1780800196&rnd=354143 → 200 (263ms, 44B)
[2026-06-07T02:43:24.218Z] POST https://ty-trc-events.taboola.com/espnnetwork-espn/log/3/perf?tvi48=28907&tvi50=30819&route=TY%3ATY%3AV&lti=default-trecs-3288-fix-served-sizes-reporting-on-explore-more-display-items_ctrl → 204 (699ms, ?B)
[2026-06-07T02:43:34.218Z] POST https://ty-trc-events.taboola.com/espnnetwork-espn/log/3/perf?tvi48=28907&tvi50=30819&route=TY%3ATY%3AV&lti=default-trecs-3288-fix-served-sizes-reporting-on-explore-more-display-items_ctrl → 204 (78ms, ?B)
[2026-06-07T02:43:44.219Z] POST https://ty-trc-events.taboola.com/espnnetwork-espn/log/3/perf?tvi48=28907&tvi50=30819&route=TY%3ATY%3AV&lti=default-trecs-3288-fix-served-sizes-reporting-on-explore-more-display-items_ctrl → 204 (166ms, ?B)
[2026-06-07T02:43:54.219Z] POST https://ty-trc-events.taboola.com/espnnetwork-espn/log/3/perf?tvi48=28907&tvi50=30819&route=TY%3ATY%3AV&lti=default-trecs-3288-fix-served-sizes-reporting-on-explore-more-display-items_ctrl → 204 (75ms, ?B)
[2026-06-07T02:44:04.218Z] POST https://ty-trc-events.taboola.com/espnnetwork-espn/log/3/perf?tvi48=28907&tvi50=30819&route=TY%3ATY%3AV&lti=default-trecs-3288-fix-served-sizes-reporting-on-explore-more-display-items_ctrl → 204 (420ms, ?B)
[2026-06-07T02:44:14.218Z] POST https://ty-trc-events.taboola.com/espnnetwork-espn/log/3/perf?tvi48=28907&tvi50=30819&route=TY%3ATY%3AV&lti=default-trecs-3288-fix-served-sizes-reporting-on-explore-more-display-items_ctrl → 204 (73ms, ?B)
[2026-06-07T02:44:24.218Z] POST https://ty-trc-events.taboola.com/espnnetwork-espn/log/3/perf?tvi48=28907&tvi50=30819&route=TY%3ATY%3AV&lti=default-trecs-3288-fix-served-sizes-reporting-on-explore-more-display-items_ctrl → pending (?ms, ?B)
[2026-06-07T02:44:34.219Z] POST https://ty-trc-events.taboola.com/espnnetwork-espn/log/3/perf?tvi48=28907&tvi50=30819&route=TY%3ATY%3AV&lti=default-trecs-3288-fix-served-sizes-reporting-on-explore-more-display-items_ctrl → pending (?ms, ?B)
[2026-06-07T02:44:44.219Z] POST https://ty-trc-events.taboola.com/espnnetwork-espn/log/3/perf?tvi48=28907&tvi50=30819&route=TY%3ATY%3AV&lti=default-trecs-3288-fix-served-sizes-reporting-on-explore-more-display-items_ctrl → pending (?ms, ?B)
[2026-06-07T02:44:54.219Z] POST https://ty-trc-events.taboola.com/espnnetwork-espn/log/3/perf?tvi48=28907&tvi50=30819&route=TY%3ATY%3AV&lti=default-trecs-3288-fix-served-sizes-reporting-on-explore-more-display-items_ctrl → pending (?ms, ?B)
[2026-06-07T02:45:04.220Z] POST https://ty-trc-events.taboola.com/espnnetwork-espn/log/3/perf?tvi48=28907&tvi50=30819&route=TY%3ATY%3AV&lti=default-trecs-3288-fix-served-sizes-reporting-on-explore-more-display-items_ctrl → pending (?ms, ?B)
[2026-06-07T02:45:14.219Z] POST https://ty-trc-events.taboola.com/espnnetwork-espn/log/3/perf?tvi48=28907&tvi50=30819&route=TY%3ATY%3AV&lti=default-trecs-3288-fix-served-sizes-reporting-on-explore-more-display-items_ctrl → pending (?ms, ?B)
[2026-06-07T02:45:24.220Z] POST https://ty-trc-events.taboola.com/espnnetwork-espn/log/3/perf?tvi48=28907&tvi50=30819&route=TY%3ATY%3AV&lti=default-trecs-3288-fix-served-sizes-reporting-on-explore-more-display-items_ctrl → pending (?ms, ?B)
[2026-06-07T02:45:30.306Z] GET https://pespn.chartbeat.net/ping?h=espn.com&p=%2Fnba%2Fteam%2Fstats%2F_%2Fname%2Fny%2Fseason%2F2026%2Fseasontype%2F2&u=BgdCSLBFrErGCzLBHt&d=espn.com&g=22222&g0=nba&g1=stats&g6=5075907490%7C%7C1&n=1&f=00001&c=22.25&x=0&m=0&y=2971&o=1280&w=720&j=270&R=0&W=0&I=1&E=5&e=0&r=&PA=https%3A%2F%2Fwww.espn.com%2Fnba%2Fteam%2Fstats%2F_%2Fname%2Fny%2Fseason%2F2026%2Fseasontype%2F2&b=1107&t=VIrus4HsTKCs9qkkBqKt51CLCMp9&V=151&tz=-480&sn=11&sv=BAMGLKC0OaBzCWPo3eBYp8HzCAmVjn&sr=external&sd=1&im=067b2ff3&_ → 200 (360ms, 43B)
[2026-06-07T02:45:34.220Z] POST https://ty-trc-events.taboola.com/espnnetwork-espn/log/3/perf?tvi48=28907&tvi50=30819&route=TY%3ATY%3AV&lti=default-trecs-3288-fix-served-sizes-reporting-on-explore-more-display-items_ctrl → pending (?ms, ?B)
[2026-06-07T02:45:44.220Z] POST https://ty-trc-events.taboola.com/espnnetwork-espn/log/3/perf?tvi48=28907&tvi50=30819&route=TY%3ATY%3AV&lti=default-trecs-3288-fix-served-sizes-reporting-on-explore-more-display-items_ctrl → pending (?ms, ?B)
[2026-06-07T02:45:54.221Z] POST https://ty-trc-events.taboola.com/espnnetwork-espn/log/3/perf?tvi48=28907&tvi50=30819&route=TY%3ATY%3AV&lti=default-trecs-3288-fix-served-sizes-reporting-on-explore-more-display-items_ctrl → 204 (73ms, ?B)
[2026-06-07T02:46:04.220Z] POST https://ty-trc-events.taboola.com/espnnetwork-espn/log/3/perf?tvi48=28907&tvi50=30819&route=TY%3ATY%3AV&lti=default-trecs-3288-fix-served-sizes-reporting-on-explore-more-display-items_ctrl → 204 (73ms, ?B)
[2026-06-07T02:46:14.219Z] POST https://ty-trc-events.taboola.com/espnnetwork-espn/log/3/perf?tvi48=28907&tvi50=30819&route=TY%3ATY%3AV&lti=default-trecs-3288-fix-served-sizes-reporting-on-explore-more-display-items_ctrl → 204 (74ms, ?B)
[2026-06-07T02:46:24.220Z] POST https://ty-trc-events.taboola.com/espnnetwork-espn/log/3/perf?tvi48=28907&tvi50=30819&route=TY%3ATY%3AV&lti=default-trecs-3288-fix-served-sizes-reporting-on-explore-more-display-items_ctrl → 204 (75ms, ?B)
[2026-06-07T02:46:34.221Z] POST https://ty-trc-events.taboola.com/espnnetwork-espn/log/3/perf?tvi48=28907&tvi50=30819&route=TY%3ATY%3AV&lti=default-trecs-3288-fix-served-sizes-reporting-on-explore-more-display-items_ctrl → 204 (77ms, ?B)
[2026-06-07T02:46:44.219Z] POST https://ty-trc-events.taboola.com/espnnetwork-espn/log/3/perf?tvi48=28907&tvi50=30819&route=TY%3ATY%3AV&lti=default-trecs-3288-fix-served-sizes-reporting-on-explore-more-display-items_ctrl → pending (?ms, ?B)
[2026-06-07T02:46:54.220Z] POST https://ty-trc-events.taboola.com/espnnetwork-espn/log/3/perf?tvi48=28907&tvi50=30819&route=TY%3ATY%3AV&lti=default-trecs-3288-fix-served-sizes-reporting-on-explore-more-display-items_ctrl → 204 (76ms, ?B)
[2026-06-07T02:47:04.220Z] POST https://ty-trc-events.taboola.com/espnnetwork-espn/log/3/perf?tvi48=28907&tvi50=30819&route=TY%3ATY%3AV&lti=default-trecs-3288-fix-served-sizes-reporting-on-explore-more-display-items_ctrl → 204 (75ms, ?B)
[2026-06-07T02:47:14.220Z] POST https://ty-trc-events.taboola.com/espnnetwork-espn/log/3/perf?tvi48=28907&tvi50=30819&route=TY%3ATY%3AV&lti=default-trecs-3288-fix-served-sizes-reporting-on-explore-more-display-items_ctrl → 204 (76ms, ?B)
[2026-06-07T02:47:24.221Z] POST https://ty-trc-events.taboola.com/espnnetwork-espn/log/3/perf?tvi48=28907&tvi50=30819&route=TY%3ATY%3AV&lti=default-trecs-3288-fix-served-sizes-reporting-on-explore-more-display-items_ctrl → pending (?ms, ?B)
[2026-06-07T02:47:34.220Z] POST https://ty-trc-events.taboola.com/espnnetwork-espn/log/3/perf?tvi48=28907&tvi50=30819&route=TY%3ATY%3AV&lti=default-trecs-3288-fix-served-sizes-reporting-on-explore-more-display-items_ctrl → 204 (76ms, ?B)
[2026-06-07T02:47:44.222Z] POST https://ty-trc-events.taboola.com/espnnetwork-espn/log/3/perf?tvi48=28907&tvi50=30819&route=TY%3ATY%3AV&lti=default-trecs-3288-fix-served-sizes-reporting-on-explore-more-display-items_ctrl → 204 (73ms, ?B)
[2026-06-07T02:47:54.220Z] POST https://ty-trc-events.taboola.com/espnnetwork-espn/log/3/perf?tvi48=28907&tvi50=30819&route=TY%3ATY%3AV&lti=default-trecs-3288-fix-served-sizes-reporting-on-explore-more-display-items_ctrl → 204 (73ms, ?B)
[2026-06-07T02:48:04.222Z] POST https://ty-trc-events.taboola.com/espnnetwork-espn/log/3/perf?tvi48=28907&tvi50=30819&route=TY%3ATY%3AV&lti=default-trecs-3288-fix-served-sizes-reporting-on-explore-more-display-items_ctrl → 204 (75ms, ?B)
[2026-06-07T02:48:14.222Z] POST https://ty-trc-events.taboola.com/espnnetwork-espn/log/3/perf?tvi48=28907&tvi50=30819&route=TY%3ATY%3AV&lti=default-trecs-3288-fix-served-sizes-reporting-on-explore-more-display-items_ctrl → 204 (75ms, ?B)
[2026-06-07T02:48:17.229Z] GET https://secure-sdk.imrworldwide.com/cgi-bin/gn?prd=dcr&ci=us-600140&ch=us-600140_b01_nba_S&asn=nba&fp_id=bvjx3iby8ivz36wlzzvtmisuy8rbt1780798683&fp_cr_tm=1780798683802&fp_acc_tm=1780798899298&fp_emm_tm=1780798899304&ve_id=&sessionId=s1mojtfjvabz0tw75bp8nzwovcnba1780798995&prv=1&c6=vc,b01&ca=NA&c13=asid,P07264C85-15CD-4A80-8E56-B5BFA6D93296&c32=segA,stats&c33=segB,NA&c34=segC,stats&c15=apn,&sup=1&segment2=&segment1=&forward=0&plugv=&playerv=&ad=0&cr=D&c9=devid,&enc=true&c1=nuid,1t7q7zn6sluerrezaryzzdwff9qa01780798683&at=timer&rt=text&c16=sdkv,bj.6.0.0&c27=cln,300&crs=&lat=&lon=&c29=plid,17807989952571143&c30=bldv,6.0.0.748&st=dcr&c7=osgrp,&c8=devgrp,&c10=plt,&c40=adbid,&c14=osver,NA&c26=dmap,1&dd=&hrd=&wkd=&c35=adrsid,&c36=cref1,&c37=cref2,&c11=agg,1&c12=apv,&c51=adl,0&c52=noad,0&pc=NA&c53=fef,n&c54=oad,&c55=cref3,&c57=adldf,2&ai=espn_nba_stats&c3=st,c&c64=starttm,1780798996&adid=espn_nba_stats&c58=isLive,false&c59=sesid,&c61=createtm,1780800497&c63=pipMode,&uoo=&c68=bndlid,&nodeTM=&logTM=&c73=phtype,&c74=dvcnm,&c76=adbsnid,&c44=progen,&davty=1&si=https%3A%2F%2Fwww.espn.com%2Fnba%2Fteam%2Fstats%2F_%2Fname%2Fny%2Fseason%2F2026%2Fseasontype%2F2&c66=mediaurl,&sdd=&c62=sendTime,1780800497&rnd=526029 → pending (?ms, ?B)
[2026-06-07T02:48:24.221Z] POST https://ty-trc-events.taboola.com/espnnetwork-espn/log/3/perf?tvi48=28907&tvi50=30819&route=TY%3ATY%3AV&lti=default-trecs-3288-fix-served-sizes-reporting-on-explore-more-display-items_ctrl → 204 (73ms, ?B)
[2026-06-07T02:48:34.221Z] POST https://ty-trc-events.taboola.com/espnnetwork-espn/log/3/perf?tvi48=28907&tvi50=30819&route=TY%3ATY%3AV&lti=default-trecs-3288-fix-served-sizes-reporting-on-explore-more-display-items_ctrl → 204 (74ms, ?B)
[2026-06-07T02:48:44.223Z] POST https://ty-trc-events.taboola.com/espnnetwork-espn/log/3/perf?tvi48=28907&tvi50=30819&route=TY%3ATY%3AV&lti=default-trecs-3288-fix-served-sizes-reporting-on-explore-more-display-items_ctrl → 204 (74ms, ?B)
[2026-06-07T02:48:54.222Z] POST https://ty-trc-events.taboola.com/espnnetwork-espn/log/3/perf?tvi48=28907&tvi50=30819&route=TY%3ATY%3AV&lti=default-trecs-3288-fix-served-sizes-reporting-on-explore-more-display-items_ctrl → 204 (74ms, ?B)
[2026-06-07T02:49:04.221Z] POST https://ty-trc-events.taboola.com/espnnetwork-espn/log/3/perf?tvi48=28907&tvi50=30819&route=TY%3ATY%3AV&lti=default-trecs-3288-fix-served-sizes-reporting-on-explore-more-display-items_ctrl → 204 (73ms, ?B)
[2026-06-07T02:49:14.222Z] POST https://ty-trc-events.taboola.com/espnnetwork-espn/log/3/perf?tvi48=28907&tvi50=30819&route=TY%3ATY%3AV&lti=default-trecs-3288-fix-served-sizes-reporting-on-explore-more-display-items_ctrl → 204 (167ms, ?B)
