[2026-06-07T02:17:50.948Z] [error] Failed to load resource: the server responded with a status of 403 ()
[2026-06-07T02:17:52.062Z] [error] Failed to load resource: the server responded with a status of 403 ()
[2026-06-07T02:17:56.191Z] [warning] Failed to execute 'postMessage' on 'DOMWindow': The target origin provided ('https://challenges.cloudflare.com') does not match the recipient window's origin ('https://www.basketball-reference.com').
[2026-06-07T02:17:56.929Z] [error] Failed to load resource: net::ERR_CONNECTION_REFUSED
[2026-06-07T02:17:57.405Z] [warning] The provided component class (t)
                has already been declared as an observer component.
[2026-06-07T02:17:58.031Z] [log] 02:17:58.029 [Playback Service: Device Detection:] Library Detection and User Agent Detection Do Not Match
[2026-06-07T02:17:58.031Z] [log] 02:17:58.030 [Playback Service: Device Detection:] Library Detected: undefined, UA Detected: chrome
[2026-06-07T02:17:58.032Z] [debug] Device platform found: chrome
[2026-06-07T02:17:58.644Z] [warning] Datadog Browser SDK: No storage available for session. We will not send any data.
[2026-06-07T02:17:58.663Z] [log] DOM isReady:  2744
[2026-06-07T02:17:59.936Z] [warning] adgb - not initialized.
[2026-06-07T02:17:59.966Z] [info] [AccessEnabler.js][info] Version: 4.7.1-5a99613 RELEASE
[2026-06-07T02:18:00.846Z] [info] [AccessEnablerProxy.js][info] Version: 4.7.1-5a99613 RELEASE
[2026-06-07T02:18:01.665Z] [warning] The resource https://a.espncdn.com/fonts/_BentonSans/BentonSansBlack.woff2 was preloaded using link preload but not used within a few seconds from the window's load event. Please make sure it has an appropriate `as` value and it is preloaded intentionally.
[2026-06-07T02:18:01.665Z] [warning] The resource https://a.espncdn.com/fonts/_BentonSansCond/BentonSansCondBold.woff2 was preloaded using link preload but not used within a few seconds from the window's load event. Please make sure it has an appropriate `as` value and it is preloaded intentionally.
[2026-06-07T02:18:01.665Z] [warning] The resource https://a.espncdn.com/fonts/_BentonSans/BentonSansRegular.woff2 was preloaded using link preload but not used within a few seconds from the window's load event. Please make sure it has an appropriate `as` value and it is preloaded intentionally.
[2026-06-07T02:18:03.450Z] [warning] [GPT] Slot.setCollapseEmptyDiv is deprecated, use Slot.setConfig({collapseDiv: ...}) instead.
https://goo.gle/gpt-message#171
[2026-06-07T02:18:03.451Z] [warning] [GPT] Invalid arguments: SizeMappingBuilder.addSize([0, 0], [[0, 0]]). All zero-area slot sizes were removed.
https://goo.gle/gpt-message#151
[2026-06-07T02:18:03.451Z] [warning] [GPT] PubAdsService.setTargeting is deprecated, use googletag.setConfig({targeting: ...}) instead.
https://goo.gle/gpt-message#170
[2026-06-07T02:18:03.772Z] [warning] [OneID] [%s]:  WARN `DisneyID` global object is soon to be deprecated. Use `OneID` instead.
[2026-06-07T02:18:03.805Z] [log] PLSUB init called 17807986838005373
[2026-06-07T02:18:05.450Z] [warning] The resource https://cdn.registerdisney.go.com/v4/asset/bundler/ESPN/v4/images/v2/espn-red-logo.svg was preloaded using link preload but not used within a few seconds from the window's load event. Please make sure it has an appropriate `as` value and it is preloaded intentionally.
[2026-06-07T02:18:05.766Z] [warning] The resource https://a.espncdn.com/fonts/_BentonSans/BentonSansBlack.woff2 was preloaded using link preload but not used within a few seconds from the window's load event. Please make sure it has an appropriate `as` value and it is preloaded intentionally.
[2026-06-07T02:18:05.766Z] [warning] The resource https://a.espncdn.com/fonts/_BentonSansCond/BentonSansCondBold.woff2 was preloaded using link preload but not used within a few seconds from the window's load event. Please make sure it has an appropriate `as` value and it is preloaded intentionally.
[2026-06-07T02:18:05.766Z] [warning] The resource https://a.espncdn.com/fonts/_BentonSans/BentonSansRegular.woff2 was preloaded using link preload but not used within a few seconds from the window's load event. Please make sure it has an appropriate `as` value and it is preloaded intentionally.
[2026-06-07T02:18:09.445Z] [warning] The resource https://a.espncdn.com/fonts/_BentonSans/BentonSansBlack.woff2 was preloaded using link preload but not used within a few seconds from the window's load event. Please make sure it has an appropriate `as` value and it is preloaded intentionally.
[2026-06-07T02:18:09.445Z] [warning] The resource https://a.espncdn.com/fonts/_BentonSansCond/BentonSansCondBold.woff2 was preloaded using link preload but not used within a few seconds from the window's load event. Please make sure it has an appropriate `as` value and it is preloaded intentionally.
[2026-06-07T02:18:09.445Z] [warning] The resource https://a.espncdn.com/fonts/_BentonSans/BentonSansRegular.woff2 was preloaded using link preload but not used within a few seconds from the window's load event. Please make sure it has an appropriate `as` value and it is preloaded intentionally.
[2026-06-07T02:18:13.856Z] [warning] The resource https://a.espncdn.com/fonts/_BentonSans/BentonSansBlack.woff2 was preloaded using link preload but not used within a few seconds from the window's load event. Please make sure it has an appropriate `as` value and it is preloaded intentionally.
[2026-06-07T02:18:13.856Z] [warning] The resource https://a.espncdn.com/fonts/_BentonSansCond/BentonSansCondBold.woff2 was preloaded using link preload but not used within a few seconds from the window's load event. Please make sure it has an appropriate `as` value and it is preloaded intentionally.
[2026-06-07T02:18:13.856Z] [warning] The resource https://a.espncdn.com/fonts/_BentonSans/BentonSansRegular.woff2 was preloaded using link preload but not used within a few seconds from the window's load event. Please make sure it has an appropriate `as` value and it is preloaded intentionally.
[2026-06-07T02:18:18.511Z] [warning] The resource https://a.espncdn.com/fonts/_BentonSans/BentonSansBlack.woff2 was preloaded using link preload but not used within a few seconds from the window's load event. Please make sure it has an appropriate `as` value and it is preloaded intentionally.
[2026-06-07T02:18:18.511Z] [warning] The resource https://a.espncdn.com/fonts/_BentonSansCond/BentonSansCondBold.woff2 was preloaded using link preload but not used within a few seconds from the window's load event. Please make sure it has an appropriate `as` value and it is preloaded intentionally.
[2026-06-07T02:18:18.511Z] [warning] The resource https://a.espncdn.com/fonts/_BentonSans/BentonSansRegular.woff2 was preloaded using link preload but not used within a few seconds from the window's load event. Please make sure it has an appropriate `as` value and it is preloaded intentionally.
[2026-06-07T02:18:19.144Z] [error] Failed to load resource: net::ERR_CONNECTION_REFUSED
[2026-06-07T02:18:19.194Z] [warning] The provided component class (t)
                has already been declared as an observer component.
[2026-06-07T02:18:19.278Z] [log] DOM isReady:  580
[2026-06-07T02:18:19.306Z] [warning] adgb - not initialized.
[2026-06-07T02:18:19.406Z] [log] 02:18:19.402 [Playback Service: Device Detection:] Library Detection and User Agent Detection Do Not Match
[2026-06-07T02:18:19.406Z] [log] 02:18:19.402 [Playback Service: Device Detection:] Library Detected: undefined, UA Detected: chrome
[2026-06-07T02:18:19.406Z] [debug] Device platform found: chrome
[2026-06-07T02:18:19.550Z] [info] [AccessEnabler.js][info] Version: 4.7.1-5a99613 RELEASE
[2026-06-07T02:18:19.553Z] [info] [AccessEnablerProxy.js][info] Version: 4.7.1-5a99613 RELEASE
[2026-06-07T02:18:19.975Z] [log] PLSUB init called 17807986999723914
[2026-06-07T02:18:20.056Z] [warning] [OneID] [%s]:  WARN `DisneyID` global object is soon to be deprecated. Use `OneID` instead.
[2026-06-07T02:18:20.146Z] [warning] [GPT] Slot.setCollapseEmptyDiv is deprecated, use Slot.setConfig({collapseDiv: ...}) instead.
https://goo.gle/gpt-message#171
[2026-06-07T02:18:20.146Z] [warning] [GPT] Invalid arguments: SizeMappingBuilder.addSize([0, 0], [[0, 0]]). All zero-area slot sizes were removed.
https://goo.gle/gpt-message#151
[2026-06-07T02:18:20.147Z] [warning] [GPT] PubAdsService.setTargeting is deprecated, use googletag.setConfig({targeting: ...}) instead.
https://goo.gle/gpt-message#170
[2026-06-07T02:18:22.946Z] [warning] The resource https://cdn.registerdisney.go.com/v4/asset/bundler/ESPN/v4/images/v2/espn-red-logo.svg was preloaded using link preload but not used within a few seconds from the window's load event. Please make sure it has an appropriate `as` value and it is preloaded intentionally.
[2026-06-07T02:18:25.188Z] [warning] The resource https://a.espncdn.com/fonts/_BentonSans/BentonSansBlack.woff2 was preloaded using link preload but not used within a few seconds from the window's load event. Please make sure it has an appropriate `as` value and it is preloaded intentionally.
[2026-06-07T02:18:25.188Z] [warning] The resource https://a.espncdn.com/fonts/_BentonSansCond/BentonSansCondBold.woff2 was preloaded using link preload but not used within a few seconds from the window's load event. Please make sure it has an appropriate `as` value and it is preloaded intentionally.
[2026-06-07T02:18:25.188Z] [warning] The resource https://a.espncdn.com/fonts/_BentonSans/BentonSansRegular.woff2 was preloaded using link preload but not used within a few seconds from the window's load event. Please make sure it has an appropriate `as` value and it is preloaded intentionally.
[2026-06-07T02:18:34.592Z] [warning] The resource https://a.espncdn.com/fonts/_BentonSans/BentonSansBlack.woff2 was preloaded using link preload but not used within a few seconds from the window's load event. Please make sure it has an appropriate `as` value and it is preloaded intentionally.
[2026-06-07T02:18:34.592Z] [warning] The resource https://a.espncdn.com/fonts/_BentonSansCond/BentonSansCondBold.woff2 was preloaded using link preload but not used within a few seconds from the window's load event. Please make sure it has an appropriate `as` value and it is preloaded intentionally.
[2026-06-07T02:18:34.592Z] [warning] The resource https://a.espncdn.com/fonts/_BentonSans/BentonSansRegular.woff2 was preloaded using link preload but not used within a few seconds from the window's load event. Please make sure it has an appropriate `as` value and it is preloaded intentionally.
[2026-06-07T02:18:42.547Z] [warning] The resource https://a.espncdn.com/fonts/_BentonSans/BentonSansBlack.woff2 was preloaded using link preload but not used within a few seconds from the window's load event. Please make sure it has an appropriate `as` value and it is preloaded intentionally.
[2026-06-07T02:18:42.547Z] [warning] The resource https://a.espncdn.com/fonts/_BentonSansCond/BentonSansCondBold.woff2 was preloaded using link preload but not used within a few seconds from the window's load event. Please make sure it has an appropriate `as` value and it is preloaded intentionally.
[2026-06-07T02:18:42.547Z] [warning] The resource https://a.espncdn.com/fonts/_BentonSans/BentonSansRegular.woff2 was preloaded using link preload but not used within a few seconds from the window's load event. Please make sure it has an appropriate `as` value and it is preloaded intentionally.
[2026-06-07T02:18:45.741Z] [warning] The resource https://a.espncdn.com/fonts/_BentonSans/BentonSansBlack.woff2 was preloaded using link preload but not used within a few seconds from the window's load event. Please make sure it has an appropriate `as` value and it is preloaded intentionally.
[2026-06-07T02:18:45.741Z] [warning] The resource https://a.espncdn.com/fonts/_BentonSansCond/BentonSansCondBold.woff2 was preloaded using link preload but not used within a few seconds from the window's load event. Please make sure it has an appropriate `as` value and it is preloaded intentionally.
[2026-06-07T02:18:45.741Z] [warning] The resource https://a.espncdn.com/fonts/_BentonSans/BentonSansRegular.woff2 was preloaded using link preload but not used within a few seconds from the window's load event. Please make sure it has an appropriate `as` value and it is preloaded intentionally.
[2026-06-07T02:18:47.741Z] [log] Nielsen Log: Info - Max retry reached for sending sync ping: https://loadus.exelator.com/getid?p=1480&g=1&j=0&asid=P07264C85-15CD-4A80-8E56-B5BFA6D93296
[2026-06-07T02:18:53.234Z] [warning] The resource https://a.espncdn.com/fonts/_BentonSans/BentonSansBlack.woff2 was preloaded using link preload but not used within a few seconds from the window's load event. Please make sure it has an appropriate `as` value and it is preloaded intentionally.
[2026-06-07T02:18:53.234Z] [warning] The resource https://a.espncdn.com/fonts/_BentonSansCond/BentonSansCondBold.woff2 was preloaded using link preload but not used within a few seconds from the window's load event. Please make sure it has an appropriate `as` value and it is preloaded intentionally.
[2026-06-07T02:18:53.234Z] [warning] The resource https://a.espncdn.com/fonts/_BentonSans/BentonSansRegular.woff2 was preloaded using link preload but not used within a few seconds from the window's load event. Please make sure it has an appropriate `as` value and it is preloaded intentionally.
[2026-06-07T02:19:02.500Z] [warning] The resource https://a.espncdn.com/fonts/_BentonSans/BentonSansBlack.woff2 was preloaded using link preload but not used within a few seconds from the window's load event. Please make sure it has an appropriate `as` value and it is preloaded intentionally.
[2026-06-07T02:19:02.500Z] [warning] The resource https://a.espncdn.com/fonts/_BentonSansCond/BentonSansCondBold.woff2 was preloaded using link preload but not used within a few seconds from the window's load event. Please make sure it has an appropriate `as` value and it is preloaded intentionally.
[2026-06-07T02:19:02.500Z] [warning] The resource https://a.espncdn.com/fonts/_BentonSans/BentonSansRegular.woff2 was preloaded using link preload but not used within a few seconds from the window's load event. Please make sure it has an appropriate `as` value and it is preloaded intentionally.
[2026-06-07T02:19:06.872Z] [error] Failed to load resource: net::ERR_CONNECTION_REFUSED
[2026-06-07T02:19:06.963Z] [warning] The provided component class (t)
                has already been declared as an observer component.
[2026-06-07T02:19:07.171Z] [log] 02:19:07.170 [Playback Service: Device Detection:] Library Detection and User Agent Detection Do Not Match
[2026-06-07T02:19:07.171Z] [log] 02:19:07.171 [Playback Service: Device Detection:] Library Detected: undefined, UA Detected: chrome
[2026-06-07T02:19:07.171Z] [debug] Device platform found: chrome
[2026-06-07T02:19:07.755Z] [log] DOM isReady:  1303
[2026-06-07T02:19:07.781Z] [info] [AccessEnabler.js][info] Version: 4.7.1-5a99613 RELEASE
[2026-06-07T02:19:07.800Z] [info] [AccessEnablerProxy.js][info] Version: 4.7.1-5a99613 RELEASE
[2026-06-07T02:19:07.805Z] [warning] adgb - not initialized.
[2026-06-07T02:19:08.761Z] [log] PLSUB init called 1780798748758816
[2026-06-07T02:19:08.838Z] [warning] [OneID] [%s]:  WARN `DisneyID` global object is soon to be deprecated. Use `OneID` instead.
[2026-06-07T02:19:08.959Z] [warning] [GPT] Slot.setCollapseEmptyDiv is deprecated, use Slot.setConfig({collapseDiv: ...}) instead.
https://goo.gle/gpt-message#171
[2026-06-07T02:19:08.959Z] [warning] [GPT] Invalid arguments: SizeMappingBuilder.addSize([0, 0], [[0, 0]]). All zero-area slot sizes were removed.
https://goo.gle/gpt-message#151
[2026-06-07T02:19:08.959Z] [warning] [GPT] PubAdsService.setTargeting is deprecated, use googletag.setConfig({targeting: ...}) instead.
https://goo.gle/gpt-message#170
[2026-06-07T02:19:10.897Z] [warning] The resource https://cdn.registerdisney.go.com/v4/asset/bundler/ESPN/v4/images/v2/espn-red-logo.svg was preloaded using link preload but not used within a few seconds from the window's load event. Please make sure it has an appropriate `as` value and it is preloaded intentionally.
[2026-06-07T02:21:37.326Z] [error] Failed to load resource: net::ERR_CONNECTION_REFUSED
[2026-06-07T02:21:37.547Z] [warning] The provided component class (t)
                has already been declared as an observer component.
[2026-06-07T02:21:37.764Z] [log] 02:21:37.764 [Playback Service: Device Detection:] Library Detection and User Agent Detection Do Not Match
[2026-06-07T02:21:37.764Z] [log] 02:21:37.764 [Playback Service: Device Detection:] Library Detected: undefined, UA Detected: chrome
[2026-06-07T02:21:37.766Z] [debug] Device platform found: chrome
[2026-06-07T02:21:38.350Z] [log] DOM isReady:  1569
[2026-06-07T02:21:38.375Z] [info] [AccessEnabler.js][info] Version: 4.7.1-5a99613 RELEASE
[2026-06-07T02:21:38.395Z] [info] [AccessEnablerProxy.js][info] Version: 4.7.1-5a99613 RELEASE
[2026-06-07T02:21:38.405Z] [warning] adgb - not initialized.
[2026-06-07T02:21:39.300Z] [log] PLSUB init called 17807988992969148
[2026-06-07T02:21:39.348Z] [warning] [GPT] Slot.setCollapseEmptyDiv is deprecated, use Slot.setConfig({collapseDiv: ...}) instead.
https://goo.gle/gpt-message#171
[2026-06-07T02:21:39.349Z] [warning] [GPT] Invalid arguments: SizeMappingBuilder.addSize([0, 0], [[0, 0]]). All zero-area slot sizes were removed.
https://goo.gle/gpt-message#151
[2026-06-07T02:21:39.349Z] [warning] [GPT] PubAdsService.setTargeting is deprecated, use googletag.setConfig({targeting: ...}) instead.
https://goo.gle/gpt-message#170
[2026-06-07T02:21:39.372Z] [warning] [OneID] [%s]:  WARN `DisneyID` global object is soon to be deprecated. Use `OneID` instead.
[2026-06-07T02:21:41.313Z] [warning] The resource https://cdn.registerdisney.go.com/v4/asset/bundler/ESPN/v4/images/v2/espn-red-logo.svg was preloaded using link preload but not used within a few seconds from the window's load event. Please make sure it has an appropriate `as` value and it is preloaded intentionally.
[2026-06-07T02:21:54.438Z] [warning] The resource https://a.espncdn.com/fonts/_BentonSans/BentonSansBlack.woff2 was preloaded using link preload but not used within a few seconds from the window's load event. Please make sure it has an appropriate `as` value and it is preloaded intentionally.
[2026-06-07T02:21:54.438Z] [warning] The resource https://a.espncdn.com/fonts/_BentonSansCond/BentonSansCondBold.woff2 was preloaded using link preload but not used within a few seconds from the window's load event. Please make sure it has an appropriate `as` value and it is preloaded intentionally.
[2026-06-07T02:21:54.438Z] [warning] The resource https://a.espncdn.com/fonts/_BentonSans/BentonSansRegular.woff2 was preloaded using link preload but not used within a few seconds from the window's load event. Please make sure it has an appropriate `as` value and it is preloaded intentionally.
[2026-06-07T02:22:02.436Z] [warning] The resource https://a.espncdn.com/fonts/_BentonSans/BentonSansBlack.woff2 was preloaded using link preload but not used within a few seconds from the window's load event. Please make sure it has an appropriate `as` value and it is preloaded intentionally.
[2026-06-07T02:22:02.436Z] [warning] The resource https://a.espncdn.com/fonts/_BentonSansCond/BentonSansCondBold.woff2 was preloaded using link preload but not used within a few seconds from the window's load event. Please make sure it has an appropriate `as` value and it is preloaded intentionally.
[2026-06-07T02:22:02.436Z] [warning] The resource https://a.espncdn.com/fonts/_BentonSans/BentonSansRegular.woff2 was preloaded using link preload but not used within a few seconds from the window's load event. Please make sure it has an appropriate `as` value and it is preloaded intentionally.
[2026-06-07T02:22:05.632Z] [warning] The resource https://a.espncdn.com/fonts/_BentonSans/BentonSansBlack.woff2 was preloaded using link preload but not used within a few seconds from the window's load event. Please make sure it has an appropriate `as` value and it is preloaded intentionally.
[2026-06-07T02:22:05.632Z] [warning] The resource https://a.espncdn.com/fonts/_BentonSansCond/BentonSansCondBold.woff2 was preloaded using link preload but not used within a few seconds from the window's load event. Please make sure it has an appropriate `as` value and it is preloaded intentionally.
[2026-06-07T02:22:05.632Z] [warning] The resource https://a.espncdn.com/fonts/_BentonSans/BentonSansRegular.woff2 was preloaded using link preload but not used within a few seconds from the window's load event. Please make sure it has an appropriate `as` value and it is preloaded intentionally.
[2026-06-07T02:22:07.633Z] [log] Nielsen Log: Info - Max retry reached for sending sync ping: https://loadus.exelator.com/getid?p=1480&g=1&j=0&asid=P07264C85-15CD-4A80-8E56-B5BFA6D93296
[2026-06-07T02:22:11.749Z] [warning] The resource https://cdn.registerdisney.go.com/v4/asset/bundler/ESPN/v4/images/v2/espn-red-logo.svg was preloaded using link preload but not used within a few seconds from the window's load event. Please make sure it has an appropriate `as` value and it is preloaded intentionally.
[2026-06-07T02:22:12.553Z] [warning] The resource https://a.espncdn.com/fonts/_BentonSans/BentonSansBlack.woff2 was preloaded using link preload but not used within a few seconds from the window's load event. Please make sure it has an appropriate `as` value and it is preloaded intentionally.
[2026-06-07T02:22:12.553Z] [warning] The resource https://a.espncdn.com/fonts/_BentonSansCond/BentonSansCondBold.woff2 was preloaded using link preload but not used within a few seconds from the window's load event. Please make sure it has an appropriate `as` value and it is preloaded intentionally.
[2026-06-07T02:22:12.553Z] [warning] The resource https://a.espncdn.com/fonts/_BentonSans/BentonSansRegular.woff2 was preloaded using link preload but not used within a few seconds from the window's load event. Please make sure it has an appropriate `as` value and it is preloaded intentionally.
[2026-06-07T02:22:21.494Z] [warning] The resource https://a.espncdn.com/fonts/_BentonSans/BentonSansBlack.woff2 was preloaded using link preload but not used within a few seconds from the window's load event. Please make sure it has an appropriate `as` value and it is preloaded intentionally.
[2026-06-07T02:22:21.494Z] [warning] The resource https://a.espncdn.com/fonts/_BentonSansCond/BentonSansCondBold.woff2 was preloaded using link preload but not used within a few seconds from the window's load event. Please make sure it has an appropriate `as` value and it is preloaded intentionally.
[2026-06-07T02:22:21.494Z] [warning] The resource https://a.espncdn.com/fonts/_BentonSans/BentonSansRegular.woff2 was preloaded using link preload but not used within a few seconds from the window's load event. Please make sure it has an appropriate `as` value and it is preloaded intentionally.
[2026-06-07T02:22:31.493Z] [warning] The resource https://a.espncdn.com/fonts/_BentonSans/BentonSansBlack.woff2 was preloaded using link preload but not used within a few seconds from the window's load event. Please make sure it has an appropriate `as` value and it is preloaded intentionally.
[2026-06-07T02:22:31.493Z] [warning] The resource https://a.espncdn.com/fonts/_BentonSansCond/BentonSansCondBold.woff2 was preloaded using link preload but not used within a few seconds from the window's load event. Please make sure it has an appropriate `as` value and it is preloaded intentionally.
[2026-06-07T02:22:31.493Z] [warning] The resource https://a.espncdn.com/fonts/_BentonSans/BentonSansRegular.woff2 was preloaded using link preload but not used within a few seconds from the window's load event. Please make sure it has an appropriate `as` value and it is preloaded intentionally.
[2026-06-07T02:22:41.245Z] [warning] The resource https://cdn.registerdisney.go.com/v4/asset/bundler/ESPN/v4/images/v2/espn-red-logo.svg was preloaded using link preload but not used within a few seconds from the window's load event. Please make sure it has an appropriate `as` value and it is preloaded intentionally.
[2026-06-07T02:22:42.621Z] [warning] The resource https://a.espncdn.com/fonts/_BentonSans/BentonSansBlack.woff2 was preloaded using link preload but not used within a few seconds from the window's load event. Please make sure it has an appropriate `as` value and it is preloaded intentionally.
[2026-06-07T02:22:42.621Z] [warning] The resource https://a.espncdn.com/fonts/_BentonSansCond/BentonSansCondBold.woff2 was preloaded using link preload but not used within a few seconds from the window's load event. Please make sure it has an appropriate `as` value and it is preloaded intentionally.
[2026-06-07T02:22:42.621Z] [warning] The resource https://a.espncdn.com/fonts/_BentonSans/BentonSansRegular.woff2 was preloaded using link preload but not used within a few seconds from the window's load event. Please make sure it has an appropriate `as` value and it is preloaded intentionally.
[2026-06-07T02:22:51.491Z] [warning] The resource https://a.espncdn.com/fonts/_BentonSans/BentonSansBlack.woff2 was preloaded using link preload but not used within a few seconds from the window's load event. Please make sure it has an appropriate `as` value and it is preloaded intentionally.
[2026-06-07T02:22:51.491Z] [warning] The resource https://a.espncdn.com/fonts/_BentonSansCond/BentonSansCondBold.woff2 was preloaded using link preload but not used within a few seconds from the window's load event. Please make sure it has an appropriate `as` value and it is preloaded intentionally.
[2026-06-07T02:22:51.491Z] [warning] The resource https://a.espncdn.com/fonts/_BentonSans/BentonSansRegular.woff2 was preloaded using link preload but not used within a few seconds from the window's load event. Please make sure it has an appropriate `as` value and it is preloaded intentionally.
[2026-06-07T02:23:01.496Z] [warning] The resource https://a.espncdn.com/fonts/_BentonSans/BentonSansBlack.woff2 was preloaded using link preload but not used within a few seconds from the window's load event. Please make sure it has an appropriate `as` value and it is preloaded intentionally.
[2026-06-07T02:23:01.496Z] [warning] The resource https://a.espncdn.com/fonts/_BentonSansCond/BentonSansCondBold.woff2 was preloaded using link preload but not used within a few seconds from the window's load event. Please make sure it has an appropriate `as` value and it is preloaded intentionally.
[2026-06-07T02:23:01.496Z] [warning] The resource https://a.espncdn.com/fonts/_BentonSans/BentonSansRegular.woff2 was preloaded using link preload but not used within a few seconds from the window's load event. Please make sure it has an appropriate `as` value and it is preloaded intentionally.
[2026-06-07T02:23:11.493Z] [warning] The resource https://a.espncdn.com/fonts/_BentonSans/BentonSansBlack.woff2 was preloaded using link preload but not used within a few seconds from the window's load event. Please make sure it has an appropriate `as` value and it is preloaded intentionally.
[2026-06-07T02:23:11.493Z] [warning] The resource https://a.espncdn.com/fonts/_BentonSansCond/BentonSansCondBold.woff2 was preloaded using link preload but not used within a few seconds from the window's load event. Please make sure it has an appropriate `as` value and it is preloaded intentionally.
[2026-06-07T02:23:11.493Z] [warning] The resource https://a.espncdn.com/fonts/_BentonSans/BentonSansRegular.woff2 was preloaded using link preload but not used within a few seconds from the window's load event. Please make sure it has an appropriate `as` value and it is preloaded intentionally.
[2026-06-07T02:23:13.548Z] [error] Failed to load resource: net::ERR_CONNECTION_REFUSED
[2026-06-07T02:23:13.642Z] [warning] The provided component class (t)
                has already been declared as an observer component.
[2026-06-07T02:23:13.851Z] [log] 02:23:13.851 [Playback Service: Device Detection:] Library Detection and User Agent Detection Do Not Match
[2026-06-07T02:23:13.851Z] [log] 02:23:13.851 [Playback Service: Device Detection:] Library Detected: undefined, UA Detected: chrome
[2026-06-07T02:23:13.851Z] [debug] Device platform found: chrome
[2026-06-07T02:23:14.144Z] [log] DOM isReady:  1107
[2026-06-07T02:23:14.162Z] [warning] adgb - not initialized.
[2026-06-07T02:23:14.295Z] [info] [AccessEnabler.js][info] Version: 4.7.1-5a99613 RELEASE
[2026-06-07T02:23:14.728Z] [info] [AccessEnablerProxy.js][info] Version: 4.7.1-5a99613 RELEASE
[2026-06-07T02:23:15.260Z] [log] PLSUB init called 17807989952571143
[2026-06-07T02:23:15.307Z] [warning] [GPT] Slot.setCollapseEmptyDiv is deprecated, use Slot.setConfig({collapseDiv: ...}) instead.
https://goo.gle/gpt-message#171
[2026-06-07T02:23:15.307Z] [warning] [GPT] Invalid arguments: SizeMappingBuilder.addSize([0, 0], [[0, 0]]). All zero-area slot sizes were removed.
https://goo.gle/gpt-message#151
[2026-06-07T02:23:15.308Z] [warning] [GPT] PubAdsService.setTargeting is deprecated, use googletag.setConfig({targeting: ...}) instead.
https://goo.gle/gpt-message#170
[2026-06-07T02:23:16.448Z] [warning] [OneID] [%s]:  WARN `DisneyID` global object is soon to be deprecated. Use `OneID` instead.
[2026-06-07T02:23:17.347Z] [warning] The resource https://cdn.registerdisney.go.com/v4/asset/bundler/ESPN/v4/images/v2/espn-red-logo.svg was preloaded using link preload but not used within a few seconds from the window's load event. Please make sure it has an appropriate `as` value and it is preloaded intentionally.
[2026-06-07T02:23:24.762Z] [warning] The resource https://a.espncdn.com/fonts/_BentonSans/BentonSansBlack.woff2 was preloaded using link preload but not used within a few seconds from the window's load event. Please make sure it has an appropriate `as` value and it is preloaded intentionally.
[2026-06-07T02:23:24.762Z] [warning] The resource https://a.espncdn.com/fonts/_BentonSansCond/BentonSansCondBold.woff2 was preloaded using link preload but not used within a few seconds from the window's load event. Please make sure it has an appropriate `as` value and it is preloaded intentionally.
[2026-06-07T02:23:24.762Z] [warning] The resource https://a.espncdn.com/fonts/_BentonSans/BentonSansRegular.woff2 was preloaded using link preload but not used within a few seconds from the window's load event. Please make sure it has an appropriate `as` value and it is preloaded intentionally.
[2026-06-07T02:23:37.246Z] [warning] The resource https://a.espncdn.com/fonts/_BentonSans/BentonSansBlack.woff2 was preloaded using link preload but not used within a few seconds from the window's load event. Please make sure it has an appropriate `as` value and it is preloaded intentionally.
[2026-06-07T02:23:37.247Z] [warning] The resource https://a.espncdn.com/fonts/_BentonSansCond/BentonSansCondBold.woff2 was preloaded using link preload but not used within a few seconds from the window's load event. Please make sure it has an appropriate `as` value and it is preloaded intentionally.
[2026-06-07T02:23:37.247Z] [warning] The resource https://a.espncdn.com/fonts/_BentonSans/BentonSansRegular.woff2 was preloaded using link preload but not used within a few seconds from the window's load event. Please make sure it has an appropriate `as` value and it is preloaded intentionally.
[2026-06-07T02:23:41.413Z] [warning] The resource https://a.espncdn.com/fonts/_BentonSans/BentonSansBlack.woff2 was preloaded using link preload but not used within a few seconds from the window's load event. Please make sure it has an appropriate `as` value and it is preloaded intentionally.
[2026-06-07T02:23:41.413Z] [warning] The resource https://a.espncdn.com/fonts/_BentonSansCond/BentonSansCondBold.woff2 was preloaded using link preload but not used within a few seconds from the window's load event. Please make sure it has an appropriate `as` value and it is preloaded intentionally.
[2026-06-07T02:23:41.413Z] [warning] The resource https://a.espncdn.com/fonts/_BentonSans/BentonSansRegular.woff2 was preloaded using link preload but not used within a few seconds from the window's load event. Please make sure it has an appropriate `as` value and it is preloaded intentionally.
[2026-06-07T02:23:43.415Z] [log] Nielsen Log: Info - Max retry reached for sending sync ping: https://loadus.exelator.com/getid?p=1480&g=1&j=0&asid=P07264C85-15CD-4A80-8E56-B5BFA6D93296
[2026-06-07T02:23:48.523Z] [warning] The resource https://a.espncdn.com/fonts/_BentonSans/BentonSansBlack.woff2 was preloaded using link preload but not used within a few seconds from the window's load event. Please make sure it has an appropriate `as` value and it is preloaded intentionally.
[2026-06-07T02:23:48.523Z] [warning] The resource https://a.espncdn.com/fonts/_BentonSansCond/BentonSansCondBold.woff2 was preloaded using link preload but not used within a few seconds from the window's load event. Please make sure it has an appropriate `as` value and it is preloaded intentionally.
[2026-06-07T02:23:48.523Z] [warning] The resource https://a.espncdn.com/fonts/_BentonSans/BentonSansRegular.woff2 was preloaded using link preload but not used within a few seconds from the window's load event. Please make sure it has an appropriate `as` value and it is preloaded intentionally.
[2026-06-07T02:23:57.259Z] [warning] The resource https://a.espncdn.com/fonts/_BentonSans/BentonSansBlack.woff2 was preloaded using link preload but not used within a few seconds from the window's load event. Please make sure it has an appropriate `as` value and it is preloaded intentionally.
[2026-06-07T02:23:57.259Z] [warning] The resource https://a.espncdn.com/fonts/_BentonSansCond/BentonSansCondBold.woff2 was preloaded using link preload but not used within a few seconds from the window's load event. Please make sure it has an appropriate `as` value and it is preloaded intentionally.
[2026-06-07T02:23:57.259Z] [warning] The resource https://a.espncdn.com/fonts/_BentonSans/BentonSansRegular.woff2 was preloaded using link preload but not used within a few seconds from the window's load event. Please make sure it has an appropriate `as` value and it is preloaded intentionally.
[2026-06-07T02:24:07.614Z] [warning] The resource https://a.espncdn.com/fonts/_BentonSans/BentonSansBlack.woff2 was preloaded using link preload but not used within a few seconds from the window's load event. Please make sure it has an appropriate `as` value and it is preloaded intentionally.
[2026-06-07T02:24:07.614Z] [warning] The resource https://a.espncdn.com/fonts/_BentonSansCond/BentonSansCondBold.woff2 was preloaded using link preload but not used within a few seconds from the window's load event. Please make sure it has an appropriate `as` value and it is preloaded intentionally.
[2026-06-07T02:24:07.614Z] [warning] The resource https://a.espncdn.com/fonts/_BentonSans/BentonSansRegular.woff2 was preloaded using link preload but not used within a few seconds from the window's load event. Please make sure it has an appropriate `as` value and it is preloaded intentionally.
[2026-06-07T02:24:19.734Z] [warning] The resource https://a.espncdn.com/fonts/_BentonSans/BentonSansBlack.woff2 was preloaded using link preload but not used within a few seconds from the window's load event. Please make sure it has an appropriate `as` value and it is preloaded intentionally.
[2026-06-07T02:24:19.734Z] [warning] The resource https://a.espncdn.com/fonts/_BentonSansCond/BentonSansCondBold.woff2 was preloaded using link preload but not used within a few seconds from the window's load event. Please make sure it has an appropriate `as` value and it is preloaded intentionally.
[2026-06-07T02:24:19.734Z] [warning] The resource https://a.espncdn.com/fonts/_BentonSans/BentonSansRegular.woff2 was preloaded using link preload but not used within a few seconds from the window's load event. Please make sure it has an appropriate `as` value and it is preloaded intentionally.
[2026-06-07T02:24:27.267Z] [warning] The resource https://a.espncdn.com/fonts/_BentonSans/BentonSansBlack.woff2 was preloaded using link preload but not used within a few seconds from the window's load event. Please make sure it has an appropriate `as` value and it is preloaded intentionally.
[2026-06-07T02:24:27.267Z] [warning] The resource https://a.espncdn.com/fonts/_BentonSansCond/BentonSansCondBold.woff2 was preloaded using link preload but not used within a few seconds from the window's load event. Please make sure it has an appropriate `as` value and it is preloaded intentionally.
[2026-06-07T02:24:27.267Z] [warning] The resource https://a.espncdn.com/fonts/_BentonSans/BentonSansRegular.woff2 was preloaded using link preload but not used within a few seconds from the window's load event. Please make sure it has an appropriate `as` value and it is preloaded intentionally.
[2026-06-07T02:24:37.267Z] [warning] The resource https://a.espncdn.com/fonts/_BentonSans/BentonSansBlack.woff2 was preloaded using link preload but not used within a few seconds from the window's load event. Please make sure it has an appropriate `as` value and it is preloaded intentionally.
[2026-06-07T02:24:37.267Z] [warning] The resource https://a.espncdn.com/fonts/_BentonSansCond/BentonSansCondBold.woff2 was preloaded using link preload but not used within a few seconds from the window's load event. Please make sure it has an appropriate `as` value and it is preloaded intentionally.
[2026-06-07T02:24:37.267Z] [warning] The resource https://a.espncdn.com/fonts/_BentonSans/BentonSansRegular.woff2 was preloaded using link preload but not used within a few seconds from the window's load event. Please make sure it has an appropriate `as` value and it is preloaded intentionally.
[2026-06-07T02:24:47.610Z] [warning] The resource https://a.espncdn.com/fonts/_BentonSans/BentonSansBlack.woff2 was preloaded using link preload but not used within a few seconds from the window's load event. Please make sure it has an appropriate `as` value and it is preloaded intentionally.
[2026-06-07T02:24:47.610Z] [warning] The resource https://a.espncdn.com/fonts/_BentonSansCond/BentonSansCondBold.woff2 was preloaded using link preload but not used within a few seconds from the window's load event. Please make sure it has an appropriate `as` value and it is preloaded intentionally.
[2026-06-07T02:24:47.610Z] [warning] The resource https://a.espncdn.com/fonts/_BentonSans/BentonSansRegular.woff2 was preloaded using link preload but not used within a few seconds from the window's load event. Please make sure it has an appropriate `as` value and it is preloaded intentionally.
[2026-06-07T02:24:57.273Z] [warning] The resource https://a.espncdn.com/fonts/_BentonSans/BentonSansBlack.woff2 was preloaded using link preload but not used within a few seconds from the window's load event. Please make sure it has an appropriate `as` value and it is preloaded intentionally.
[2026-06-07T02:24:57.273Z] [warning] The resource https://a.espncdn.com/fonts/_BentonSansCond/BentonSansCondBold.woff2 was preloaded using link preload but not used within a few seconds from the window's load event. Please make sure it has an appropriate `as` value and it is preloaded intentionally.
[2026-06-07T02:24:57.273Z] [warning] The resource https://a.espncdn.com/fonts/_BentonSans/BentonSansRegular.woff2 was preloaded using link preload but not used within a few seconds from the window's load event. Please make sure it has an appropriate `as` value and it is preloaded intentionally.
[2026-06-07T02:25:03.544Z] [warning] The resource https://a.espncdn.com/fonts/_BentonSans/BentonSansBlack.woff2 was preloaded using link preload but not used within a few seconds from the window's load event. Please make sure it has an appropriate `as` value and it is preloaded intentionally.
[2026-06-07T02:25:03.544Z] [warning] The resource https://a.espncdn.com/fonts/_BentonSansCond/BentonSansCondBold.woff2 was preloaded using link preload but not used within a few seconds from the window's load event. Please make sure it has an appropriate `as` value and it is preloaded intentionally.
[2026-06-07T02:25:03.544Z] [warning] The resource https://a.espncdn.com/fonts/_BentonSans/BentonSansRegular.woff2 was preloaded using link preload but not used within a few seconds from the window's load event. Please make sure it has an appropriate `as` value and it is preloaded intentionally.
[2026-06-07T02:25:07.361Z] [warning] The resource https://a.espncdn.com/fonts/_BentonSans/BentonSansBlack.woff2 was preloaded using link preload but not used within a few seconds from the window's load event. Please make sure it has an appropriate `as` value and it is preloaded intentionally.
[2026-06-07T02:25:07.361Z] [warning] The resource https://a.espncdn.com/fonts/_BentonSansCond/BentonSansCondBold.woff2 was preloaded using link preload but not used within a few seconds from the window's load event. Please make sure it has an appropriate `as` value and it is preloaded intentionally.
[2026-06-07T02:25:07.361Z] [warning] The resource https://a.espncdn.com/fonts/_BentonSans/BentonSansRegular.woff2 was preloaded using link preload but not used within a few seconds from the window's load event. Please make sure it has an appropriate `as` value and it is preloaded intentionally.
[2026-06-07T02:25:19.717Z] [warning] The resource https://a.espncdn.com/fonts/_BentonSans/BentonSansBlack.woff2 was preloaded using link preload but not used within a few seconds from the window's load event. Please make sure it has an appropriate `as` value and it is preloaded intentionally.
[2026-06-07T02:25:19.717Z] [warning] The resource https://a.espncdn.com/fonts/_BentonSansCond/BentonSansCondBold.woff2 was preloaded using link preload but not used within a few seconds from the window's load event. Please make sure it has an appropriate `as` value and it is preloaded intentionally.
[2026-06-07T02:25:19.717Z] [warning] The resource https://a.espncdn.com/fonts/_BentonSans/BentonSansRegular.woff2 was preloaded using link preload but not used within a few seconds from the window's load event. Please make sure it has an appropriate `as` value and it is preloaded intentionally.
[2026-06-07T02:25:27.364Z] [warning] The resource https://a.espncdn.com/fonts/_BentonSans/BentonSansBlack.woff2 was preloaded using link preload but not used within a few seconds from the window's load event. Please make sure it has an appropriate `as` value and it is preloaded intentionally.
[2026-06-07T02:25:27.364Z] [warning] The resource https://a.espncdn.com/fonts/_BentonSansCond/BentonSansCondBold.woff2 was preloaded using link preload but not used within a few seconds from the window's load event. Please make sure it has an appropriate `as` value and it is preloaded intentionally.
[2026-06-07T02:25:27.364Z] [warning] The resource https://a.espncdn.com/fonts/_BentonSans/BentonSansRegular.woff2 was preloaded using link preload but not used within a few seconds from the window's load event. Please make sure it has an appropriate `as` value and it is preloaded intentionally.
[2026-06-07T02:25:37.269Z] [warning] The resource https://a.espncdn.com/fonts/_BentonSans/BentonSansBlack.woff2 was preloaded using link preload but not used within a few seconds from the window's load event. Please make sure it has an appropriate `as` value and it is preloaded intentionally.
[2026-06-07T02:25:37.269Z] [warning] The resource https://a.espncdn.com/fonts/_BentonSansCond/BentonSansCondBold.woff2 was preloaded using link preload but not used within a few seconds from the window's load event. Please make sure it has an appropriate `as` value and it is preloaded intentionally.
[2026-06-07T02:25:37.269Z] [warning] The resource https://a.espncdn.com/fonts/_BentonSans/BentonSansRegular.woff2 was preloaded using link preload but not used within a few seconds from the window's load event. Please make sure it has an appropriate `as` value and it is preloaded intentionally.
[2026-06-07T02:25:49.937Z] [warning] The resource https://a.espncdn.com/fonts/_BentonSans/BentonSansBlack.woff2 was preloaded using link preload but not used within a few seconds from the window's load event. Please make sure it has an appropriate `as` value and it is preloaded intentionally.
[2026-06-07T02:25:49.937Z] [warning] The resource https://a.espncdn.com/fonts/_BentonSansCond/BentonSansCondBold.woff2 was preloaded using link preload but not used within a few seconds from the window's load event. Please make sure it has an appropriate `as` value and it is preloaded intentionally.
[2026-06-07T02:25:49.937Z] [warning] The resource https://a.espncdn.com/fonts/_BentonSans/BentonSansRegular.woff2 was preloaded using link preload but not used within a few seconds from the window's load event. Please make sure it has an appropriate `as` value and it is preloaded intentionally.
[2026-06-07T02:25:57.267Z] [warning] The resource https://a.espncdn.com/fonts/_BentonSans/BentonSansBlack.woff2 was preloaded using link preload but not used within a few seconds from the window's load event. Please make sure it has an appropriate `as` value and it is preloaded intentionally.
[2026-06-07T02:25:57.267Z] [warning] The resource https://a.espncdn.com/fonts/_BentonSansCond/BentonSansCondBold.woff2 was preloaded using link preload but not used within a few seconds from the window's load event. Please make sure it has an appropriate `as` value and it is preloaded intentionally.
[2026-06-07T02:25:57.267Z] [warning] The resource https://a.espncdn.com/fonts/_BentonSans/BentonSansRegular.woff2 was preloaded using link preload but not used within a few seconds from the window's load event. Please make sure it has an appropriate `as` value and it is preloaded intentionally.
[2026-06-07T02:26:07.271Z] [warning] The resource https://a.espncdn.com/fonts/_BentonSans/BentonSansBlack.woff2 was preloaded using link preload but not used within a few seconds from the window's load event. Please make sure it has an appropriate `as` value and it is preloaded intentionally.
[2026-06-07T02:26:07.271Z] [warning] The resource https://a.espncdn.com/fonts/_BentonSansCond/BentonSansCondBold.woff2 was preloaded using link preload but not used within a few seconds from the window's load event. Please make sure it has an appropriate `as` value and it is preloaded intentionally.
[2026-06-07T02:26:07.271Z] [warning] The resource https://a.espncdn.com/fonts/_BentonSans/BentonSansRegular.woff2 was preloaded using link preload but not used within a few seconds from the window's load event. Please make sure it has an appropriate `as` value and it is preloaded intentionally.
[2026-06-07T02:26:18.544Z] [warning] The resource https://a.espncdn.com/fonts/_BentonSans/BentonSansBlack.woff2 was preloaded using link preload but not used within a few seconds from the window's load event. Please make sure it has an appropriate `as` value and it is preloaded intentionally.
[2026-06-07T02:26:18.544Z] [warning] The resource https://a.espncdn.com/fonts/_BentonSansCond/BentonSansCondBold.woff2 was preloaded using link preload but not used within a few seconds from the window's load event. Please make sure it has an appropriate `as` value and it is preloaded intentionally.
[2026-06-07T02:26:18.544Z] [warning] The resource https://a.espncdn.com/fonts/_BentonSans/BentonSansRegular.woff2 was preloaded using link preload but not used within a few seconds from the window's load event. Please make sure it has an appropriate `as` value and it is preloaded intentionally.
[2026-06-07T02:26:27.268Z] [warning] The resource https://a.espncdn.com/fonts/_BentonSans/BentonSansBlack.woff2 was preloaded using link preload but not used within a few seconds from the window's load event. Please make sure it has an appropriate `as` value and it is preloaded intentionally.
[2026-06-07T02:26:27.268Z] [warning] The resource https://a.espncdn.com/fonts/_BentonSansCond/BentonSansCondBold.woff2 was preloaded using link preload but not used within a few seconds from the window's load event. Please make sure it has an appropriate `as` value and it is preloaded intentionally.
[2026-06-07T02:26:27.268Z] [warning] The resource https://a.espncdn.com/fonts/_BentonSans/BentonSansRegular.woff2 was preloaded using link preload but not used within a few seconds from the window's load event. Please make sure it has an appropriate `as` value and it is preloaded intentionally.
[2026-06-07T02:26:37.267Z] [warning] The resource https://a.espncdn.com/fonts/_BentonSans/BentonSansBlack.woff2 was preloaded using link preload but not used within a few seconds from the window's load event. Please make sure it has an appropriate `as` value and it is preloaded intentionally.
[2026-06-07T02:26:37.267Z] [warning] The resource https://a.espncdn.com/fonts/_BentonSansCond/BentonSansCondBold.woff2 was preloaded using link preload but not used within a few seconds from the window's load event. Please make sure it has an appropriate `as` value and it is preloaded intentionally.
[2026-06-07T02:26:37.267Z] [warning] The resource https://a.espncdn.com/fonts/_BentonSans/BentonSansRegular.woff2 was preloaded using link preload but not used within a few seconds from the window's load event. Please make sure it has an appropriate `as` value and it is preloaded intentionally.
[2026-06-07T02:26:47.660Z] [warning] The resource https://a.espncdn.com/fonts/_BentonSans/BentonSansBlack.woff2 was preloaded using link preload but not used within a few seconds from the window's load event. Please make sure it has an appropriate `as` value and it is preloaded intentionally.
[2026-06-07T02:26:47.660Z] [warning] The resource https://a.espncdn.com/fonts/_BentonSansCond/BentonSansCondBold.woff2 was preloaded using link preload but not used within a few seconds from the window's load event. Please make sure it has an appropriate `as` value and it is preloaded intentionally.
[2026-06-07T02:26:47.660Z] [warning] The resource https://a.espncdn.com/fonts/_BentonSans/BentonSansRegular.woff2 was preloaded using link preload but not used within a few seconds from the window's load event. Please make sure it has an appropriate `as` value and it is preloaded intentionally.
[2026-06-07T02:26:57.273Z] [warning] The resource https://a.espncdn.com/fonts/_BentonSans/BentonSansBlack.woff2 was preloaded using link preload but not used within a few seconds from the window's load event. Please make sure it has an appropriate `as` value and it is preloaded intentionally.
[2026-06-07T02:26:57.273Z] [warning] The resource https://a.espncdn.com/fonts/_BentonSansCond/BentonSansCondBold.woff2 was preloaded using link preload but not used within a few seconds from the window's load event. Please make sure it has an appropriate `as` value and it is preloaded intentionally.
[2026-06-07T02:26:57.273Z] [warning] The resource https://a.espncdn.com/fonts/_BentonSans/BentonSansRegular.woff2 was preloaded using link preload but not used within a few seconds from the window's load event. Please make sure it has an appropriate `as` value and it is preloaded intentionally.
[2026-06-07T02:27:07.272Z] [warning] The resource https://a.espncdn.com/fonts/_BentonSans/BentonSansBlack.woff2 was preloaded using link preload but not used within a few seconds from the window's load event. Please make sure it has an appropriate `as` value and it is preloaded intentionally.
[2026-06-07T02:27:07.272Z] [warning] The resource https://a.espncdn.com/fonts/_BentonSansCond/BentonSansCondBold.woff2 was preloaded using link preload but not used within a few seconds from the window's load event. Please make sure it has an appropriate `as` value and it is preloaded intentionally.
[2026-06-07T02:27:07.272Z] [warning] The resource https://a.espncdn.com/fonts/_BentonSans/BentonSansRegular.woff2 was preloaded using link preload but not used within a few seconds from the window's load event. Please make sure it has an appropriate `as` value and it is preloaded intentionally.
[2026-06-07T02:27:17.272Z] [warning] The resource https://a.espncdn.com/fonts/_BentonSans/BentonSansBlack.woff2 was preloaded using link preload but not used within a few seconds from the window's load event. Please make sure it has an appropriate `as` value and it is preloaded intentionally.
[2026-06-07T02:27:17.272Z] [warning] The resource https://a.espncdn.com/fonts/_BentonSansCond/BentonSansCondBold.woff2 was preloaded using link preload but not used within a few seconds from the window's load event. Please make sure it has an appropriate `as` value and it is preloaded intentionally.
[2026-06-07T02:27:17.272Z] [warning] The resource https://a.espncdn.com/fonts/_BentonSans/BentonSansRegular.woff2 was preloaded using link preload but not used within a few seconds from the window's load event. Please make sure it has an appropriate `as` value and it is preloaded intentionally.
[2026-06-07T02:27:27.361Z] [warning] The resource https://a.espncdn.com/fonts/_BentonSans/BentonSansBlack.woff2 was preloaded using link preload but not used within a few seconds from the window's load event. Please make sure it has an appropriate `as` value and it is preloaded intentionally.
[2026-06-07T02:27:27.361Z] [warning] The resource https://a.espncdn.com/fonts/_BentonSansCond/BentonSansCondBold.woff2 was preloaded using link preload but not used within a few seconds from the window's load event. Please make sure it has an appropriate `as` value and it is preloaded intentionally.
[2026-06-07T02:27:27.361Z] [warning] The resource https://a.espncdn.com/fonts/_BentonSans/BentonSansRegular.woff2 was preloaded using link preload but not used within a few seconds from the window's load event. Please make sure it has an appropriate `as` value and it is preloaded intentionally.
[2026-06-07T02:27:37.274Z] [warning] The resource https://a.espncdn.com/fonts/_BentonSans/BentonSansBlack.woff2 was preloaded using link preload but not used within a few seconds from the window's load event. Please make sure it has an appropriate `as` value and it is preloaded intentionally.
[2026-06-07T02:27:37.274Z] [warning] The resource https://a.espncdn.com/fonts/_BentonSansCond/BentonSansCondBold.woff2 was preloaded using link preload but not used within a few seconds from the window's load event. Please make sure it has an appropriate `as` value and it is preloaded intentionally.
[2026-06-07T02:27:37.274Z] [warning] The resource https://a.espncdn.com/fonts/_BentonSans/BentonSansRegular.woff2 was preloaded using link preload but not used within a few seconds from the window's load event. Please make sure it has an appropriate `as` value and it is preloaded intentionally.
[2026-06-07T02:27:47.272Z] [warning] The resource https://a.espncdn.com/fonts/_BentonSans/BentonSansBlack.woff2 was preloaded using link preload but not used within a few seconds from the window's load event. Please make sure it has an appropriate `as` value and it is preloaded intentionally.
[2026-06-07T02:27:47.272Z] [warning] The resource https://a.espncdn.com/fonts/_BentonSansCond/BentonSansCondBold.woff2 was preloaded using link preload but not used within a few seconds from the window's load event. Please make sure it has an appropriate `as` value and it is preloaded intentionally.
[2026-06-07T02:27:47.272Z] [warning] The resource https://a.espncdn.com/fonts/_BentonSans/BentonSansRegular.woff2 was preloaded using link preload but not used within a few seconds from the window's load event. Please make sure it has an appropriate `as` value and it is preloaded intentionally.
[2026-06-07T02:27:57.364Z] [warning] The resource https://a.espncdn.com/fonts/_BentonSans/BentonSansBlack.woff2 was preloaded using link preload but not used within a few seconds from the window's load event. Please make sure it has an appropriate `as` value and it is preloaded intentionally.
[2026-06-07T02:27:57.364Z] [warning] The resource https://a.espncdn.com/fonts/_BentonSansCond/BentonSansCondBold.woff2 was preloaded using link preload but not used within a few seconds from the window's load event. Please make sure it has an appropriate `as` value and it is preloaded intentionally.
[2026-06-07T02:27:57.364Z] [warning] The resource https://a.espncdn.com/fonts/_BentonSans/BentonSansRegular.woff2 was preloaded using link preload but not used within a few seconds from the window's load event. Please make sure it has an appropriate `as` value and it is preloaded intentionally.
[2026-06-07T02:28:07.270Z] [warning] The resource https://a.espncdn.com/fonts/_BentonSans/BentonSansBlack.woff2 was preloaded using link preload but not used within a few seconds from the window's load event. Please make sure it has an appropriate `as` value and it is preloaded intentionally.
[2026-06-07T02:28:07.270Z] [warning] The resource https://a.espncdn.com/fonts/_BentonSansCond/BentonSansCondBold.woff2 was preloaded using link preload but not used within a few seconds from the window's load event. Please make sure it has an appropriate `as` value and it is preloaded intentionally.
[2026-06-07T02:28:07.270Z] [warning] The resource https://a.espncdn.com/fonts/_BentonSans/BentonSansRegular.woff2 was preloaded using link preload but not used within a few seconds from the window's load event. Please make sure it has an appropriate `as` value and it is preloaded intentionally.
[2026-06-07T02:28:19.934Z] [warning] The resource https://a.espncdn.com/fonts/_BentonSans/BentonSansBlack.woff2 was preloaded using link preload but not used within a few seconds from the window's load event. Please make sure it has an appropriate `as` value and it is preloaded intentionally.
[2026-06-07T02:28:19.934Z] [warning] The resource https://a.espncdn.com/fonts/_BentonSansCond/BentonSansCondBold.woff2 was preloaded using link preload but not used within a few seconds from the window's load event. Please make sure it has an appropriate `as` value and it is preloaded intentionally.
[2026-06-07T02:28:19.934Z] [warning] The resource https://a.espncdn.com/fonts/_BentonSans/BentonSansRegular.woff2 was preloaded using link preload but not used within a few seconds from the window's load event. Please make sure it has an appropriate `as` value and it is preloaded intentionally.
[2026-06-07T02:28:27.272Z] [warning] The resource https://a.espncdn.com/fonts/_BentonSans/BentonSansBlack.woff2 was preloaded using link preload but not used within a few seconds from the window's load event. Please make sure it has an appropriate `as` value and it is preloaded intentionally.
[2026-06-07T02:28:27.272Z] [warning] The resource https://a.espncdn.com/fonts/_BentonSansCond/BentonSansCondBold.woff2 was preloaded using link preload but not used within a few seconds from the window's load event. Please make sure it has an appropriate `as` value and it is preloaded intentionally.
[2026-06-07T02:28:27.272Z] [warning] The resource https://a.espncdn.com/fonts/_BentonSans/BentonSansRegular.woff2 was preloaded using link preload but not used within a few seconds from the window's load event. Please make sure it has an appropriate `as` value and it is preloaded intentionally.
[2026-06-07T02:28:33.550Z] [warning] The resource https://a.espncdn.com/fonts/_BentonSans/BentonSansBlack.woff2 was preloaded using link preload but not used within a few seconds from the window's load event. Please make sure it has an appropriate `as` value and it is preloaded intentionally.
[2026-06-07T02:28:33.550Z] [warning] The resource https://a.espncdn.com/fonts/_BentonSansCond/BentonSansCondBold.woff2 was preloaded using link preload but not used within a few seconds from the window's load event. Please make sure it has an appropriate `as` value and it is preloaded intentionally.
[2026-06-07T02:28:33.550Z] [warning] The resource https://a.espncdn.com/fonts/_BentonSans/BentonSansRegular.woff2 was preloaded using link preload but not used within a few seconds from the window's load event. Please make sure it has an appropriate `as` value and it is preloaded intentionally.
[2026-06-07T02:28:37.638Z] [warning] The resource https://a.espncdn.com/fonts/_BentonSans/BentonSansBlack.woff2 was preloaded using link preload but not used within a few seconds from the window's load event. Please make sure it has an appropriate `as` value and it is preloaded intentionally.
[2026-06-07T02:28:37.638Z] [warning] The resource https://a.espncdn.com/fonts/_BentonSansCond/BentonSansCondBold.woff2 was preloaded using link preload but not used within a few seconds from the window's load event. Please make sure it has an appropriate `as` value and it is preloaded intentionally.
[2026-06-07T02:28:37.638Z] [warning] The resource https://a.espncdn.com/fonts/_BentonSans/BentonSansRegular.woff2 was preloaded using link preload but not used within a few seconds from the window's load event. Please make sure it has an appropriate `as` value and it is preloaded intentionally.
[2026-06-07T02:28:47.271Z] [warning] The resource https://a.espncdn.com/fonts/_BentonSans/BentonSansBlack.woff2 was preloaded using link preload but not used within a few seconds from the window's load event. Please make sure it has an appropriate `as` value and it is preloaded intentionally.
[2026-06-07T02:28:47.271Z] [warning] The resource https://a.espncdn.com/fonts/_BentonSansCond/BentonSansCondBold.woff2 was preloaded using link preload but not used within a few seconds from the window's load event. Please make sure it has an appropriate `as` value and it is preloaded intentionally.
[2026-06-07T02:28:47.271Z] [warning] The resource https://a.espncdn.com/fonts/_BentonSans/BentonSansRegular.woff2 was preloaded using link preload but not used within a few seconds from the window's load event. Please make sure it has an appropriate `as` value and it is preloaded intentionally.
[2026-06-07T02:28:57.270Z] [warning] The resource https://a.espncdn.com/fonts/_BentonSans/BentonSansBlack.woff2 was preloaded using link preload but not used within a few seconds from the window's load event. Please make sure it has an appropriate `as` value and it is preloaded intentionally.
[2026-06-07T02:28:57.270Z] [warning] The resource https://a.espncdn.com/fonts/_BentonSansCond/BentonSansCondBold.woff2 was preloaded using link preload but not used within a few seconds from the window's load event. Please make sure it has an appropriate `as` value and it is preloaded intentionally.
[2026-06-07T02:28:57.270Z] [warning] The resource https://a.espncdn.com/fonts/_BentonSans/BentonSansRegular.woff2 was preloaded using link preload but not used within a few seconds from the window's load event. Please make sure it has an appropriate `as` value and it is preloaded intentionally.
[2026-06-07T02:29:07.641Z] [warning] The resource https://a.espncdn.com/fonts/_BentonSans/BentonSansBlack.woff2 was preloaded using link preload but not used within a few seconds from the window's load event. Please make sure it has an appropriate `as` value and it is preloaded intentionally.
[2026-06-07T02:29:07.641Z] [warning] The resource https://a.espncdn.com/fonts/_BentonSansCond/BentonSansCondBold.woff2 was preloaded using link preload but not used within a few seconds from the window's load event. Please make sure it has an appropriate `as` value and it is preloaded intentionally.
[2026-06-07T02:29:07.641Z] [warning] The resource https://a.espncdn.com/fonts/_BentonSans/BentonSansRegular.woff2 was preloaded using link preload but not used within a few seconds from the window's load event. Please make sure it has an appropriate `as` value and it is preloaded intentionally.
[2026-06-07T02:29:17.620Z] [warning] The resource https://a.espncdn.com/fonts/_BentonSans/BentonSansBlack.woff2 was preloaded using link preload but not used within a few seconds from the window's load event. Please make sure it has an appropriate `as` value and it is preloaded intentionally.
[2026-06-07T02:29:17.620Z] [warning] The resource https://a.espncdn.com/fonts/_BentonSansCond/BentonSansCondBold.woff2 was preloaded using link preload but not used within a few seconds from the window's load event. Please make sure it has an appropriate `as` value and it is preloaded intentionally.
[2026-06-07T02:29:17.620Z] [warning] The resource https://a.espncdn.com/fonts/_BentonSans/BentonSansRegular.woff2 was preloaded using link preload but not used within a few seconds from the window's load event. Please make sure it has an appropriate `as` value and it is preloaded intentionally.
[2026-06-07T02:29:27.275Z] [warning] The resource https://a.espncdn.com/fonts/_BentonSans/BentonSansBlack.woff2 was preloaded using link preload but not used within a few seconds from the window's load event. Please make sure it has an appropriate `as` value and it is preloaded intentionally.
[2026-06-07T02:29:27.275Z] [warning] The resource https://a.espncdn.com/fonts/_BentonSansCond/BentonSansCondBold.woff2 was preloaded using link preload but not used within a few seconds from the window's load event. Please make sure it has an appropriate `as` value and it is preloaded intentionally.
[2026-06-07T02:29:27.275Z] [warning] The resource https://a.espncdn.com/fonts/_BentonSans/BentonSansRegular.woff2 was preloaded using link preload but not used within a few seconds from the window's load event. Please make sure it has an appropriate `as` value and it is preloaded intentionally.
[2026-06-07T02:29:37.275Z] [warning] The resource https://a.espncdn.com/fonts/_BentonSans/BentonSansBlack.woff2 was preloaded using link preload but not used within a few seconds from the window's load event. Please make sure it has an appropriate `as` value and it is preloaded intentionally.
[2026-06-07T02:29:37.275Z] [warning] The resource https://a.espncdn.com/fonts/_BentonSansCond/BentonSansCondBold.woff2 was preloaded using link preload but not used within a few seconds from the window's load event. Please make sure it has an appropriate `as` value and it is preloaded intentionally.
[2026-06-07T02:29:37.275Z] [warning] The resource https://a.espncdn.com/fonts/_BentonSans/BentonSansRegular.woff2 was preloaded using link preload but not used within a few seconds from the window's load event. Please make sure it has an appropriate `as` value and it is preloaded intentionally.
[2026-06-07T02:29:47.679Z] [warning] The resource https://a.espncdn.com/fonts/_BentonSans/BentonSansBlack.woff2 was preloaded using link preload but not used within a few seconds from the window's load event. Please make sure it has an appropriate `as` value and it is preloaded intentionally.
[2026-06-07T02:29:47.679Z] [warning] The resource https://a.espncdn.com/fonts/_BentonSansCond/BentonSansCondBold.woff2 was preloaded using link preload but not used within a few seconds from the window's load event. Please make sure it has an appropriate `as` value and it is preloaded intentionally.
[2026-06-07T02:29:47.679Z] [warning] The resource https://a.espncdn.com/fonts/_BentonSans/BentonSansRegular.woff2 was preloaded using link preload but not used within a few seconds from the window's load event. Please make sure it has an appropriate `as` value and it is preloaded intentionally.
[2026-06-07T02:29:57.272Z] [warning] The resource https://a.espncdn.com/fonts/_BentonSans/BentonSansBlack.woff2 was preloaded using link preload but not used within a few seconds from the window's load event. Please make sure it has an appropriate `as` value and it is preloaded intentionally.
[2026-06-07T02:29:57.272Z] [warning] The resource https://a.espncdn.com/fonts/_BentonSansCond/BentonSansCondBold.woff2 was preloaded using link preload but not used within a few seconds from the window's load event. Please make sure it has an appropriate `as` value and it is preloaded intentionally.
[2026-06-07T02:29:57.272Z] [warning] The resource https://a.espncdn.com/fonts/_BentonSans/BentonSansRegular.woff2 was preloaded using link preload but not used within a few seconds from the window's load event. Please make sure it has an appropriate `as` value and it is preloaded intentionally.
[2026-06-07T02:30:07.624Z] [warning] The resource https://a.espncdn.com/fonts/_BentonSans/BentonSansBlack.woff2 was preloaded using link preload but not used within a few seconds from the window's load event. Please make sure it has an appropriate `as` value and it is preloaded intentionally.
[2026-06-07T02:30:07.624Z] [warning] The resource https://a.espncdn.com/fonts/_BentonSansCond/BentonSansCondBold.woff2 was preloaded using link preload but not used within a few seconds from the window's load event. Please make sure it has an appropriate `as` value and it is preloaded intentionally.
[2026-06-07T02:30:07.624Z] [warning] The resource https://a.espncdn.com/fonts/_BentonSans/BentonSansRegular.woff2 was preloaded using link preload but not used within a few seconds from the window's load event. Please make sure it has an appropriate `as` value and it is preloaded intentionally.
[2026-06-07T02:30:17.273Z] [warning] The resource https://a.espncdn.com/fonts/_BentonSans/BentonSansBlack.woff2 was preloaded using link preload but not used within a few seconds from the window's load event. Please make sure it has an appropriate `as` value and it is preloaded intentionally.
[2026-06-07T02:30:17.273Z] [warning] The resource https://a.espncdn.com/fonts/_BentonSansCond/BentonSansCondBold.woff2 was preloaded using link preload but not used within a few seconds from the window's load event. Please make sure it has an appropriate `as` value and it is preloaded intentionally.
[2026-06-07T02:30:17.274Z] [warning] The resource https://a.espncdn.com/fonts/_BentonSans/BentonSansRegular.woff2 was preloaded using link preload but not used within a few seconds from the window's load event. Please make sure it has an appropriate `as` value and it is preloaded intentionally.
[2026-06-07T02:30:27.273Z] [warning] The resource https://a.espncdn.com/fonts/_BentonSans/BentonSansBlack.woff2 was preloaded using link preload but not used within a few seconds from the window's load event. Please make sure it has an appropriate `as` value and it is preloaded intentionally.
[2026-06-07T02:30:27.273Z] [warning] The resource https://a.espncdn.com/fonts/_BentonSansCond/BentonSansCondBold.woff2 was preloaded using link preload but not used within a few seconds from the window's load event. Please make sure it has an appropriate `as` value and it is preloaded intentionally.
[2026-06-07T02:30:27.273Z] [warning] The resource https://a.espncdn.com/fonts/_BentonSans/BentonSansRegular.woff2 was preloaded using link preload but not used within a few seconds from the window's load event. Please make sure it has an appropriate `as` value and it is preloaded intentionally.
[2026-06-07T02:30:37.275Z] [warning] The resource https://a.espncdn.com/fonts/_BentonSans/BentonSansBlack.woff2 was preloaded using link preload but not used within a few seconds from the window's load event. Please make sure it has an appropriate `as` value and it is preloaded intentionally.
[2026-06-07T02:30:37.275Z] [warning] The resource https://a.espncdn.com/fonts/_BentonSansCond/BentonSansCondBold.woff2 was preloaded using link preload but not used within a few seconds from the window's load event. Please make sure it has an appropriate `as` value and it is preloaded intentionally.
[2026-06-07T02:30:37.275Z] [warning] The resource https://a.espncdn.com/fonts/_BentonSans/BentonSansRegular.woff2 was preloaded using link preload but not used within a few seconds from the window's load event. Please make sure it has an appropriate `as` value and it is preloaded intentionally.
[2026-06-07T02:30:47.369Z] [warning] The resource https://a.espncdn.com/fonts/_BentonSans/BentonSansBlack.woff2 was preloaded using link preload but not used within a few seconds from the window's load event. Please make sure it has an appropriate `as` value and it is preloaded intentionally.
[2026-06-07T02:30:47.369Z] [warning] The resource https://a.espncdn.com/fonts/_BentonSansCond/BentonSansCondBold.woff2 was preloaded using link preload but not used within a few seconds from the window's load event. Please make sure it has an appropriate `as` value and it is preloaded intentionally.
[2026-06-07T02:30:47.369Z] [warning] The resource https://a.espncdn.com/fonts/_BentonSans/BentonSansRegular.woff2 was preloaded using link preload but not used within a few seconds from the window's load event. Please make sure it has an appropriate `as` value and it is preloaded intentionally.
[2026-06-07T02:30:57.273Z] [warning] The resource https://a.espncdn.com/fonts/_BentonSans/BentonSansBlack.woff2 was preloaded using link preload but not used within a few seconds from the window's load event. Please make sure it has an appropriate `as` value and it is preloaded intentionally.
[2026-06-07T02:30:57.273Z] [warning] The resource https://a.espncdn.com/fonts/_BentonSansCond/BentonSansCondBold.woff2 was preloaded using link preload but not used within a few seconds from the window's load event. Please make sure it has an appropriate `as` value and it is preloaded intentionally.
[2026-06-07T02:30:57.273Z] [warning] The resource https://a.espncdn.com/fonts/_BentonSans/BentonSansRegular.woff2 was preloaded using link preload but not used within a few seconds from the window's load event. Please make sure it has an appropriate `as` value and it is preloaded intentionally.
[2026-06-07T02:31:07.365Z] [warning] The resource https://a.espncdn.com/fonts/_BentonSans/BentonSansBlack.woff2 was preloaded using link preload but not used within a few seconds from the window's load event. Please make sure it has an appropriate `as` value and it is preloaded intentionally.
[2026-06-07T02:31:07.365Z] [warning] The resource https://a.espncdn.com/fonts/_BentonSansCond/BentonSansCondBold.woff2 was preloaded using link preload but not used within a few seconds from the window's load event. Please make sure it has an appropriate `as` value and it is preloaded intentionally.
[2026-06-07T02:31:07.365Z] [warning] The resource https://a.espncdn.com/fonts/_BentonSans/BentonSansRegular.woff2 was preloaded using link preload but not used within a few seconds from the window's load event. Please make sure it has an appropriate `as` value and it is preloaded intentionally.
[2026-06-07T02:31:17.276Z] [warning] The resource https://a.espncdn.com/fonts/_BentonSans/BentonSansBlack.woff2 was preloaded using link preload but not used within a few seconds from the window's load event. Please make sure it has an appropriate `as` value and it is preloaded intentionally.
[2026-06-07T02:31:17.276Z] [warning] The resource https://a.espncdn.com/fonts/_BentonSansCond/BentonSansCondBold.woff2 was preloaded using link preload but not used within a few seconds from the window's load event. Please make sure it has an appropriate `as` value and it is preloaded intentionally.
[2026-06-07T02:31:17.276Z] [warning] The resource https://a.espncdn.com/fonts/_BentonSans/BentonSansRegular.woff2 was preloaded using link preload but not used within a few seconds from the window's load event. Please make sure it has an appropriate `as` value and it is preloaded intentionally.
[2026-06-07T02:31:27.275Z] [warning] The resource https://a.espncdn.com/fonts/_BentonSans/BentonSansBlack.woff2 was preloaded using link preload but not used within a few seconds from the window's load event. Please make sure it has an appropriate `as` value and it is preloaded intentionally.
[2026-06-07T02:31:27.275Z] [warning] The resource https://a.espncdn.com/fonts/_BentonSansCond/BentonSansCondBold.woff2 was preloaded using link preload but not used within a few seconds from the window's load event. Please make sure it has an appropriate `as` value and it is preloaded intentionally.
[2026-06-07T02:31:27.275Z] [warning] The resource https://a.espncdn.com/fonts/_BentonSans/BentonSansRegular.woff2 was preloaded using link preload but not used within a few seconds from the window's load event. Please make sure it has an appropriate `as` value and it is preloaded intentionally.
[2026-06-07T02:31:37.622Z] [warning] The resource https://a.espncdn.com/fonts/_BentonSans/BentonSansBlack.woff2 was preloaded using link preload but not used within a few seconds from the window's load event. Please make sure it has an appropriate `as` value and it is preloaded intentionally.
[2026-06-07T02:31:37.622Z] [warning] The resource https://a.espncdn.com/fonts/_BentonSansCond/BentonSansCondBold.woff2 was preloaded using link preload but not used within a few seconds from the window's load event. Please make sure it has an appropriate `as` value and it is preloaded intentionally.
[2026-06-07T02:31:37.622Z] [warning] The resource https://a.espncdn.com/fonts/_BentonSans/BentonSansRegular.woff2 was preloaded using link preload but not used within a few seconds from the window's load event. Please make sure it has an appropriate `as` value and it is preloaded intentionally.
[2026-06-07T02:31:47.276Z] [warning] The resource https://a.espncdn.com/fonts/_BentonSans/BentonSansBlack.woff2 was preloaded using link preload but not used within a few seconds from the window's load event. Please make sure it has an appropriate `as` value and it is preloaded intentionally.
[2026-06-07T02:31:47.276Z] [warning] The resource https://a.espncdn.com/fonts/_BentonSansCond/BentonSansCondBold.woff2 was preloaded using link preload but not used within a few seconds from the window's load event. Please make sure it has an appropriate `as` value and it is preloaded intentionally.
[2026-06-07T02:31:47.276Z] [warning] The resource https://a.espncdn.com/fonts/_BentonSans/BentonSansRegular.woff2 was preloaded using link preload but not used within a few seconds from the window's load event. Please make sure it has an appropriate `as` value and it is preloaded intentionally.
[2026-06-07T02:31:57.275Z] [warning] The resource https://a.espncdn.com/fonts/_BentonSans/BentonSansBlack.woff2 was preloaded using link preload but not used within a few seconds from the window's load event. Please make sure it has an appropriate `as` value and it is preloaded intentionally.
[2026-06-07T02:31:57.275Z] [warning] The resource https://a.espncdn.com/fonts/_BentonSansCond/BentonSansCondBold.woff2 was preloaded using link preload but not used within a few seconds from the window's load event. Please make sure it has an appropriate `as` value and it is preloaded intentionally.
[2026-06-07T02:31:57.275Z] [warning] The resource https://a.espncdn.com/fonts/_BentonSans/BentonSansRegular.woff2 was preloaded using link preload but not used within a few seconds from the window's load event. Please make sure it has an appropriate `as` value and it is preloaded intentionally.
[2026-06-07T02:32:07.275Z] [warning] The resource https://a.espncdn.com/fonts/_BentonSans/BentonSansBlack.woff2 was preloaded using link preload but not used within a few seconds from the window's load event. Please make sure it has an appropriate `as` value and it is preloaded intentionally.
[2026-06-07T02:32:07.275Z] [warning] The resource https://a.espncdn.com/fonts/_BentonSansCond/BentonSansCondBold.woff2 was preloaded using link preload but not used within a few seconds from the window's load event. Please make sure it has an appropriate `as` value and it is preloaded intentionally.
[2026-06-07T02:32:07.275Z] [warning] The resource https://a.espncdn.com/fonts/_BentonSans/BentonSansRegular.woff2 was preloaded using link preload but not used within a few seconds from the window's load event. Please make sure it has an appropriate `as` value and it is preloaded intentionally.
[2026-06-07T02:32:17.622Z] [warning] The resource https://a.espncdn.com/fonts/_BentonSans/BentonSansBlack.woff2 was preloaded using link preload but not used within a few seconds from the window's load event. Please make sure it has an appropriate `as` value and it is preloaded intentionally.
[2026-06-07T02:32:17.622Z] [warning] The resource https://a.espncdn.com/fonts/_BentonSansCond/BentonSansCondBold.woff2 was preloaded using link preload but not used within a few seconds from the window's load event. Please make sure it has an appropriate `as` value and it is preloaded intentionally.
[2026-06-07T02:32:17.622Z] [warning] The resource https://a.espncdn.com/fonts/_BentonSans/BentonSansRegular.woff2 was preloaded using link preload but not used within a few seconds from the window's load event. Please make sure it has an appropriate `as` value and it is preloaded intentionally.
[2026-06-07T02:32:27.272Z] [warning] The resource https://a.espncdn.com/fonts/_BentonSans/BentonSansBlack.woff2 was preloaded using link preload but not used within a few seconds from the window's load event. Please make sure it has an appropriate `as` value and it is preloaded intentionally.
[2026-06-07T02:32:27.272Z] [warning] The resource https://a.espncdn.com/fonts/_BentonSansCond/BentonSansCondBold.woff2 was preloaded using link preload but not used within a few seconds from the window's load event. Please make sure it has an appropriate `as` value and it is preloaded intentionally.
[2026-06-07T02:32:27.272Z] [warning] The resource https://a.espncdn.com/fonts/_BentonSans/BentonSansRegular.woff2 was preloaded using link preload but not used within a few seconds from the window's load event. Please make sure it has an appropriate `as` value and it is preloaded intentionally.
[2026-06-07T02:32:37.275Z] [warning] The resource https://a.espncdn.com/fonts/_BentonSans/BentonSansBlack.woff2 was preloaded using link preload but not used within a few seconds from the window's load event. Please make sure it has an appropriate `as` value and it is preloaded intentionally.
[2026-06-07T02:32:37.275Z] [warning] The resource https://a.espncdn.com/fonts/_BentonSansCond/BentonSansCondBold.woff2 was preloaded using link preload but not used within a few seconds from the window's load event. Please make sure it has an appropriate `as` value and it is preloaded intentionally.
[2026-06-07T02:32:37.275Z] [warning] The resource https://a.espncdn.com/fonts/_BentonSans/BentonSansRegular.woff2 was preloaded using link preload but not used within a few seconds from the window's load event. Please make sure it has an appropriate `as` value and it is preloaded intentionally.
[2026-06-07T02:32:48.553Z] [warning] The resource https://a.espncdn.com/fonts/_BentonSans/BentonSansBlack.woff2 was preloaded using link preload but not used within a few seconds from the window's load event. Please make sure it has an appropriate `as` value and it is preloaded intentionally.
[2026-06-07T02:32:48.553Z] [warning] The resource https://a.espncdn.com/fonts/_BentonSansCond/BentonSansCondBold.woff2 was preloaded using link preload but not used within a few seconds from the window's load event. Please make sure it has an appropriate `as` value and it is preloaded intentionally.
[2026-06-07T02:32:48.553Z] [warning] The resource https://a.espncdn.com/fonts/_BentonSans/BentonSansRegular.woff2 was preloaded using link preload but not used within a few seconds from the window's load event. Please make sure it has an appropriate `as` value and it is preloaded intentionally.
[2026-06-07T02:32:57.615Z] [warning] The resource https://a.espncdn.com/fonts/_BentonSans/BentonSansBlack.woff2 was preloaded using link preload but not used within a few seconds from the window's load event. Please make sure it has an appropriate `as` value and it is preloaded intentionally.
[2026-06-07T02:32:57.615Z] [warning] The resource https://a.espncdn.com/fonts/_BentonSansCond/BentonSansCondBold.woff2 was preloaded using link preload but not used within a few seconds from the window's load event. Please make sure it has an appropriate `as` value and it is preloaded intentionally.
[2026-06-07T02:32:57.615Z] [warning] The resource https://a.espncdn.com/fonts/_BentonSans/BentonSansRegular.woff2 was preloaded using link preload but not used within a few seconds from the window's load event. Please make sure it has an appropriate `as` value and it is preloaded intentionally.
[2026-06-07T02:33:07.271Z] [warning] The resource https://a.espncdn.com/fonts/_BentonSans/BentonSansBlack.woff2 was preloaded using link preload but not used within a few seconds from the window's load event. Please make sure it has an appropriate `as` value and it is preloaded intentionally.
[2026-06-07T02:33:07.271Z] [warning] The resource https://a.espncdn.com/fonts/_BentonSansCond/BentonSansCondBold.woff2 was preloaded using link preload but not used within a few seconds from the window's load event. Please make sure it has an appropriate `as` value and it is preloaded intentionally.
[2026-06-07T02:33:07.271Z] [warning] The resource https://a.espncdn.com/fonts/_BentonSans/BentonSansRegular.woff2 was preloaded using link preload but not used within a few seconds from the window's load event. Please make sure it has an appropriate `as` value and it is preloaded intentionally.
[2026-06-07T02:33:17.274Z] [warning] The resource https://a.espncdn.com/fonts/_BentonSans/BentonSansBlack.woff2 was preloaded using link preload but not used within a few seconds from the window's load event. Please make sure it has an appropriate `as` value and it is preloaded intentionally.
[2026-06-07T02:33:17.275Z] [warning] The resource https://a.espncdn.com/fonts/_BentonSansCond/BentonSansCondBold.woff2 was preloaded using link preload but not used within a few seconds from the window's load event. Please make sure it has an appropriate `as` value and it is preloaded intentionally.
[2026-06-07T02:33:17.275Z] [warning] The resource https://a.espncdn.com/fonts/_BentonSans/BentonSansRegular.woff2 was preloaded using link preload but not used within a few seconds from the window's load event. Please make sure it has an appropriate `as` value and it is preloaded intentionally.
[2026-06-07T02:33:20.344Z] [warning] The resource https://a.espncdn.com/fonts/_BentonSans/BentonSansBlack.woff2 was preloaded using link preload but not used within a few seconds from the window's load event. Please make sure it has an appropriate `as` value and it is preloaded intentionally.
[2026-06-07T02:33:20.344Z] [warning] The resource https://a.espncdn.com/fonts/_BentonSansCond/BentonSansCondBold.woff2 was preloaded using link preload but not used within a few seconds from the window's load event. Please make sure it has an appropriate `as` value and it is preloaded intentionally.
[2026-06-07T02:33:20.344Z] [warning] The resource https://a.espncdn.com/fonts/_BentonSans/BentonSansRegular.woff2 was preloaded using link preload but not used within a few seconds from the window's load event. Please make sure it has an appropriate `as` value and it is preloaded intentionally.
[2026-06-07T02:33:27.903Z] [warning] The resource https://a.espncdn.com/fonts/_BentonSans/BentonSansBlack.woff2 was preloaded using link preload but not used within a few seconds from the window's load event. Please make sure it has an appropriate `as` value and it is preloaded intentionally.
[2026-06-07T02:33:27.903Z] [warning] The resource https://a.espncdn.com/fonts/_BentonSansCond/BentonSansCondBold.woff2 was preloaded using link preload but not used within a few seconds from the window's load event. Please make sure it has an appropriate `as` value and it is preloaded intentionally.
[2026-06-07T02:33:27.903Z] [warning] The resource https://a.espncdn.com/fonts/_BentonSans/BentonSansRegular.woff2 was preloaded using link preload but not used within a few seconds from the window's load event. Please make sure it has an appropriate `as` value and it is preloaded intentionally.
[2026-06-07T02:33:37.271Z] [warning] The resource https://a.espncdn.com/fonts/_BentonSans/BentonSansBlack.woff2 was preloaded using link preload but not used within a few seconds from the window's load event. Please make sure it has an appropriate `as` value and it is preloaded intentionally.
[2026-06-07T02:33:37.271Z] [warning] The resource https://a.espncdn.com/fonts/_BentonSansCond/BentonSansCondBold.woff2 was preloaded using link preload but not used within a few seconds from the window's load event. Please make sure it has an appropriate `as` value and it is preloaded intentionally.
[2026-06-07T02:33:37.271Z] [warning] The resource https://a.espncdn.com/fonts/_BentonSans/BentonSansRegular.woff2 was preloaded using link preload but not used within a few seconds from the window's load event. Please make sure it has an appropriate `as` value and it is preloaded intentionally.
[2026-06-07T02:33:47.277Z] [warning] The resource https://a.espncdn.com/fonts/_BentonSans/BentonSansBlack.woff2 was preloaded using link preload but not used within a few seconds from the window's load event. Please make sure it has an appropriate `as` value and it is preloaded intentionally.
[2026-06-07T02:33:47.277Z] [warning] The resource https://a.espncdn.com/fonts/_BentonSansCond/BentonSansCondBold.woff2 was preloaded using link preload but not used within a few seconds from the window's load event. Please make sure it has an appropriate `as` value and it is preloaded intentionally.
[2026-06-07T02:33:47.277Z] [warning] The resource https://a.espncdn.com/fonts/_BentonSans/BentonSansRegular.woff2 was preloaded using link preload but not used within a few seconds from the window's load event. Please make sure it has an appropriate `as` value and it is preloaded intentionally.
[2026-06-07T02:33:57.276Z] [warning] The resource https://a.espncdn.com/fonts/_BentonSans/BentonSansBlack.woff2 was preloaded using link preload but not used within a few seconds from the window's load event. Please make sure it has an appropriate `as` value and it is preloaded intentionally.
[2026-06-07T02:33:57.276Z] [warning] The resource https://a.espncdn.com/fonts/_BentonSansCond/BentonSansCondBold.woff2 was preloaded using link preload but not used within a few seconds from the window's load event. Please make sure it has an appropriate `as` value and it is preloaded intentionally.
[2026-06-07T02:33:57.276Z] [warning] The resource https://a.espncdn.com/fonts/_BentonSans/BentonSansRegular.woff2 was preloaded using link preload but not used within a few seconds from the window's load event. Please make sure it has an appropriate `as` value and it is preloaded intentionally.
[2026-06-07T02:34:07.278Z] [warning] The resource https://a.espncdn.com/fonts/_BentonSans/BentonSansBlack.woff2 was preloaded using link preload but not used within a few seconds from the window's load event. Please make sure it has an appropriate `as` value and it is preloaded intentionally.
[2026-06-07T02:34:07.278Z] [warning] The resource https://a.espncdn.com/fonts/_BentonSansCond/BentonSansCondBold.woff2 was preloaded using link preload but not used within a few seconds from the window's load event. Please make sure it has an appropriate `as` value and it is preloaded intentionally.
[2026-06-07T02:34:07.278Z] [warning] The resource https://a.espncdn.com/fonts/_BentonSans/BentonSansRegular.woff2 was preloaded using link preload but not used within a few seconds from the window's load event. Please make sure it has an appropriate `as` value and it is preloaded intentionally.
[2026-06-07T02:34:17.278Z] [warning] The resource https://a.espncdn.com/fonts/_BentonSans/BentonSansBlack.woff2 was preloaded using link preload but not used within a few seconds from the window's load event. Please make sure it has an appropriate `as` value and it is preloaded intentionally.
[2026-06-07T02:34:17.279Z] [warning] The resource https://a.espncdn.com/fonts/_BentonSansCond/BentonSansCondBold.woff2 was preloaded using link preload but not used within a few seconds from the window's load event. Please make sure it has an appropriate `as` value and it is preloaded intentionally.
[2026-06-07T02:34:17.279Z] [warning] The resource https://a.espncdn.com/fonts/_BentonSans/BentonSansRegular.woff2 was preloaded using link preload but not used within a few seconds from the window's load event. Please make sure it has an appropriate `as` value and it is preloaded intentionally.
[2026-06-07T02:34:27.277Z] [warning] The resource https://a.espncdn.com/fonts/_BentonSans/BentonSansBlack.woff2 was preloaded using link preload but not used within a few seconds from the window's load event. Please make sure it has an appropriate `as` value and it is preloaded intentionally.
[2026-06-07T02:34:27.277Z] [warning] The resource https://a.espncdn.com/fonts/_BentonSansCond/BentonSansCondBold.woff2 was preloaded using link preload but not used within a few seconds from the window's load event. Please make sure it has an appropriate `as` value and it is preloaded intentionally.
[2026-06-07T02:34:27.277Z] [warning] The resource https://a.espncdn.com/fonts/_BentonSans/BentonSansRegular.woff2 was preloaded using link preload but not used within a few seconds from the window's load event. Please make sure it has an appropriate `as` value and it is preloaded intentionally.
[2026-06-07T02:34:37.275Z] [warning] The resource https://a.espncdn.com/fonts/_BentonSans/BentonSansBlack.woff2 was preloaded using link preload but not used within a few seconds from the window's load event. Please make sure it has an appropriate `as` value and it is preloaded intentionally.
[2026-06-07T02:34:37.275Z] [warning] The resource https://a.espncdn.com/fonts/_BentonSansCond/BentonSansCondBold.woff2 was preloaded using link preload but not used within a few seconds from the window's load event. Please make sure it has an appropriate `as` value and it is preloaded intentionally.
[2026-06-07T02:34:37.275Z] [warning] The resource https://a.espncdn.com/fonts/_BentonSans/BentonSansRegular.woff2 was preloaded using link preload but not used within a few seconds from the window's load event. Please make sure it has an appropriate `as` value and it is preloaded intentionally.
[2026-06-07T02:34:47.277Z] [warning] The resource https://a.espncdn.com/fonts/_BentonSans/BentonSansBlack.woff2 was preloaded using link preload but not used within a few seconds from the window's load event. Please make sure it has an appropriate `as` value and it is preloaded intentionally.
[2026-06-07T02:34:47.278Z] [warning] The resource https://a.espncdn.com/fonts/_BentonSansCond/BentonSansCondBold.woff2 was preloaded using link preload but not used within a few seconds from the window's load event. Please make sure it has an appropriate `as` value and it is preloaded intentionally.
[2026-06-07T02:34:47.278Z] [warning] The resource https://a.espncdn.com/fonts/_BentonSans/BentonSansRegular.woff2 was preloaded using link preload but not used within a few seconds from the window's load event. Please make sure it has an appropriate `as` value and it is preloaded intentionally.
[2026-06-07T02:34:57.272Z] [warning] The resource https://a.espncdn.com/fonts/_BentonSans/BentonSansBlack.woff2 was preloaded using link preload but not used within a few seconds from the window's load event. Please make sure it has an appropriate `as` value and it is preloaded intentionally.
[2026-06-07T02:34:57.272Z] [warning] The resource https://a.espncdn.com/fonts/_BentonSansCond/BentonSansCondBold.woff2 was preloaded using link preload but not used within a few seconds from the window's load event. Please make sure it has an appropriate `as` value and it is preloaded intentionally.
[2026-06-07T02:34:57.272Z] [warning] The resource https://a.espncdn.com/fonts/_BentonSans/BentonSansRegular.woff2 was preloaded using link preload but not used within a few seconds from the window's load event. Please make sure it has an appropriate `as` value and it is preloaded intentionally.
[2026-06-07T02:35:07.276Z] [warning] The resource https://a.espncdn.com/fonts/_BentonSans/BentonSansBlack.woff2 was preloaded using link preload but not used within a few seconds from the window's load event. Please make sure it has an appropriate `as` value and it is preloaded intentionally.
[2026-06-07T02:35:07.276Z] [warning] The resource https://a.espncdn.com/fonts/_BentonSansCond/BentonSansCondBold.woff2 was preloaded using link preload but not used within a few seconds from the window's load event. Please make sure it has an appropriate `as` value and it is preloaded intentionally.
[2026-06-07T02:35:07.276Z] [warning] The resource https://a.espncdn.com/fonts/_BentonSans/BentonSansRegular.woff2 was preloaded using link preload but not used within a few seconds from the window's load event. Please make sure it has an appropriate `as` value and it is preloaded intentionally.
[2026-06-07T02:35:17.719Z] [warning] The resource https://a.espncdn.com/fonts/_BentonSans/BentonSansBlack.woff2 was preloaded using link preload but not used within a few seconds from the window's load event. Please make sure it has an appropriate `as` value and it is preloaded intentionally.
[2026-06-07T02:35:17.719Z] [warning] The resource https://a.espncdn.com/fonts/_BentonSansCond/BentonSansCondBold.woff2 was preloaded using link preload but not used within a few seconds from the window's load event. Please make sure it has an appropriate `as` value and it is preloaded intentionally.
[2026-06-07T02:35:17.719Z] [warning] The resource https://a.espncdn.com/fonts/_BentonSans/BentonSansRegular.woff2 was preloaded using link preload but not used within a few seconds from the window's load event. Please make sure it has an appropriate `as` value and it is preloaded intentionally.
[2026-06-07T02:35:27.275Z] [warning] The resource https://a.espncdn.com/fonts/_BentonSans/BentonSansBlack.woff2 was preloaded using link preload but not used within a few seconds from the window's load event. Please make sure it has an appropriate `as` value and it is preloaded intentionally.
[2026-06-07T02:35:27.275Z] [warning] The resource https://a.espncdn.com/fonts/_BentonSansCond/BentonSansCondBold.woff2 was preloaded using link preload but not used within a few seconds from the window's load event. Please make sure it has an appropriate `as` value and it is preloaded intentionally.
[2026-06-07T02:35:27.275Z] [warning] The resource https://a.espncdn.com/fonts/_BentonSans/BentonSansRegular.woff2 was preloaded using link preload but not used within a few seconds from the window's load event. Please make sure it has an appropriate `as` value and it is preloaded intentionally.
[2026-06-07T02:35:37.280Z] [warning] The resource https://a.espncdn.com/fonts/_BentonSans/BentonSansBlack.woff2 was preloaded using link preload but not used within a few seconds from the window's load event. Please make sure it has an appropriate `as` value and it is preloaded intentionally.
[2026-06-07T02:35:37.280Z] [warning] The resource https://a.espncdn.com/fonts/_BentonSansCond/BentonSansCondBold.woff2 was preloaded using link preload but not used within a few seconds from the window's load event. Please make sure it has an appropriate `as` value and it is preloaded intentionally.
[2026-06-07T02:35:37.280Z] [warning] The resource https://a.espncdn.com/fonts/_BentonSans/BentonSansRegular.woff2 was preloaded using link preload but not used within a few seconds from the window's load event. Please make sure it has an appropriate `as` value and it is preloaded intentionally.
[2026-06-07T02:35:47.280Z] [warning] The resource https://a.espncdn.com/fonts/_BentonSans/BentonSansBlack.woff2 was preloaded using link preload but not used within a few seconds from the window's load event. Please make sure it has an appropriate `as` value and it is preloaded intentionally.
[2026-06-07T02:35:47.281Z] [warning] The resource https://a.espncdn.com/fonts/_BentonSansCond/BentonSansCondBold.woff2 was preloaded using link preload but not used within a few seconds from the window's load event. Please make sure it has an appropriate `as` value and it is preloaded intentionally.
[2026-06-07T02:35:47.281Z] [warning] The resource https://a.espncdn.com/fonts/_BentonSans/BentonSansRegular.woff2 was preloaded using link preload but not used within a few seconds from the window's load event. Please make sure it has an appropriate `as` value and it is preloaded intentionally.
[2026-06-07T02:35:57.279Z] [warning] The resource https://a.espncdn.com/fonts/_BentonSans/BentonSansBlack.woff2 was preloaded using link preload but not used within a few seconds from the window's load event. Please make sure it has an appropriate `as` value and it is preloaded intentionally.
[2026-06-07T02:35:57.279Z] [warning] The resource https://a.espncdn.com/fonts/_BentonSansCond/BentonSansCondBold.woff2 was preloaded using link preload but not used within a few seconds from the window's load event. Please make sure it has an appropriate `as` value and it is preloaded intentionally.
[2026-06-07T02:35:57.279Z] [warning] The resource https://a.espncdn.com/fonts/_BentonSans/BentonSansRegular.woff2 was preloaded using link preload but not used within a few seconds from the window's load event. Please make sure it has an appropriate `as` value and it is preloaded intentionally.
[2026-06-07T02:36:07.278Z] [warning] The resource https://a.espncdn.com/fonts/_BentonSans/BentonSansBlack.woff2 was preloaded using link preload but not used within a few seconds from the window's load event. Please make sure it has an appropriate `as` value and it is preloaded intentionally.
[2026-06-07T02:36:07.278Z] [warning] The resource https://a.espncdn.com/fonts/_BentonSansCond/BentonSansCondBold.woff2 was preloaded using link preload but not used within a few seconds from the window's load event. Please make sure it has an appropriate `as` value and it is preloaded intentionally.
[2026-06-07T02:36:07.278Z] [warning] The resource https://a.espncdn.com/fonts/_BentonSans/BentonSansRegular.woff2 was preloaded using link preload but not used within a few seconds from the window's load event. Please make sure it has an appropriate `as` value and it is preloaded intentionally.
[2026-06-07T02:36:17.273Z] [warning] The resource https://a.espncdn.com/fonts/_BentonSans/BentonSansBlack.woff2 was preloaded using link preload but not used within a few seconds from the window's load event. Please make sure it has an appropriate `as` value and it is preloaded intentionally.
[2026-06-07T02:36:17.273Z] [warning] The resource https://a.espncdn.com/fonts/_BentonSansCond/BentonSansCondBold.woff2 was preloaded using link preload but not used within a few seconds from the window's load event. Please make sure it has an appropriate `as` value and it is preloaded intentionally.
[2026-06-07T02:36:17.273Z] [warning] The resource https://a.espncdn.com/fonts/_BentonSans/BentonSansRegular.woff2 was preloaded using link preload but not used within a few seconds from the window's load event. Please make sure it has an appropriate `as` value and it is preloaded intentionally.
[2026-06-07T02:36:27.277Z] [warning] The resource https://a.espncdn.com/fonts/_BentonSans/BentonSansBlack.woff2 was preloaded using link preload but not used within a few seconds from the window's load event. Please make sure it has an appropriate `as` value and it is preloaded intentionally.
[2026-06-07T02:36:27.277Z] [warning] The resource https://a.espncdn.com/fonts/_BentonSansCond/BentonSansCondBold.woff2 was preloaded using link preload but not used within a few seconds from the window's load event. Please make sure it has an appropriate `as` value and it is preloaded intentionally.
[2026-06-07T02:36:27.277Z] [warning] The resource https://a.espncdn.com/fonts/_BentonSans/BentonSansRegular.woff2 was preloaded using link preload but not used within a few seconds from the window's load event. Please make sure it has an appropriate `as` value and it is preloaded intentionally.
[2026-06-07T02:36:37.690Z] [warning] The resource https://a.espncdn.com/fonts/_BentonSans/BentonSansBlack.woff2 was preloaded using link preload but not used within a few seconds from the window's load event. Please make sure it has an appropriate `as` value and it is preloaded intentionally.
[2026-06-07T02:36:37.690Z] [warning] The resource https://a.espncdn.com/fonts/_BentonSansCond/BentonSansCondBold.woff2 was preloaded using link preload but not used within a few seconds from the window's load event. Please make sure it has an appropriate `as` value and it is preloaded intentionally.
[2026-06-07T02:36:37.690Z] [warning] The resource https://a.espncdn.com/fonts/_BentonSans/BentonSansRegular.woff2 was preloaded using link preload but not used within a few seconds from the window's load event. Please make sure it has an appropriate `as` value and it is preloaded intentionally.
[2026-06-07T02:36:47.278Z] [warning] The resource https://a.espncdn.com/fonts/_BentonSans/BentonSansBlack.woff2 was preloaded using link preload but not used within a few seconds from the window's load event. Please make sure it has an appropriate `as` value and it is preloaded intentionally.
[2026-06-07T02:36:47.278Z] [warning] The resource https://a.espncdn.com/fonts/_BentonSansCond/BentonSansCondBold.woff2 was preloaded using link preload but not used within a few seconds from the window's load event. Please make sure it has an appropriate `as` value and it is preloaded intentionally.
[2026-06-07T02:36:47.278Z] [warning] The resource https://a.espncdn.com/fonts/_BentonSans/BentonSansRegular.woff2 was preloaded using link preload but not used within a few seconds from the window's load event. Please make sure it has an appropriate `as` value and it is preloaded intentionally.
[2026-06-07T02:36:57.277Z] [warning] The resource https://a.espncdn.com/fonts/_BentonSans/BentonSansBlack.woff2 was preloaded using link preload but not used within a few seconds from the window's load event. Please make sure it has an appropriate `as` value and it is preloaded intentionally.
[2026-06-07T02:36:57.277Z] [warning] The resource https://a.espncdn.com/fonts/_BentonSansCond/BentonSansCondBold.woff2 was preloaded using link preload but not used within a few seconds from the window's load event. Please make sure it has an appropriate `as` value and it is preloaded intentionally.
[2026-06-07T02:36:57.277Z] [warning] The resource https://a.espncdn.com/fonts/_BentonSans/BentonSansRegular.woff2 was preloaded using link preload but not used within a few seconds from the window's load event. Please make sure it has an appropriate `as` value and it is preloaded intentionally.
[2026-06-07T02:37:03.548Z] [warning] The resource https://a.espncdn.com/fonts/_BentonSans/BentonSansBlack.woff2 was preloaded using link preload but not used within a few seconds from the window's load event. Please make sure it has an appropriate `as` value and it is preloaded intentionally.
[2026-06-07T02:37:03.548Z] [warning] The resource https://a.espncdn.com/fonts/_BentonSansCond/BentonSansCondBold.woff2 was preloaded using link preload but not used within a few seconds from the window's load event. Please make sure it has an appropriate `as` value and it is preloaded intentionally.
[2026-06-07T02:37:03.548Z] [warning] The resource https://a.espncdn.com/fonts/_BentonSans/BentonSansRegular.woff2 was preloaded using link preload but not used within a few seconds from the window's load event. Please make sure it has an appropriate `as` value and it is preloaded intentionally.
[2026-06-07T02:37:07.279Z] [warning] The resource https://a.espncdn.com/fonts/_BentonSans/BentonSansBlack.woff2 was preloaded using link preload but not used within a few seconds from the window's load event. Please make sure it has an appropriate `as` value and it is preloaded intentionally.
[2026-06-07T02:37:07.279Z] [warning] The resource https://a.espncdn.com/fonts/_BentonSansCond/BentonSansCondBold.woff2 was preloaded using link preload but not used within a few seconds from the window's load event. Please make sure it has an appropriate `as` value and it is preloaded intentionally.
[2026-06-07T02:37:07.279Z] [warning] The resource https://a.espncdn.com/fonts/_BentonSans/BentonSansRegular.woff2 was preloaded using link preload but not used within a few seconds from the window's load event. Please make sure it has an appropriate `as` value and it is preloaded intentionally.
[2026-06-07T02:37:17.275Z] [warning] The resource https://a.espncdn.com/fonts/_BentonSans/BentonSansBlack.woff2 was preloaded using link preload but not used within a few seconds from the window's load event. Please make sure it has an appropriate `as` value and it is preloaded intentionally.
[2026-06-07T02:37:17.275Z] [warning] The resource https://a.espncdn.com/fonts/_BentonSansCond/BentonSansCondBold.woff2 was preloaded using link preload but not used within a few seconds from the window's load event. Please make sure it has an appropriate `as` value and it is preloaded intentionally.
[2026-06-07T02:37:17.275Z] [warning] The resource https://a.espncdn.com/fonts/_BentonSans/BentonSansRegular.woff2 was preloaded using link preload but not used within a few seconds from the window's load event. Please make sure it has an appropriate `as` value and it is preloaded intentionally.
[2026-06-07T02:37:27.279Z] [warning] The resource https://a.espncdn.com/fonts/_BentonSans/BentonSansBlack.woff2 was preloaded using link preload but not used within a few seconds from the window's load event. Please make sure it has an appropriate `as` value and it is preloaded intentionally.
[2026-06-07T02:37:27.279Z] [warning] The resource https://a.espncdn.com/fonts/_BentonSansCond/BentonSansCondBold.woff2 was preloaded using link preload but not used within a few seconds from the window's load event. Please make sure it has an appropriate `as` value and it is preloaded intentionally.
[2026-06-07T02:37:27.279Z] [warning] The resource https://a.espncdn.com/fonts/_BentonSans/BentonSansRegular.woff2 was preloaded using link preload but not used within a few seconds from the window's load event. Please make sure it has an appropriate `as` value and it is preloaded intentionally.
[2026-06-07T02:37:37.276Z] [warning] The resource https://a.espncdn.com/fonts/_BentonSans/BentonSansBlack.woff2 was preloaded using link preload but not used within a few seconds from the window's load event. Please make sure it has an appropriate `as` value and it is preloaded intentionally.
[2026-06-07T02:37:37.276Z] [warning] The resource https://a.espncdn.com/fonts/_BentonSansCond/BentonSansCondBold.woff2 was preloaded using link preload but not used within a few seconds from the window's load event. Please make sure it has an appropriate `as` value and it is preloaded intentionally.
[2026-06-07T02:37:37.276Z] [warning] The resource https://a.espncdn.com/fonts/_BentonSans/BentonSansRegular.woff2 was preloaded using link preload but not used within a few seconds from the window's load event. Please make sure it has an appropriate `as` value and it is preloaded intentionally.
[2026-06-07T02:37:47.367Z] [warning] The resource https://a.espncdn.com/fonts/_BentonSans/BentonSansBlack.woff2 was preloaded using link preload but not used within a few seconds from the window's load event. Please make sure it has an appropriate `as` value and it is preloaded intentionally.
[2026-06-07T02:37:47.367Z] [warning] The resource https://a.espncdn.com/fonts/_BentonSansCond/BentonSansCondBold.woff2 was preloaded using link preload but not used within a few seconds from the window's load event. Please make sure it has an appropriate `as` value and it is preloaded intentionally.
[2026-06-07T02:37:47.367Z] [warning] The resource https://a.espncdn.com/fonts/_BentonSans/BentonSansRegular.woff2 was preloaded using link preload but not used within a few seconds from the window's load event. Please make sure it has an appropriate `as` value and it is preloaded intentionally.
[2026-06-07T02:37:57.279Z] [warning] The resource https://a.espncdn.com/fonts/_BentonSans/BentonSansBlack.woff2 was preloaded using link preload but not used within a few seconds from the window's load event. Please make sure it has an appropriate `as` value and it is preloaded intentionally.
[2026-06-07T02:37:57.279Z] [warning] The resource https://a.espncdn.com/fonts/_BentonSansCond/BentonSansCondBold.woff2 was preloaded using link preload but not used within a few seconds from the window's load event. Please make sure it has an appropriate `as` value and it is preloaded intentionally.
[2026-06-07T02:37:57.279Z] [warning] The resource https://a.espncdn.com/fonts/_BentonSans/BentonSansRegular.woff2 was preloaded using link preload but not used within a few seconds from the window's load event. Please make sure it has an appropriate `as` value and it is preloaded intentionally.
[2026-06-07T02:38:07.279Z] [warning] The resource https://a.espncdn.com/fonts/_BentonSans/BentonSansBlack.woff2 was preloaded using link preload but not used within a few seconds from the window's load event. Please make sure it has an appropriate `as` value and it is preloaded intentionally.
[2026-06-07T02:38:07.279Z] [warning] The resource https://a.espncdn.com/fonts/_BentonSansCond/BentonSansCondBold.woff2 was preloaded using link preload but not used within a few seconds from the window's load event. Please make sure it has an appropriate `as` value and it is preloaded intentionally.
[2026-06-07T02:38:07.279Z] [warning] The resource https://a.espncdn.com/fonts/_BentonSans/BentonSansRegular.woff2 was preloaded using link preload but not used within a few seconds from the window's load event. Please make sure it has an appropriate `as` value and it is preloaded intentionally.
[2026-06-07T02:38:19.744Z] [warning] The resource https://a.espncdn.com/fonts/_BentonSans/BentonSansBlack.woff2 was preloaded using link preload but not used within a few seconds from the window's load event. Please make sure it has an appropriate `as` value and it is preloaded intentionally.
[2026-06-07T02:38:19.744Z] [warning] The resource https://a.espncdn.com/fonts/_BentonSansCond/BentonSansCondBold.woff2 was preloaded using link preload but not used within a few seconds from the window's load event. Please make sure it has an appropriate `as` value and it is preloaded intentionally.
[2026-06-07T02:38:19.744Z] [warning] The resource https://a.espncdn.com/fonts/_BentonSans/BentonSansRegular.woff2 was preloaded using link preload but not used within a few seconds from the window's load event. Please make sure it has an appropriate `as` value and it is preloaded intentionally.
[2026-06-07T02:38:27.281Z] [warning] The resource https://a.espncdn.com/fonts/_BentonSans/BentonSansBlack.woff2 was preloaded using link preload but not used within a few seconds from the window's load event. Please make sure it has an appropriate `as` value and it is preloaded intentionally.
[2026-06-07T02:38:27.281Z] [warning] The resource https://a.espncdn.com/fonts/_BentonSansCond/BentonSansCondBold.woff2 was preloaded using link preload but not used within a few seconds from the window's load event. Please make sure it has an appropriate `as` value and it is preloaded intentionally.
[2026-06-07T02:38:27.281Z] [warning] The resource https://a.espncdn.com/fonts/_BentonSans/BentonSansRegular.woff2 was preloaded using link preload but not used within a few seconds from the window's load event. Please make sure it has an appropriate `as` value and it is preloaded intentionally.
[2026-06-07T02:38:37.273Z] [warning] The resource https://a.espncdn.com/fonts/_BentonSans/BentonSansBlack.woff2 was preloaded using link preload but not used within a few seconds from the window's load event. Please make sure it has an appropriate `as` value and it is preloaded intentionally.
[2026-06-07T02:38:37.273Z] [warning] The resource https://a.espncdn.com/fonts/_BentonSansCond/BentonSansCondBold.woff2 was preloaded using link preload but not used within a few seconds from the window's load event. Please make sure it has an appropriate `as` value and it is preloaded intentionally.
[2026-06-07T02:38:37.273Z] [warning] The resource https://a.espncdn.com/fonts/_BentonSans/BentonSansRegular.woff2 was preloaded using link preload but not used within a few seconds from the window's load event. Please make sure it has an appropriate `as` value and it is preloaded intentionally.
[2026-06-07T02:38:47.276Z] [warning] The resource https://a.espncdn.com/fonts/_BentonSans/BentonSansBlack.woff2 was preloaded using link preload but not used within a few seconds from the window's load event. Please make sure it has an appropriate `as` value and it is preloaded intentionally.
[2026-06-07T02:38:47.276Z] [warning] The resource https://a.espncdn.com/fonts/_BentonSansCond/BentonSansCondBold.woff2 was preloaded using link preload but not used within a few seconds from the window's load event. Please make sure it has an appropriate `as` value and it is preloaded intentionally.
[2026-06-07T02:38:47.276Z] [warning] The resource https://a.espncdn.com/fonts/_BentonSans/BentonSansRegular.woff2 was preloaded using link preload but not used within a few seconds from the window's load event. Please make sure it has an appropriate `as` value and it is preloaded intentionally.
[2026-06-07T02:38:57.276Z] [warning] The resource https://a.espncdn.com/fonts/_BentonSans/BentonSansBlack.woff2 was preloaded using link preload but not used within a few seconds from the window's load event. Please make sure it has an appropriate `as` value and it is preloaded intentionally.
[2026-06-07T02:38:57.276Z] [warning] The resource https://a.espncdn.com/fonts/_BentonSansCond/BentonSansCondBold.woff2 was preloaded using link preload but not used within a few seconds from the window's load event. Please make sure it has an appropriate `as` value and it is preloaded intentionally.
[2026-06-07T02:38:57.276Z] [warning] The resource https://a.espncdn.com/fonts/_BentonSans/BentonSansRegular.woff2 was preloaded using link preload but not used within a few seconds from the window's load event. Please make sure it has an appropriate `as` value and it is preloaded intentionally.
[2026-06-07T02:39:07.275Z] [warning] The resource https://a.espncdn.com/fonts/_BentonSans/BentonSansBlack.woff2 was preloaded using link preload but not used within a few seconds from the window's load event. Please make sure it has an appropriate `as` value and it is preloaded intentionally.
[2026-06-07T02:39:07.275Z] [warning] The resource https://a.espncdn.com/fonts/_BentonSansCond/BentonSansCondBold.woff2 was preloaded using link preload but not used within a few seconds from the window's load event. Please make sure it has an appropriate `as` value and it is preloaded intentionally.
[2026-06-07T02:39:07.275Z] [warning] The resource https://a.espncdn.com/fonts/_BentonSans/BentonSansRegular.woff2 was preloaded using link preload but not used within a few seconds from the window's load event. Please make sure it has an appropriate `as` value and it is preloaded intentionally.
[2026-06-07T02:39:17.279Z] [warning] The resource https://a.espncdn.com/fonts/_BentonSans/BentonSansBlack.woff2 was preloaded using link preload but not used within a few seconds from the window's load event. Please make sure it has an appropriate `as` value and it is preloaded intentionally.
[2026-06-07T02:39:17.279Z] [warning] The resource https://a.espncdn.com/fonts/_BentonSansCond/BentonSansCondBold.woff2 was preloaded using link preload but not used within a few seconds from the window's load event. Please make sure it has an appropriate `as` value and it is preloaded intentionally.
[2026-06-07T02:39:17.279Z] [warning] The resource https://a.espncdn.com/fonts/_BentonSans/BentonSansRegular.woff2 was preloaded using link preload but not used within a few seconds from the window's load event. Please make sure it has an appropriate `as` value and it is preloaded intentionally.
[2026-06-07T02:39:27.275Z] [warning] The resource https://a.espncdn.com/fonts/_BentonSans/BentonSansBlack.woff2 was preloaded using link preload but not used within a few seconds from the window's load event. Please make sure it has an appropriate `as` value and it is preloaded intentionally.
[2026-06-07T02:39:27.275Z] [warning] The resource https://a.espncdn.com/fonts/_BentonSansCond/BentonSansCondBold.woff2 was preloaded using link preload but not used within a few seconds from the window's load event. Please make sure it has an appropriate `as` value and it is preloaded intentionally.
[2026-06-07T02:39:27.275Z] [warning] The resource https://a.espncdn.com/fonts/_BentonSans/BentonSansRegular.woff2 was preloaded using link preload but not used within a few seconds from the window's load event. Please make sure it has an appropriate `as` value and it is preloaded intentionally.
[2026-06-07T02:39:37.367Z] [warning] The resource https://a.espncdn.com/fonts/_BentonSans/BentonSansBlack.woff2 was preloaded using link preload but not used within a few seconds from the window's load event. Please make sure it has an appropriate `as` value and it is preloaded intentionally.
[2026-06-07T02:39:37.367Z] [warning] The resource https://a.espncdn.com/fonts/_BentonSansCond/BentonSansCondBold.woff2 was preloaded using link preload but not used within a few seconds from the window's load event. Please make sure it has an appropriate `as` value and it is preloaded intentionally.
[2026-06-07T02:39:37.367Z] [warning] The resource https://a.espncdn.com/fonts/_BentonSans/BentonSansRegular.woff2 was preloaded using link preload but not used within a few seconds from the window's load event. Please make sure it has an appropriate `as` value and it is preloaded intentionally.
[2026-06-07T02:39:47.283Z] [warning] The resource https://a.espncdn.com/fonts/_BentonSans/BentonSansBlack.woff2 was preloaded using link preload but not used within a few seconds from the window's load event. Please make sure it has an appropriate `as` value and it is preloaded intentionally.
[2026-06-07T02:39:47.283Z] [warning] The resource https://a.espncdn.com/fonts/_BentonSansCond/BentonSansCondBold.woff2 was preloaded using link preload but not used within a few seconds from the window's load event. Please make sure it has an appropriate `as` value and it is preloaded intentionally.
[2026-06-07T02:39:47.283Z] [warning] The resource https://a.espncdn.com/fonts/_BentonSans/BentonSansRegular.woff2 was preloaded using link preload but not used within a few seconds from the window's load event. Please make sure it has an appropriate `as` value and it is preloaded intentionally.
[2026-06-07T02:39:57.286Z] [warning] The resource https://a.espncdn.com/fonts/_BentonSans/BentonSansBlack.woff2 was preloaded using link preload but not used within a few seconds from the window's load event. Please make sure it has an appropriate `as` value and it is preloaded intentionally.
[2026-06-07T02:39:57.286Z] [warning] The resource https://a.espncdn.com/fonts/_BentonSansCond/BentonSansCondBold.woff2 was preloaded using link preload but not used within a few seconds from the window's load event. Please make sure it has an appropriate `as` value and it is preloaded intentionally.
[2026-06-07T02:39:57.286Z] [warning] The resource https://a.espncdn.com/fonts/_BentonSans/BentonSansRegular.woff2 was preloaded using link preload but not used within a few seconds from the window's load event. Please make sure it has an appropriate `as` value and it is preloaded intentionally.
[2026-06-07T02:40:07.379Z] [warning] The resource https://a.espncdn.com/fonts/_BentonSans/BentonSansBlack.woff2 was preloaded using link preload but not used within a few seconds from the window's load event. Please make sure it has an appropriate `as` value and it is preloaded intentionally.
[2026-06-07T02:40:07.379Z] [warning] The resource https://a.espncdn.com/fonts/_BentonSansCond/BentonSansCondBold.woff2 was preloaded using link preload but not used within a few seconds from the window's load event. Please make sure it has an appropriate `as` value and it is preloaded intentionally.
[2026-06-07T02:40:07.379Z] [warning] The resource https://a.espncdn.com/fonts/_BentonSans/BentonSansRegular.woff2 was preloaded using link preload but not used within a few seconds from the window's load event. Please make sure it has an appropriate `as` value and it is preloaded intentionally.
[2026-06-07T02:40:17.292Z] [warning] The resource https://a.espncdn.com/fonts/_BentonSans/BentonSansBlack.woff2 was preloaded using link preload but not used within a few seconds from the window's load event. Please make sure it has an appropriate `as` value and it is preloaded intentionally.
[2026-06-07T02:40:17.292Z] [warning] The resource https://a.espncdn.com/fonts/_BentonSansCond/BentonSansCondBold.woff2 was preloaded using link preload but not used within a few seconds from the window's load event. Please make sure it has an appropriate `as` value and it is preloaded intentionally.
[2026-06-07T02:40:17.292Z] [warning] The resource https://a.espncdn.com/fonts/_BentonSans/BentonSansRegular.woff2 was preloaded using link preload but not used within a few seconds from the window's load event. Please make sure it has an appropriate `as` value and it is preloaded intentionally.
[2026-06-07T02:40:27.379Z] [warning] The resource https://a.espncdn.com/fonts/_BentonSans/BentonSansBlack.woff2 was preloaded using link preload but not used within a few seconds from the window's load event. Please make sure it has an appropriate `as` value and it is preloaded intentionally.
[2026-06-07T02:40:27.379Z] [warning] The resource https://a.espncdn.com/fonts/_BentonSansCond/BentonSansCondBold.woff2 was preloaded using link preload but not used within a few seconds from the window's load event. Please make sure it has an appropriate `as` value and it is preloaded intentionally.
[2026-06-07T02:40:27.379Z] [warning] The resource https://a.espncdn.com/fonts/_BentonSans/BentonSansRegular.woff2 was preloaded using link preload but not used within a few seconds from the window's load event. Please make sure it has an appropriate `as` value and it is preloaded intentionally.
[2026-06-07T02:40:37.292Z] [warning] The resource https://a.espncdn.com/fonts/_BentonSans/BentonSansBlack.woff2 was preloaded using link preload but not used within a few seconds from the window's load event. Please make sure it has an appropriate `as` value and it is preloaded intentionally.
[2026-06-07T02:40:37.292Z] [warning] The resource https://a.espncdn.com/fonts/_BentonSansCond/BentonSansCondBold.woff2 was preloaded using link preload but not used within a few seconds from the window's load event. Please make sure it has an appropriate `as` value and it is preloaded intentionally.
[2026-06-07T02:40:37.292Z] [warning] The resource https://a.espncdn.com/fonts/_BentonSans/BentonSansRegular.woff2 was preloaded using link preload but not used within a few seconds from the window's load event. Please make sure it has an appropriate `as` value and it is preloaded intentionally.
[2026-06-07T02:40:47.380Z] [warning] The resource https://a.espncdn.com/fonts/_BentonSans/BentonSansBlack.woff2 was preloaded using link preload but not used within a few seconds from the window's load event. Please make sure it has an appropriate `as` value and it is preloaded intentionally.
[2026-06-07T02:40:47.380Z] [warning] The resource https://a.espncdn.com/fonts/_BentonSansCond/BentonSansCondBold.woff2 was preloaded using link preload but not used within a few seconds from the window's load event. Please make sure it has an appropriate `as` value and it is preloaded intentionally.
[2026-06-07T02:40:47.380Z] [warning] The resource https://a.espncdn.com/fonts/_BentonSans/BentonSansRegular.woff2 was preloaded using link preload but not used within a few seconds from the window's load event. Please make sure it has an appropriate `as` value and it is preloaded intentionally.
[2026-06-07T02:40:57.385Z] [warning] The resource https://a.espncdn.com/fonts/_BentonSans/BentonSansBlack.woff2 was preloaded using link preload but not used within a few seconds from the window's load event. Please make sure it has an appropriate `as` value and it is preloaded intentionally.
[2026-06-07T02:40:57.385Z] [warning] The resource https://a.espncdn.com/fonts/_BentonSansCond/BentonSansCondBold.woff2 was preloaded using link preload but not used within a few seconds from the window's load event. Please make sure it has an appropriate `as` value and it is preloaded intentionally.
[2026-06-07T02:40:57.385Z] [warning] The resource https://a.espncdn.com/fonts/_BentonSans/BentonSansRegular.woff2 was preloaded using link preload but not used within a few seconds from the window's load event. Please make sure it has an appropriate `as` value and it is preloaded intentionally.
[2026-06-07T02:41:07.293Z] [warning] The resource https://a.espncdn.com/fonts/_BentonSans/BentonSansBlack.woff2 was preloaded using link preload but not used within a few seconds from the window's load event. Please make sure it has an appropriate `as` value and it is preloaded intentionally.
[2026-06-07T02:41:07.293Z] [warning] The resource https://a.espncdn.com/fonts/_BentonSansCond/BentonSansCondBold.woff2 was preloaded using link preload but not used within a few seconds from the window's load event. Please make sure it has an appropriate `as` value and it is preloaded intentionally.
[2026-06-07T02:41:07.293Z] [warning] The resource https://a.espncdn.com/fonts/_BentonSans/BentonSansRegular.woff2 was preloaded using link preload but not used within a few seconds from the window's load event. Please make sure it has an appropriate `as` value and it is preloaded intentionally.
[2026-06-07T02:41:18.579Z] [warning] The resource https://a.espncdn.com/fonts/_BentonSans/BentonSansBlack.woff2 was preloaded using link preload but not used within a few seconds from the window's load event. Please make sure it has an appropriate `as` value and it is preloaded intentionally.
[2026-06-07T02:41:18.579Z] [warning] The resource https://a.espncdn.com/fonts/_BentonSansCond/BentonSansCondBold.woff2 was preloaded using link preload but not used within a few seconds from the window's load event. Please make sure it has an appropriate `as` value and it is preloaded intentionally.
[2026-06-07T02:41:18.579Z] [warning] The resource https://a.espncdn.com/fonts/_BentonSans/BentonSansRegular.woff2 was preloaded using link preload but not used within a few seconds from the window's load event. Please make sure it has an appropriate `as` value and it is preloaded intentionally.
[2026-06-07T02:41:27.380Z] [warning] The resource https://a.espncdn.com/fonts/_BentonSans/BentonSansBlack.woff2 was preloaded using link preload but not used within a few seconds from the window's load event. Please make sure it has an appropriate `as` value and it is preloaded intentionally.
[2026-06-07T02:41:27.380Z] [warning] The resource https://a.espncdn.com/fonts/_BentonSansCond/BentonSansCondBold.woff2 was preloaded using link preload but not used within a few seconds from the window's load event. Please make sure it has an appropriate `as` value and it is preloaded intentionally.
[2026-06-07T02:41:27.380Z] [warning] The resource https://a.espncdn.com/fonts/_BentonSans/BentonSansRegular.woff2 was preloaded using link preload but not used within a few seconds from the window's load event. Please make sure it has an appropriate `as` value and it is preloaded intentionally.
[2026-06-07T02:41:37.288Z] [warning] The resource https://a.espncdn.com/fonts/_BentonSans/BentonSansBlack.woff2 was preloaded using link preload but not used within a few seconds from the window's load event. Please make sure it has an appropriate `as` value and it is preloaded intentionally.
[2026-06-07T02:41:37.288Z] [warning] The resource https://a.espncdn.com/fonts/_BentonSansCond/BentonSansCondBold.woff2 was preloaded using link preload but not used within a few seconds from the window's load event. Please make sure it has an appropriate `as` value and it is preloaded intentionally.
[2026-06-07T02:41:37.288Z] [warning] The resource https://a.espncdn.com/fonts/_BentonSans/BentonSansRegular.woff2 was preloaded using link preload but not used within a few seconds from the window's load event. Please make sure it has an appropriate `as` value and it is preloaded intentionally.
[2026-06-07T02:41:47.515Z] [warning] The resource https://a.espncdn.com/fonts/_BentonSans/BentonSansBlack.woff2 was preloaded using link preload but not used within a few seconds from the window's load event. Please make sure it has an appropriate `as` value and it is preloaded intentionally.
[2026-06-07T02:41:47.515Z] [warning] The resource https://a.espncdn.com/fonts/_BentonSansCond/BentonSansCondBold.woff2 was preloaded using link preload but not used within a few seconds from the window's load event. Please make sure it has an appropriate `as` value and it is preloaded intentionally.
[2026-06-07T02:41:47.515Z] [warning] The resource https://a.espncdn.com/fonts/_BentonSans/BentonSansRegular.woff2 was preloaded using link preload but not used within a few seconds from the window's load event. Please make sure it has an appropriate `as` value and it is preloaded intentionally.
[2026-06-07T02:41:57.291Z] [warning] The resource https://a.espncdn.com/fonts/_BentonSans/BentonSansBlack.woff2 was preloaded using link preload but not used within a few seconds from the window's load event. Please make sure it has an appropriate `as` value and it is preloaded intentionally.
[2026-06-07T02:41:57.292Z] [warning] The resource https://a.espncdn.com/fonts/_BentonSansCond/BentonSansCondBold.woff2 was preloaded using link preload but not used within a few seconds from the window's load event. Please make sure it has an appropriate `as` value and it is preloaded intentionally.
[2026-06-07T02:41:57.292Z] [warning] The resource https://a.espncdn.com/fonts/_BentonSans/BentonSansRegular.woff2 was preloaded using link preload but not used within a few seconds from the window's load event. Please make sure it has an appropriate `as` value and it is preloaded intentionally.
[2026-06-07T02:42:07.288Z] [warning] The resource https://a.espncdn.com/fonts/_BentonSans/BentonSansBlack.woff2 was preloaded using link preload but not used within a few seconds from the window's load event. Please make sure it has an appropriate `as` value and it is preloaded intentionally.
[2026-06-07T02:42:07.288Z] [warning] The resource https://a.espncdn.com/fonts/_BentonSansCond/BentonSansCondBold.woff2 was preloaded using link preload but not used within a few seconds from the window's load event. Please make sure it has an appropriate `as` value and it is preloaded intentionally.
[2026-06-07T02:42:07.288Z] [warning] The resource https://a.espncdn.com/fonts/_BentonSans/BentonSansRegular.woff2 was preloaded using link preload but not used within a few seconds from the window's load event. Please make sure it has an appropriate `as` value and it is preloaded intentionally.
[2026-06-07T02:42:17.288Z] [warning] The resource https://a.espncdn.com/fonts/_BentonSans/BentonSansBlack.woff2 was preloaded using link preload but not used within a few seconds from the window's load event. Please make sure it has an appropriate `as` value and it is preloaded intentionally.
[2026-06-07T02:42:17.288Z] [warning] The resource https://a.espncdn.com/fonts/_BentonSansCond/BentonSansCondBold.woff2 was preloaded using link preload but not used within a few seconds from the window's load event. Please make sure it has an appropriate `as` value and it is preloaded intentionally.
[2026-06-07T02:42:17.288Z] [warning] The resource https://a.espncdn.com/fonts/_BentonSans/BentonSansRegular.woff2 was preloaded using link preload but not used within a few seconds from the window's load event. Please make sure it has an appropriate `as` value and it is preloaded intentionally.
[2026-06-07T02:42:27.291Z] [warning] The resource https://a.espncdn.com/fonts/_BentonSans/BentonSansBlack.woff2 was preloaded using link preload but not used within a few seconds from the window's load event. Please make sure it has an appropriate `as` value and it is preloaded intentionally.
[2026-06-07T02:42:27.291Z] [warning] The resource https://a.espncdn.com/fonts/_BentonSansCond/BentonSansCondBold.woff2 was preloaded using link preload but not used within a few seconds from the window's load event. Please make sure it has an appropriate `as` value and it is preloaded intentionally.
[2026-06-07T02:42:27.291Z] [warning] The resource https://a.espncdn.com/fonts/_BentonSans/BentonSansRegular.woff2 was preloaded using link preload but not used within a few seconds from the window's load event. Please make sure it has an appropriate `as` value and it is preloaded intentionally.
[2026-06-07T02:42:37.291Z] [warning] The resource https://a.espncdn.com/fonts/_BentonSans/BentonSansBlack.woff2 was preloaded using link preload but not used within a few seconds from the window's load event. Please make sure it has an appropriate `as` value and it is preloaded intentionally.
[2026-06-07T02:42:37.291Z] [warning] The resource https://a.espncdn.com/fonts/_BentonSansCond/BentonSansCondBold.woff2 was preloaded using link preload but not used within a few seconds from the window's load event. Please make sure it has an appropriate `as` value and it is preloaded intentionally.
[2026-06-07T02:42:37.291Z] [warning] The resource https://a.espncdn.com/fonts/_BentonSans/BentonSansRegular.woff2 was preloaded using link preload but not used within a few seconds from the window's load event. Please make sure it has an appropriate `as` value and it is preloaded intentionally.
[2026-06-07T02:42:47.639Z] [warning] The resource https://a.espncdn.com/fonts/_BentonSans/BentonSansBlack.woff2 was preloaded using link preload but not used within a few seconds from the window's load event. Please make sure it has an appropriate `as` value and it is preloaded intentionally.
[2026-06-07T02:42:47.639Z] [warning] The resource https://a.espncdn.com/fonts/_BentonSansCond/BentonSansCondBold.woff2 was preloaded using link preload but not used within a few seconds from the window's load event. Please make sure it has an appropriate `as` value and it is preloaded intentionally.
[2026-06-07T02:42:47.639Z] [warning] The resource https://a.espncdn.com/fonts/_BentonSans/BentonSansRegular.woff2 was preloaded using link preload but not used within a few seconds from the window's load event. Please make sure it has an appropriate `as` value and it is preloaded intentionally.
[2026-06-07T02:42:57.293Z] [warning] The resource https://a.espncdn.com/fonts/_BentonSans/BentonSansBlack.woff2 was preloaded using link preload but not used within a few seconds from the window's load event. Please make sure it has an appropriate `as` value and it is preloaded intentionally.
[2026-06-07T02:42:57.293Z] [warning] The resource https://a.espncdn.com/fonts/_BentonSansCond/BentonSansCondBold.woff2 was preloaded using link preload but not used within a few seconds from the window's load event. Please make sure it has an appropriate `as` value and it is preloaded intentionally.
[2026-06-07T02:42:57.293Z] [warning] The resource https://a.espncdn.com/fonts/_BentonSans/BentonSansRegular.woff2 was preloaded using link preload but not used within a few seconds from the window's load event. Please make sure it has an appropriate `as` value and it is preloaded intentionally.
[2026-06-07T02:43:07.293Z] [warning] The resource https://a.espncdn.com/fonts/_BentonSans/BentonSansBlack.woff2 was preloaded using link preload but not used within a few seconds from the window's load event. Please make sure it has an appropriate `as` value and it is preloaded intentionally.
[2026-06-07T02:43:07.293Z] [warning] The resource https://a.espncdn.com/fonts/_BentonSansCond/BentonSansCondBold.woff2 was preloaded using link preload but not used within a few seconds from the window's load event. Please make sure it has an appropriate `as` value and it is preloaded intentionally.
[2026-06-07T02:43:07.294Z] [warning] The resource https://a.espncdn.com/fonts/_BentonSans/BentonSansRegular.woff2 was preloaded using link preload but not used within a few seconds from the window's load event. Please make sure it has an appropriate `as` value and it is preloaded intentionally.
[2026-06-07T02:43:20.228Z] [warning] The resource https://a.espncdn.com/fonts/_BentonSans/BentonSansBlack.woff2 was preloaded using link preload but not used within a few seconds from the window's load event. Please make sure it has an appropriate `as` value and it is preloaded intentionally.
[2026-06-07T02:43:20.228Z] [warning] The resource https://a.espncdn.com/fonts/_BentonSansCond/BentonSansCondBold.woff2 was preloaded using link preload but not used within a few seconds from the window's load event. Please make sure it has an appropriate `as` value and it is preloaded intentionally.
[2026-06-07T02:43:20.228Z] [warning] The resource https://a.espncdn.com/fonts/_BentonSans/BentonSansRegular.woff2 was preloaded using link preload but not used within a few seconds from the window's load event. Please make sure it has an appropriate `as` value and it is preloaded intentionally.
[2026-06-07T02:43:27.919Z] [warning] The resource https://a.espncdn.com/fonts/_BentonSans/BentonSansBlack.woff2 was preloaded using link preload but not used within a few seconds from the window's load event. Please make sure it has an appropriate `as` value and it is preloaded intentionally.
[2026-06-07T02:43:27.919Z] [warning] The resource https://a.espncdn.com/fonts/_BentonSansCond/BentonSansCondBold.woff2 was preloaded using link preload but not used within a few seconds from the window's load event. Please make sure it has an appropriate `as` value and it is preloaded intentionally.
[2026-06-07T02:43:27.919Z] [warning] The resource https://a.espncdn.com/fonts/_BentonSans/BentonSansRegular.woff2 was preloaded using link preload but not used within a few seconds from the window's load event. Please make sure it has an appropriate `as` value and it is preloaded intentionally.
[2026-06-07T02:43:37.297Z] [warning] The resource https://a.espncdn.com/fonts/_BentonSans/BentonSansBlack.woff2 was preloaded using link preload but not used within a few seconds from the window's load event. Please make sure it has an appropriate `as` value and it is preloaded intentionally.
[2026-06-07T02:43:37.297Z] [warning] The resource https://a.espncdn.com/fonts/_BentonSansCond/BentonSansCondBold.woff2 was preloaded using link preload but not used within a few seconds from the window's load event. Please make sure it has an appropriate `as` value and it is preloaded intentionally.
[2026-06-07T02:43:37.297Z] [warning] The resource https://a.espncdn.com/fonts/_BentonSans/BentonSansRegular.woff2 was preloaded using link preload but not used within a few seconds from the window's load event. Please make sure it has an appropriate `as` value and it is preloaded intentionally.
[2026-06-07T02:43:47.387Z] [warning] The resource https://a.espncdn.com/fonts/_BentonSans/BentonSansBlack.woff2 was preloaded using link preload but not used within a few seconds from the window's load event. Please make sure it has an appropriate `as` value and it is preloaded intentionally.
[2026-06-07T02:43:47.387Z] [warning] The resource https://a.espncdn.com/fonts/_BentonSansCond/BentonSansCondBold.woff2 was preloaded using link preload but not used within a few seconds from the window's load event. Please make sure it has an appropriate `as` value and it is preloaded intentionally.
[2026-06-07T02:43:47.387Z] [warning] The resource https://a.espncdn.com/fonts/_BentonSans/BentonSansRegular.woff2 was preloaded using link preload but not used within a few seconds from the window's load event. Please make sure it has an appropriate `as` value and it is preloaded intentionally.
[2026-06-07T02:43:57.295Z] [warning] The resource https://a.espncdn.com/fonts/_BentonSans/BentonSansBlack.woff2 was preloaded using link preload but not used within a few seconds from the window's load event. Please make sure it has an appropriate `as` value and it is preloaded intentionally.
[2026-06-07T02:43:57.295Z] [warning] The resource https://a.espncdn.com/fonts/_BentonSansCond/BentonSansCondBold.woff2 was preloaded using link preload but not used within a few seconds from the window's load event. Please make sure it has an appropriate `as` value and it is preloaded intentionally.
[2026-06-07T02:43:57.295Z] [warning] The resource https://a.espncdn.com/fonts/_BentonSans/BentonSansRegular.woff2 was preloaded using link preload but not used within a few seconds from the window's load event. Please make sure it has an appropriate `as` value and it is preloaded intentionally.
[2026-06-07T02:44:07.639Z] [warning] The resource https://a.espncdn.com/fonts/_BentonSans/BentonSansBlack.woff2 was preloaded using link preload but not used within a few seconds from the window's load event. Please make sure it has an appropriate `as` value and it is preloaded intentionally.
[2026-06-07T02:44:07.639Z] [warning] The resource https://a.espncdn.com/fonts/_BentonSansCond/BentonSansCondBold.woff2 was preloaded using link preload but not used within a few seconds from the window's load event. Please make sure it has an appropriate `as` value and it is preloaded intentionally.
[2026-06-07T02:44:07.639Z] [warning] The resource https://a.espncdn.com/fonts/_BentonSans/BentonSansRegular.woff2 was preloaded using link preload but not used within a few seconds from the window's load event. Please make sure it has an appropriate `as` value and it is preloaded intentionally.
[2026-06-07T02:44:17.292Z] [warning] The resource https://a.espncdn.com/fonts/_BentonSans/BentonSansBlack.woff2 was preloaded using link preload but not used within a few seconds from the window's load event. Please make sure it has an appropriate `as` value and it is preloaded intentionally.
[2026-06-07T02:44:17.293Z] [warning] The resource https://a.espncdn.com/fonts/_BentonSansCond/BentonSansCondBold.woff2 was preloaded using link preload but not used within a few seconds from the window's load event. Please make sure it has an appropriate `as` value and it is preloaded intentionally.
[2026-06-07T02:44:17.293Z] [warning] The resource https://a.espncdn.com/fonts/_BentonSans/BentonSansRegular.woff2 was preloaded using link preload but not used within a few seconds from the window's load event. Please make sure it has an appropriate `as` value and it is preloaded intentionally.
[2026-06-07T02:44:27.383Z] [warning] The resource https://a.espncdn.com/fonts/_BentonSans/BentonSansBlack.woff2 was preloaded using link preload but not used within a few seconds from the window's load event. Please make sure it has an appropriate `as` value and it is preloaded intentionally.
[2026-06-07T02:44:27.383Z] [warning] The resource https://a.espncdn.com/fonts/_BentonSansCond/BentonSansCondBold.woff2 was preloaded using link preload but not used within a few seconds from the window's load event. Please make sure it has an appropriate `as` value and it is preloaded intentionally.
[2026-06-07T02:44:27.383Z] [warning] The resource https://a.espncdn.com/fonts/_BentonSans/BentonSansRegular.woff2 was preloaded using link preload but not used within a few seconds from the window's load event. Please make sure it has an appropriate `as` value and it is preloaded intentionally.
[2026-06-07T02:44:37.295Z] [warning] The resource https://a.espncdn.com/fonts/_BentonSans/BentonSansBlack.woff2 was preloaded using link preload but not used within a few seconds from the window's load event. Please make sure it has an appropriate `as` value and it is preloaded intentionally.
[2026-06-07T02:44:37.295Z] [warning] The resource https://a.espncdn.com/fonts/_BentonSansCond/BentonSansCondBold.woff2 was preloaded using link preload but not used within a few seconds from the window's load event. Please make sure it has an appropriate `as` value and it is preloaded intentionally.
[2026-06-07T02:44:37.295Z] [warning] The resource https://a.espncdn.com/fonts/_BentonSans/BentonSansRegular.woff2 was preloaded using link preload but not used within a few seconds from the window's load event. Please make sure it has an appropriate `as` value and it is preloaded intentionally.
[2026-06-07T02:44:47.294Z] [warning] The resource https://a.espncdn.com/fonts/_BentonSans/BentonSansBlack.woff2 was preloaded using link preload but not used within a few seconds from the window's load event. Please make sure it has an appropriate `as` value and it is preloaded intentionally.
[2026-06-07T02:44:47.294Z] [warning] The resource https://a.espncdn.com/fonts/_BentonSansCond/BentonSansCondBold.woff2 was preloaded using link preload but not used within a few seconds from the window's load event. Please make sure it has an appropriate `as` value and it is preloaded intentionally.
[2026-06-07T02:44:47.294Z] [warning] The resource https://a.espncdn.com/fonts/_BentonSans/BentonSansRegular.woff2 was preloaded using link preload but not used within a few seconds from the window's load event. Please make sure it has an appropriate `as` value and it is preloaded intentionally.
[2026-06-07T02:44:57.725Z] [warning] The resource https://a.espncdn.com/fonts/_BentonSans/BentonSansBlack.woff2 was preloaded using link preload but not used within a few seconds from the window's load event. Please make sure it has an appropriate `as` value and it is preloaded intentionally.
[2026-06-07T02:44:57.725Z] [warning] The resource https://a.espncdn.com/fonts/_BentonSansCond/BentonSansCondBold.woff2 was preloaded using link preload but not used within a few seconds from the window's load event. Please make sure it has an appropriate `as` value and it is preloaded intentionally.
[2026-06-07T02:44:57.725Z] [warning] The resource https://a.espncdn.com/fonts/_BentonSans/BentonSansRegular.woff2 was preloaded using link preload but not used within a few seconds from the window's load event. Please make sure it has an appropriate `as` value and it is preloaded intentionally.
[2026-06-07T02:45:07.296Z] [warning] The resource https://a.espncdn.com/fonts/_BentonSans/BentonSansBlack.woff2 was preloaded using link preload but not used within a few seconds from the window's load event. Please make sure it has an appropriate `as` value and it is preloaded intentionally.
[2026-06-07T02:45:07.296Z] [warning] The resource https://a.espncdn.com/fonts/_BentonSansCond/BentonSansCondBold.woff2 was preloaded using link preload but not used within a few seconds from the window's load event. Please make sure it has an appropriate `as` value and it is preloaded intentionally.
[2026-06-07T02:45:07.296Z] [warning] The resource https://a.espncdn.com/fonts/_BentonSans/BentonSansRegular.woff2 was preloaded using link preload but not used within a few seconds from the window's load event. Please make sure it has an appropriate `as` value and it is preloaded intentionally.
[2026-06-07T02:45:17.295Z] [warning] The resource https://a.espncdn.com/fonts/_BentonSans/BentonSansBlack.woff2 was preloaded using link preload but not used within a few seconds from the window's load event. Please make sure it has an appropriate `as` value and it is preloaded intentionally.
[2026-06-07T02:45:17.295Z] [warning] The resource https://a.espncdn.com/fonts/_BentonSansCond/BentonSansCondBold.woff2 was preloaded using link preload but not used within a few seconds from the window's load event. Please make sure it has an appropriate `as` value and it is preloaded intentionally.
[2026-06-07T02:45:17.295Z] [warning] The resource https://a.espncdn.com/fonts/_BentonSans/BentonSansRegular.woff2 was preloaded using link preload but not used within a few seconds from the window's load event. Please make sure it has an appropriate `as` value and it is preloaded intentionally.
[2026-06-07T02:45:27.295Z] [warning] The resource https://a.espncdn.com/fonts/_BentonSans/BentonSansBlack.woff2 was preloaded using link preload but not used within a few seconds from the window's load event. Please make sure it has an appropriate `as` value and it is preloaded intentionally.
[2026-06-07T02:45:27.295Z] [warning] The resource https://a.espncdn.com/fonts/_BentonSansCond/BentonSansCondBold.woff2 was preloaded using link preload but not used within a few seconds from the window's load event. Please make sure it has an appropriate `as` value and it is preloaded intentionally.
[2026-06-07T02:45:27.295Z] [warning] The resource https://a.espncdn.com/fonts/_BentonSans/BentonSansRegular.woff2 was preloaded using link preload but not used within a few seconds from the window's load event. Please make sure it has an appropriate `as` value and it is preloaded intentionally.
[2026-06-07T02:45:33.668Z] [warning] The resource https://a.espncdn.com/fonts/_BentonSans/BentonSansBlack.woff2 was preloaded using link preload but not used within a few seconds from the window's load event. Please make sure it has an appropriate `as` value and it is preloaded intentionally.
[2026-06-07T02:45:33.668Z] [warning] The resource https://a.espncdn.com/fonts/_BentonSansCond/BentonSansCondBold.woff2 was preloaded using link preload but not used within a few seconds from the window's load event. Please make sure it has an appropriate `as` value and it is preloaded intentionally.
[2026-06-07T02:45:33.668Z] [warning] The resource https://a.espncdn.com/fonts/_BentonSans/BentonSansRegular.woff2 was preloaded using link preload but not used within a few seconds from the window's load event. Please make sure it has an appropriate `as` value and it is preloaded intentionally.
[2026-06-07T02:45:37.296Z] [warning] The resource https://a.espncdn.com/fonts/_BentonSans/BentonSansBlack.woff2 was preloaded using link preload but not used within a few seconds from the window's load event. Please make sure it has an appropriate `as` value and it is preloaded intentionally.
[2026-06-07T02:45:37.297Z] [warning] The resource https://a.espncdn.com/fonts/_BentonSansCond/BentonSansCondBold.woff2 was preloaded using link preload but not used within a few seconds from the window's load event. Please make sure it has an appropriate `as` value and it is preloaded intentionally.
[2026-06-07T02:45:37.297Z] [warning] The resource https://a.espncdn.com/fonts/_BentonSans/BentonSansRegular.woff2 was preloaded using link preload but not used within a few seconds from the window's load event. Please make sure it has an appropriate `as` value and it is preloaded intentionally.
[2026-06-07T02:45:47.696Z] [warning] The resource https://a.espncdn.com/fonts/_BentonSans/BentonSansBlack.woff2 was preloaded using link preload but not used within a few seconds from the window's load event. Please make sure it has an appropriate `as` value and it is preloaded intentionally.
[2026-06-07T02:45:47.696Z] [warning] The resource https://a.espncdn.com/fonts/_BentonSansCond/BentonSansCondBold.woff2 was preloaded using link preload but not used within a few seconds from the window's load event. Please make sure it has an appropriate `as` value and it is preloaded intentionally.
[2026-06-07T02:45:47.696Z] [warning] The resource https://a.espncdn.com/fonts/_BentonSans/BentonSansRegular.woff2 was preloaded using link preload but not used within a few seconds from the window's load event. Please make sure it has an appropriate `as` value and it is preloaded intentionally.
[2026-06-07T02:45:57.295Z] [warning] The resource https://a.espncdn.com/fonts/_BentonSans/BentonSansBlack.woff2 was preloaded using link preload but not used within a few seconds from the window's load event. Please make sure it has an appropriate `as` value and it is preloaded intentionally.
[2026-06-07T02:45:57.295Z] [warning] The resource https://a.espncdn.com/fonts/_BentonSansCond/BentonSansCondBold.woff2 was preloaded using link preload but not used within a few seconds from the window's load event. Please make sure it has an appropriate `as` value and it is preloaded intentionally.
[2026-06-07T02:45:57.295Z] [warning] The resource https://a.espncdn.com/fonts/_BentonSans/BentonSansRegular.woff2 was preloaded using link preload but not used within a few seconds from the window's load event. Please make sure it has an appropriate `as` value and it is preloaded intentionally.
[2026-06-07T02:46:07.294Z] [warning] The resource https://a.espncdn.com/fonts/_BentonSans/BentonSansBlack.woff2 was preloaded using link preload but not used within a few seconds from the window's load event. Please make sure it has an appropriate `as` value and it is preloaded intentionally.
[2026-06-07T02:46:07.294Z] [warning] The resource https://a.espncdn.com/fonts/_BentonSansCond/BentonSansCondBold.woff2 was preloaded using link preload but not used within a few seconds from the window's load event. Please make sure it has an appropriate `as` value and it is preloaded intentionally.
[2026-06-07T02:46:07.294Z] [warning] The resource https://a.espncdn.com/fonts/_BentonSans/BentonSansRegular.woff2 was preloaded using link preload but not used within a few seconds from the window's load event. Please make sure it has an appropriate `as` value and it is preloaded intentionally.
[2026-06-07T02:46:17.295Z] [warning] The resource https://a.espncdn.com/fonts/_BentonSans/BentonSansBlack.woff2 was preloaded using link preload but not used within a few seconds from the window's load event. Please make sure it has an appropriate `as` value and it is preloaded intentionally.
[2026-06-07T02:46:17.295Z] [warning] The resource https://a.espncdn.com/fonts/_BentonSansCond/BentonSansCondBold.woff2 was preloaded using link preload but not used within a few seconds from the window's load event. Please make sure it has an appropriate `as` value and it is preloaded intentionally.
[2026-06-07T02:46:17.295Z] [warning] The resource https://a.espncdn.com/fonts/_BentonSans/BentonSansRegular.woff2 was preloaded using link preload but not used within a few seconds from the window's load event. Please make sure it has an appropriate `as` value and it is preloaded intentionally.
[2026-06-07T02:46:27.297Z] [warning] The resource https://a.espncdn.com/fonts/_BentonSans/BentonSansBlack.woff2 was preloaded using link preload but not used within a few seconds from the window's load event. Please make sure it has an appropriate `as` value and it is preloaded intentionally.
[2026-06-07T02:46:27.297Z] [warning] The resource https://a.espncdn.com/fonts/_BentonSansCond/BentonSansCondBold.woff2 was preloaded using link preload but not used within a few seconds from the window's load event. Please make sure it has an appropriate `as` value and it is preloaded intentionally.
[2026-06-07T02:46:27.297Z] [warning] The resource https://a.espncdn.com/fonts/_BentonSans/BentonSansRegular.woff2 was preloaded using link preload but not used within a few seconds from the window's load event. Please make sure it has an appropriate `as` value and it is preloaded intentionally.
[2026-06-07T02:46:37.298Z] [warning] The resource https://a.espncdn.com/fonts/_BentonSans/BentonSansBlack.woff2 was preloaded using link preload but not used within a few seconds from the window's load event. Please make sure it has an appropriate `as` value and it is preloaded intentionally.
[2026-06-07T02:46:37.298Z] [warning] The resource https://a.espncdn.com/fonts/_BentonSansCond/BentonSansCondBold.woff2 was preloaded using link preload but not used within a few seconds from the window's load event. Please make sure it has an appropriate `as` value and it is preloaded intentionally.
[2026-06-07T02:46:37.298Z] [warning] The resource https://a.espncdn.com/fonts/_BentonSans/BentonSansRegular.woff2 was preloaded using link preload but not used within a few seconds from the window's load event. Please make sure it has an appropriate `as` value and it is preloaded intentionally.
[2026-06-07T02:46:47.640Z] [warning] The resource https://a.espncdn.com/fonts/_BentonSans/BentonSansBlack.woff2 was preloaded using link preload but not used within a few seconds from the window's load event. Please make sure it has an appropriate `as` value and it is preloaded intentionally.
[2026-06-07T02:46:47.640Z] [warning] The resource https://a.espncdn.com/fonts/_BentonSansCond/BentonSansCondBold.woff2 was preloaded using link preload but not used within a few seconds from the window's load event. Please make sure it has an appropriate `as` value and it is preloaded intentionally.
[2026-06-07T02:46:47.640Z] [warning] The resource https://a.espncdn.com/fonts/_BentonSans/BentonSansRegular.woff2 was preloaded using link preload but not used within a few seconds from the window's load event. Please make sure it has an appropriate `as` value and it is preloaded intentionally.
[2026-06-07T02:46:57.297Z] [warning] The resource https://a.espncdn.com/fonts/_BentonSans/BentonSansBlack.woff2 was preloaded using link preload but not used within a few seconds from the window's load event. Please make sure it has an appropriate `as` value and it is preloaded intentionally.
[2026-06-07T02:46:57.297Z] [warning] The resource https://a.espncdn.com/fonts/_BentonSansCond/BentonSansCondBold.woff2 was preloaded using link preload but not used within a few seconds from the window's load event. Please make sure it has an appropriate `as` value and it is preloaded intentionally.
[2026-06-07T02:46:57.297Z] [warning] The resource https://a.espncdn.com/fonts/_BentonSans/BentonSansRegular.woff2 was preloaded using link preload but not used within a few seconds from the window's load event. Please make sure it has an appropriate `as` value and it is preloaded intentionally.
[2026-06-07T02:47:07.296Z] [warning] The resource https://a.espncdn.com/fonts/_BentonSans/BentonSansBlack.woff2 was preloaded using link preload but not used within a few seconds from the window's load event. Please make sure it has an appropriate `as` value and it is preloaded intentionally.
[2026-06-07T02:47:07.296Z] [warning] The resource https://a.espncdn.com/fonts/_BentonSansCond/BentonSansCondBold.woff2 was preloaded using link preload but not used within a few seconds from the window's load event. Please make sure it has an appropriate `as` value and it is preloaded intentionally.
[2026-06-07T02:47:07.296Z] [warning] The resource https://a.espncdn.com/fonts/_BentonSans/BentonSansRegular.woff2 was preloaded using link preload but not used within a few seconds from the window's load event. Please make sure it has an appropriate `as` value and it is preloaded intentionally.
[2026-06-07T02:47:17.297Z] [warning] The resource https://a.espncdn.com/fonts/_BentonSans/BentonSansBlack.woff2 was preloaded using link preload but not used within a few seconds from the window's load event. Please make sure it has an appropriate `as` value and it is preloaded intentionally.
[2026-06-07T02:47:17.297Z] [warning] The resource https://a.espncdn.com/fonts/_BentonSansCond/BentonSansCondBold.woff2 was preloaded using link preload but not used within a few seconds from the window's load event. Please make sure it has an appropriate `as` value and it is preloaded intentionally.
[2026-06-07T02:47:17.297Z] [warning] The resource https://a.espncdn.com/fonts/_BentonSans/BentonSansRegular.woff2 was preloaded using link preload but not used within a few seconds from the window's load event. Please make sure it has an appropriate `as` value and it is preloaded intentionally.
[2026-06-07T02:47:27.741Z] [warning] The resource https://a.espncdn.com/fonts/_BentonSans/BentonSansBlack.woff2 was preloaded using link preload but not used within a few seconds from the window's load event. Please make sure it has an appropriate `as` value and it is preloaded intentionally.
[2026-06-07T02:47:27.741Z] [warning] The resource https://a.espncdn.com/fonts/_BentonSansCond/BentonSansCondBold.woff2 was preloaded using link preload but not used within a few seconds from the window's load event. Please make sure it has an appropriate `as` value and it is preloaded intentionally.
[2026-06-07T02:47:27.741Z] [warning] The resource https://a.espncdn.com/fonts/_BentonSans/BentonSansRegular.woff2 was preloaded using link preload but not used within a few seconds from the window's load event. Please make sure it has an appropriate `as` value and it is preloaded intentionally.
[2026-06-07T02:47:37.297Z] [warning] The resource https://a.espncdn.com/fonts/_BentonSans/BentonSansBlack.woff2 was preloaded using link preload but not used within a few seconds from the window's load event. Please make sure it has an appropriate `as` value and it is preloaded intentionally.
[2026-06-07T02:47:37.297Z] [warning] The resource https://a.espncdn.com/fonts/_BentonSansCond/BentonSansCondBold.woff2 was preloaded using link preload but not used within a few seconds from the window's load event. Please make sure it has an appropriate `as` value and it is preloaded intentionally.
[2026-06-07T02:47:37.297Z] [warning] The resource https://a.espncdn.com/fonts/_BentonSans/BentonSansRegular.woff2 was preloaded using link preload but not used within a few seconds from the window's load event. Please make sure it has an appropriate `as` value and it is preloaded intentionally.
[2026-06-07T02:47:47.297Z] [warning] The resource https://a.espncdn.com/fonts/_BentonSans/BentonSansBlack.woff2 was preloaded using link preload but not used within a few seconds from the window's load event. Please make sure it has an appropriate `as` value and it is preloaded intentionally.
[2026-06-07T02:47:47.297Z] [warning] The resource https://a.espncdn.com/fonts/_BentonSansCond/BentonSansCondBold.woff2 was preloaded using link preload but not used within a few seconds from the window's load event. Please make sure it has an appropriate `as` value and it is preloaded intentionally.
[2026-06-07T02:47:47.297Z] [warning] The resource https://a.espncdn.com/fonts/_BentonSans/BentonSansRegular.woff2 was preloaded using link preload but not used within a few seconds from the window's load event. Please make sure it has an appropriate `as` value and it is preloaded intentionally.
[2026-06-07T02:47:57.294Z] [warning] The resource https://a.espncdn.com/fonts/_BentonSans/BentonSansBlack.woff2 was preloaded using link preload but not used within a few seconds from the window's load event. Please make sure it has an appropriate `as` value and it is preloaded intentionally.
[2026-06-07T02:47:57.294Z] [warning] The resource https://a.espncdn.com/fonts/_BentonSansCond/BentonSansCondBold.woff2 was preloaded using link preload but not used within a few seconds from the window's load event. Please make sure it has an appropriate `as` value and it is preloaded intentionally.
[2026-06-07T02:47:57.294Z] [warning] The resource https://a.espncdn.com/fonts/_BentonSans/BentonSansRegular.woff2 was preloaded using link preload but not used within a few seconds from the window's load event. Please make sure it has an appropriate `as` value and it is preloaded intentionally.
[2026-06-07T02:48:07.298Z] [warning] The resource https://a.espncdn.com/fonts/_BentonSans/BentonSansBlack.woff2 was preloaded using link preload but not used within a few seconds from the window's load event. Please make sure it has an appropriate `as` value and it is preloaded intentionally.
[2026-06-07T02:48:07.298Z] [warning] The resource https://a.espncdn.com/fonts/_BentonSansCond/BentonSansCondBold.woff2 was preloaded using link preload but not used within a few seconds from the window's load event. Please make sure it has an appropriate `as` value and it is preloaded intentionally.
[2026-06-07T02:48:07.298Z] [warning] The resource https://a.espncdn.com/fonts/_BentonSans/BentonSansRegular.woff2 was preloaded using link preload but not used within a few seconds from the window's load event. Please make sure it has an appropriate `as` value and it is preloaded intentionally.
[2026-06-07T02:48:17.296Z] [warning] The resource https://a.espncdn.com/fonts/_BentonSans/BentonSansBlack.woff2 was preloaded using link preload but not used within a few seconds from the window's load event. Please make sure it has an appropriate `as` value and it is preloaded intentionally.
[2026-06-07T02:48:17.296Z] [warning] The resource https://a.espncdn.com/fonts/_BentonSansCond/BentonSansCondBold.woff2 was preloaded using link preload but not used within a few seconds from the window's load event. Please make sure it has an appropriate `as` value and it is preloaded intentionally.
[2026-06-07T02:48:17.296Z] [warning] The resource https://a.espncdn.com/fonts/_BentonSans/BentonSansRegular.woff2 was preloaded using link preload but not used within a few seconds from the window's load event. Please make sure it has an appropriate `as` value and it is preloaded intentionally.
[2026-06-07T02:48:20.507Z] [warning] The resource https://a.espncdn.com/fonts/_BentonSans/BentonSansBlack.woff2 was preloaded using link preload but not used within a few seconds from the window's load event. Please make sure it has an appropriate `as` value and it is preloaded intentionally.
[2026-06-07T02:48:20.508Z] [warning] The resource https://a.espncdn.com/fonts/_BentonSansCond/BentonSansCondBold.woff2 was preloaded using link preload but not used within a few seconds from the window's load event. Please make sure it has an appropriate `as` value and it is preloaded intentionally.
[2026-06-07T02:48:20.508Z] [warning] The resource https://a.espncdn.com/fonts/_BentonSans/BentonSansRegular.woff2 was preloaded using link preload but not used within a few seconds from the window's load event. Please make sure it has an appropriate `as` value and it is preloaded intentionally.
[2026-06-07T02:48:27.295Z] [warning] The resource https://a.espncdn.com/fonts/_BentonSans/BentonSansBlack.woff2 was preloaded using link preload but not used within a few seconds from the window's load event. Please make sure it has an appropriate `as` value and it is preloaded intentionally.
[2026-06-07T02:48:27.295Z] [warning] The resource https://a.espncdn.com/fonts/_BentonSansCond/BentonSansCondBold.woff2 was preloaded using link preload but not used within a few seconds from the window's load event. Please make sure it has an appropriate `as` value and it is preloaded intentionally.
[2026-06-07T02:48:27.295Z] [warning] The resource https://a.espncdn.com/fonts/_BentonSans/BentonSansRegular.woff2 was preloaded using link preload but not used within a few seconds from the window's load event. Please make sure it has an appropriate `as` value and it is preloaded intentionally.
[2026-06-07T02:48:37.295Z] [warning] The resource https://a.espncdn.com/fonts/_BentonSans/BentonSansBlack.woff2 was preloaded using link preload but not used within a few seconds from the window's load event. Please make sure it has an appropriate `as` value and it is preloaded intentionally.
[2026-06-07T02:48:37.295Z] [warning] The resource https://a.espncdn.com/fonts/_BentonSansCond/BentonSansCondBold.woff2 was preloaded using link preload but not used within a few seconds from the window's load event. Please make sure it has an appropriate `as` value and it is preloaded intentionally.
[2026-06-07T02:48:37.295Z] [warning] The resource https://a.espncdn.com/fonts/_BentonSans/BentonSansRegular.woff2 was preloaded using link preload but not used within a few seconds from the window's load event. Please make sure it has an appropriate `as` value and it is preloaded intentionally.
[2026-06-07T02:48:47.298Z] [warning] The resource https://a.espncdn.com/fonts/_BentonSans/BentonSansBlack.woff2 was preloaded using link preload but not used within a few seconds from the window's load event. Please make sure it has an appropriate `as` value and it is preloaded intentionally.
[2026-06-07T02:48:47.298Z] [warning] The resource https://a.espncdn.com/fonts/_BentonSansCond/BentonSansCondBold.woff2 was preloaded using link preload but not used within a few seconds from the window's load event. Please make sure it has an appropriate `as` value and it is preloaded intentionally.
[2026-06-07T02:48:47.298Z] [warning] The resource https://a.espncdn.com/fonts/_BentonSans/BentonSansRegular.woff2 was preloaded using link preload but not used within a few seconds from the window's load event. Please make sure it has an appropriate `as` value and it is preloaded intentionally.
[2026-06-07T02:48:57.297Z] [warning] The resource https://a.espncdn.com/fonts/_BentonSans/BentonSansBlack.woff2 was preloaded using link preload but not used within a few seconds from the window's load event. Please make sure it has an appropriate `as` value and it is preloaded intentionally.
[2026-06-07T02:48:57.297Z] [warning] The resource https://a.espncdn.com/fonts/_BentonSansCond/BentonSansCondBold.woff2 was preloaded using link preload but not used within a few seconds from the window's load event. Please make sure it has an appropriate `as` value and it is preloaded intentionally.
[2026-06-07T02:48:57.297Z] [warning] The resource https://a.espncdn.com/fonts/_BentonSans/BentonSansRegular.woff2 was preloaded using link preload but not used within a few seconds from the window's load event. Please make sure it has an appropriate `as` value and it is preloaded intentionally.
[2026-06-07T02:49:07.295Z] [warning] The resource https://a.espncdn.com/fonts/_BentonSans/BentonSansBlack.woff2 was preloaded using link preload but not used within a few seconds from the window's load event. Please make sure it has an appropriate `as` value and it is preloaded intentionally.
[2026-06-07T02:49:07.295Z] [warning] The resource https://a.espncdn.com/fonts/_BentonSansCond/BentonSansCondBold.woff2 was preloaded using link preload but not used within a few seconds from the window's load event. Please make sure it has an appropriate `as` value and it is preloaded intentionally.
[2026-06-07T02:49:07.295Z] [warning] The resource https://a.espncdn.com/fonts/_BentonSans/BentonSansRegular.woff2 was preloaded using link preload but not used within a few seconds from the window's load event. Please make sure it has an appropriate `as` value and it is preloaded intentionally.
[2026-06-07T02:49:17.389Z] [warning] The resource https://a.espncdn.com/fonts/_BentonSans/BentonSansBlack.woff2 was preloaded using link preload but not used within a few seconds from the window's load event. Please make sure it has an appropriate `as` value and it is preloaded intentionally.
[2026-06-07T02:49:17.389Z] [warning] The resource https://a.espncdn.com/fonts/_BentonSansCond/BentonSansCondBold.woff2 was preloaded using link preload but not used within a few seconds from the window's load event. Please make sure it has an appropriate `as` value and it is preloaded intentionally.
[2026-06-07T02:49:17.389Z] [warning] The resource https://a.espncdn.com/fonts/_BentonSans/BentonSansRegular.woff2 was preloaded using link preload but not used within a few seconds from the window's load event. Please make sure it has an appropriate `as` value and it is preloaded intentionally.
[2026-06-07T02:49:27.297Z] [warning] The resource https://a.espncdn.com/fonts/_BentonSans/BentonSansBlack.woff2 was preloaded using link preload but not used within a few seconds from the window's load event. Please make sure it has an appropriate `as` value and it is preloaded intentionally.
[2026-06-07T02:49:27.297Z] [warning] The resource https://a.espncdn.com/fonts/_BentonSansCond/BentonSansCondBold.woff2 was preloaded using link preload but not used within a few seconds from the window's load event. Please make sure it has an appropriate `as` value and it is preloaded intentionally.
[2026-06-07T02:49:27.297Z] [warning] The resource https://a.espncdn.com/fonts/_BentonSans/BentonSansRegular.woff2 was preloaded using link preload but not used within a few seconds from the window's load event. Please make sure it has an appropriate `as` value and it is preloaded intentionally.
[2026-06-07T02:49:37.297Z] [warning] The resource https://a.espncdn.com/fonts/_BentonSans/BentonSansBlack.woff2 was preloaded using link preload but not used within a few seconds from the window's load event. Please make sure it has an appropriate `as` value and it is preloaded intentionally.
[2026-06-07T02:49:37.297Z] [warning] The resource https://a.espncdn.com/fonts/_BentonSansCond/BentonSansCondBold.woff2 was preloaded using link preload but not used within a few seconds from the window's load event. Please make sure it has an appropriate `as` value and it is preloaded intentionally.
[2026-06-07T02:49:37.297Z] [warning] The resource https://a.espncdn.com/fonts/_BentonSans/BentonSansRegular.woff2 was preloaded using link preload but not used within a few seconds from the window's load event. Please make sure it has an appropriate `as` value and it is preloaded intentionally.
[2026-06-07T02:49:48.572Z] [warning] The resource https://a.espncdn.com/fonts/_BentonSans/BentonSansBlack.woff2 was preloaded using link preload but not used within a few seconds from the window's load event. Please make sure it has an appropriate `as` value and it is preloaded intentionally.
[2026-06-07T02:49:48.572Z] [warning] The resource https://a.espncdn.com/fonts/_BentonSansCond/BentonSansCondBold.woff2 was preloaded using link preload but not used within a few seconds from the window's load event. Please make sure it has an appropriate `as` value and it is preloaded intentionally.
[2026-06-07T02:49:48.572Z] [warning] The resource https://a.espncdn.com/fonts/_BentonSans/BentonSansRegular.woff2 was preloaded using link preload but not used within a few seconds from the window's load event. Please make sure it has an appropriate `as` value and it is preloaded intentionally.
[2026-06-07T02:49:57.296Z] [warning] The resource https://a.espncdn.com/fonts/_BentonSans/BentonSansBlack.woff2 was preloaded using link preload but not used within a few seconds from the window's load event. Please make sure it has an appropriate `as` value and it is preloaded intentionally.
[2026-06-07T02:49:57.296Z] [warning] The resource https://a.espncdn.com/fonts/_BentonSansCond/BentonSansCondBold.woff2 was preloaded using link preload but not used within a few seconds from the window's load event. Please make sure it has an appropriate `as` value and it is preloaded intentionally.
[2026-06-07T02:49:57.296Z] [warning] The resource https://a.espncdn.com/fonts/_BentonSans/BentonSansRegular.woff2 was preloaded using link preload but not used within a few seconds from the window's load event. Please make sure it has an appropriate `as` value and it is preloaded intentionally.
[2026-06-07T02:50:07.298Z] [warning] The resource https://a.espncdn.com/fonts/_BentonSans/BentonSansBlack.woff2 was preloaded using link preload but not used within a few seconds from the window's load event. Please make sure it has an appropriate `as` value and it is preloaded intentionally.
[2026-06-07T02:50:07.298Z] [warning] The resource https://a.espncdn.com/fonts/_BentonSansCond/BentonSansCondBold.woff2 was preloaded using link preload but not used within a few seconds from the window's load event. Please make sure it has an appropriate `as` value and it is preloaded intentionally.
[2026-06-07T02:50:07.298Z] [warning] The resource https://a.espncdn.com/fonts/_BentonSans/BentonSansRegular.woff2 was preloaded using link preload but not used within a few seconds from the window's load event. Please make sure it has an appropriate `as` value and it is preloaded intentionally.
[2026-06-07T02:50:17.297Z] [warning] The resource https://a.espncdn.com/fonts/_BentonSans/BentonSansBlack.woff2 was preloaded using link preload but not used within a few seconds from the window's load event. Please make sure it has an appropriate `as` value and it is preloaded intentionally.
[2026-06-07T02:50:17.298Z] [warning] The resource https://a.espncdn.com/fonts/_BentonSansCond/BentonSansCondBold.woff2 was preloaded using link preload but not used within a few seconds from the window's load event. Please make sure it has an appropriate `as` value and it is preloaded intentionally.
[2026-06-07T02:50:17.298Z] [warning] The resource https://a.espncdn.com/fonts/_BentonSans/BentonSansRegular.woff2 was preloaded using link preload but not used within a few seconds from the window's load event. Please make sure it has an appropriate `as` value and it is preloaded intentionally.
[2026-06-07T02:50:27.389Z] [warning] The resource https://a.espncdn.com/fonts/_BentonSans/BentonSansBlack.woff2 was preloaded using link preload but not used within a few seconds from the window's load event. Please make sure it has an appropriate `as` value and it is preloaded intentionally.
[2026-06-07T02:50:27.389Z] [warning] The resource https://a.espncdn.com/fonts/_BentonSansCond/BentonSansCondBold.woff2 was preloaded using link preload but not used within a few seconds from the window's load event. Please make sure it has an appropriate `as` value and it is preloaded intentionally.
[2026-06-07T02:50:27.389Z] [warning] The resource https://a.espncdn.com/fonts/_BentonSans/BentonSansRegular.woff2 was preloaded using link preload but not used within a few seconds from the window's load event. Please make sure it has an appropriate `as` value and it is preloaded intentionally.
[2026-06-07T02:50:37.300Z] [warning] The resource https://a.espncdn.com/fonts/_BentonSans/BentonSansBlack.woff2 was preloaded using link preload but not used within a few seconds from the window's load event. Please make sure it has an appropriate `as` value and it is preloaded intentionally.
[2026-06-07T02:50:37.300Z] [warning] The resource https://a.espncdn.com/fonts/_BentonSansCond/BentonSansCondBold.woff2 was preloaded using link preload but not used within a few seconds from the window's load event. Please make sure it has an appropriate `as` value and it is preloaded intentionally.
[2026-06-07T02:50:37.300Z] [warning] The resource https://a.espncdn.com/fonts/_BentonSans/BentonSansRegular.woff2 was preloaded using link preload but not used within a few seconds from the window's load event. Please make sure it has an appropriate `as` value and it is preloaded intentionally.
[2026-06-07T02:50:47.391Z] [warning] The resource https://a.espncdn.com/fonts/_BentonSans/BentonSansBlack.woff2 was preloaded using link preload but not used within a few seconds from the window's load event. Please make sure it has an appropriate `as` value and it is preloaded intentionally.
[2026-06-07T02:50:47.392Z] [warning] The resource https://a.espncdn.com/fonts/_BentonSansCond/BentonSansCondBold.woff2 was preloaded using link preload but not used within a few seconds from the window's load event. Please make sure it has an appropriate `as` value and it is preloaded intentionally.
[2026-06-07T02:50:47.392Z] [warning] The resource https://a.espncdn.com/fonts/_BentonSans/BentonSansRegular.woff2 was preloaded using link preload but not used within a few seconds from the window's load event. Please make sure it has an appropriate `as` value and it is preloaded intentionally.
[2026-06-07T02:50:57.390Z] [warning] The resource https://a.espncdn.com/fonts/_BentonSans/BentonSansBlack.woff2 was preloaded using link preload but not used within a few seconds from the window's load event. Please make sure it has an appropriate `as` value and it is preloaded intentionally.
[2026-06-07T02:50:57.390Z] [warning] The resource https://a.espncdn.com/fonts/_BentonSansCond/BentonSansCondBold.woff2 was preloaded using link preload but not used within a few seconds from the window's load event. Please make sure it has an appropriate `as` value and it is preloaded intentionally.
[2026-06-07T02:50:57.390Z] [warning] The resource https://a.espncdn.com/fonts/_BentonSans/BentonSansRegular.woff2 was preloaded using link preload but not used within a few seconds from the window's load event. Please make sure it has an appropriate `as` value and it is preloaded intentionally.
[2026-06-07T02:51:07.298Z] [warning] The resource https://a.espncdn.com/fonts/_BentonSans/BentonSansBlack.woff2 was preloaded using link preload but not used within a few seconds from the window's load event. Please make sure it has an appropriate `as` value and it is preloaded intentionally.
[2026-06-07T02:51:07.298Z] [warning] The resource https://a.espncdn.com/fonts/_BentonSansCond/BentonSansCondBold.woff2 was preloaded using link preload but not used within a few seconds from the window's load event. Please make sure it has an appropriate `as` value and it is preloaded intentionally.
[2026-06-07T02:51:07.299Z] [warning] The resource https://a.espncdn.com/fonts/_BentonSans/BentonSansRegular.woff2 was preloaded using link preload but not used within a few seconds from the window's load event. Please make sure it has an appropriate `as` value and it is preloaded intentionally.
[2026-06-07T02:51:17.299Z] [warning] The resource https://a.espncdn.com/fonts/_BentonSans/BentonSansBlack.woff2 was preloaded using link preload but not used within a few seconds from the window's load event. Please make sure it has an appropriate `as` value and it is preloaded intentionally.
[2026-06-07T02:51:17.299Z] [warning] The resource https://a.espncdn.com/fonts/_BentonSansCond/BentonSansCondBold.woff2 was preloaded using link preload but not used within a few seconds from the window's load event. Please make sure it has an appropriate `as` value and it is preloaded intentionally.
[2026-06-07T02:51:17.299Z] [warning] The resource https://a.espncdn.com/fonts/_BentonSans/BentonSansRegular.woff2 was preloaded using link preload but not used within a few seconds from the window's load event. Please make sure it has an appropriate `as` value and it is preloaded intentionally.
[2026-06-07T02:51:27.299Z] [warning] The resource https://a.espncdn.com/fonts/_BentonSans/BentonSansBlack.woff2 was preloaded using link preload but not used within a few seconds from the window's load event. Please make sure it has an appropriate `as` value and it is preloaded intentionally.
[2026-06-07T02:51:27.299Z] [warning] The resource https://a.espncdn.com/fonts/_BentonSansCond/BentonSansCondBold.woff2 was preloaded using link preload but not used within a few seconds from the window's load event. Please make sure it has an appropriate `as` value and it is preloaded intentionally.
[2026-06-07T02:51:27.299Z] [warning] The resource https://a.espncdn.com/fonts/_BentonSans/BentonSansRegular.woff2 was preloaded using link preload but not used within a few seconds from the window's load event. Please make sure it has an appropriate `as` value and it is preloaded intentionally.
[2026-06-07T02:51:37.301Z] [warning] The resource https://a.espncdn.com/fonts/_BentonSans/BentonSansBlack.woff2 was preloaded using link preload but not used within a few seconds from the window's load event. Please make sure it has an appropriate `as` value and it is preloaded intentionally.
[2026-06-07T02:51:37.301Z] [warning] The resource https://a.espncdn.com/fonts/_BentonSansCond/BentonSansCondBold.woff2 was preloaded using link preload but not used within a few seconds from the window's load event. Please make sure it has an appropriate `as` value and it is preloaded intentionally.
[2026-06-07T02:51:37.301Z] [warning] The resource https://a.espncdn.com/fonts/_BentonSans/BentonSansRegular.woff2 was preloaded using link preload but not used within a few seconds from the window's load event. Please make sure it has an appropriate `as` value and it is preloaded intentionally.
[2026-06-07T02:51:47.301Z] [warning] The resource https://a.espncdn.com/fonts/_BentonSans/BentonSansBlack.woff2 was preloaded using link preload but not used within a few seconds from the window's load event. Please make sure it has an appropriate `as` value and it is preloaded intentionally.
[2026-06-07T02:51:47.301Z] [warning] The resource https://a.espncdn.com/fonts/_BentonSansCond/BentonSansCondBold.woff2 was preloaded using link preload but not used within a few seconds from the window's load event. Please make sure it has an appropriate `as` value and it is preloaded intentionally.
[2026-06-07T02:51:47.301Z] [warning] The resource https://a.espncdn.com/fonts/_BentonSans/BentonSansRegular.woff2 was preloaded using link preload but not used within a few seconds from the window's load event. Please make sure it has an appropriate `as` value and it is preloaded intentionally.
[2026-06-07T02:51:57.300Z] [warning] The resource https://a.espncdn.com/fonts/_BentonSans/BentonSansBlack.woff2 was preloaded using link preload but not used within a few seconds from the window's load event. Please make sure it has an appropriate `as` value and it is preloaded intentionally.
[2026-06-07T02:51:57.300Z] [warning] The resource https://a.espncdn.com/fonts/_BentonSansCond/BentonSansCondBold.woff2 was preloaded using link preload but not used within a few seconds from the window's load event. Please make sure it has an appropriate `as` value and it is preloaded intentionally.
[2026-06-07T02:51:57.301Z] [warning] The resource https://a.espncdn.com/fonts/_BentonSans/BentonSansRegular.woff2 was preloaded using link preload but not used within a few seconds from the window's load event. Please make sure it has an appropriate `as` value and it is preloaded intentionally.
[2026-06-07T02:52:07.302Z] [warning] The resource https://a.espncdn.com/fonts/_BentonSans/BentonSansBlack.woff2 was preloaded using link preload but not used within a few seconds from the window's load event. Please make sure it has an appropriate `as` value and it is preloaded intentionally.
[2026-06-07T02:52:07.302Z] [warning] The resource https://a.espncdn.com/fonts/_BentonSansCond/BentonSansCondBold.woff2 was preloaded using link preload but not used within a few seconds from the window's load event. Please make sure it has an appropriate `as` value and it is preloaded intentionally.
[2026-06-07T02:52:07.302Z] [warning] The resource https://a.espncdn.com/fonts/_BentonSans/BentonSansRegular.woff2 was preloaded using link preload but not used within a few seconds from the window's load event. Please make sure it has an appropriate `as` value and it is preloaded intentionally.
[2026-06-07T02:52:17.393Z] [warning] The resource https://a.espncdn.com/fonts/_BentonSans/BentonSansBlack.woff2 was preloaded using link preload but not used within a few seconds from the window's load event. Please make sure it has an appropriate `as` value and it is preloaded intentionally.
[2026-06-07T02:52:17.393Z] [warning] The resource https://a.espncdn.com/fonts/_BentonSansCond/BentonSansCondBold.woff2 was preloaded using link preload but not used within a few seconds from the window's load event. Please make sure it has an appropriate `as` value and it is preloaded intentionally.
[2026-06-07T02:52:17.394Z] [warning] The resource https://a.espncdn.com/fonts/_BentonSans/BentonSansRegular.woff2 was preloaded using link preload but not used within a few seconds from the window's load event. Please make sure it has an appropriate `as` value and it is preloaded intentionally.
[2026-06-07T02:52:27.301Z] [warning] The resource https://a.espncdn.com/fonts/_BentonSans/BentonSansBlack.woff2 was preloaded using link preload but not used within a few seconds from the window's load event. Please make sure it has an appropriate `as` value and it is preloaded intentionally.
[2026-06-07T02:52:27.301Z] [warning] The resource https://a.espncdn.com/fonts/_BentonSansCond/BentonSansCondBold.woff2 was preloaded using link preload but not used within a few seconds from the window's load event. Please make sure it has an appropriate `as` value and it is preloaded intentionally.
[2026-06-07T02:52:27.301Z] [warning] The resource https://a.espncdn.com/fonts/_BentonSans/BentonSansRegular.woff2 was preloaded using link preload but not used within a few seconds from the window's load event. Please make sure it has an appropriate `as` value and it is preloaded intentionally.
[2026-06-07T02:52:37.300Z] [warning] The resource https://a.espncdn.com/fonts/_BentonSans/BentonSansBlack.woff2 was preloaded using link preload but not used within a few seconds from the window's load event. Please make sure it has an appropriate `as` value and it is preloaded intentionally.
[2026-06-07T02:52:37.300Z] [warning] The resource https://a.espncdn.com/fonts/_BentonSansCond/BentonSansCondBold.woff2 was preloaded using link preload but not used within a few seconds from the window's load event. Please make sure it has an appropriate `as` value and it is preloaded intentionally.
[2026-06-07T02:52:37.300Z] [warning] The resource https://a.espncdn.com/fonts/_BentonSans/BentonSansRegular.woff2 was preloaded using link preload but not used within a few seconds from the window's load event. Please make sure it has an appropriate `as` value and it is preloaded intentionally.
[2026-06-07T02:52:47.302Z] [warning] The resource https://a.espncdn.com/fonts/_BentonSans/BentonSansBlack.woff2 was preloaded using link preload but not used within a few seconds from the window's load event. Please make sure it has an appropriate `as` value and it is preloaded intentionally.
[2026-06-07T02:52:47.302Z] [warning] The resource https://a.espncdn.com/fonts/_BentonSansCond/BentonSansCondBold.woff2 was preloaded using link preload but not used within a few seconds from the window's load event. Please make sure it has an appropriate `as` value and it is preloaded intentionally.
[2026-06-07T02:52:47.302Z] [warning] The resource https://a.espncdn.com/fonts/_BentonSans/BentonSansRegular.woff2 was preloaded using link preload but not used within a few seconds from the window's load event. Please make sure it has an appropriate `as` value and it is preloaded intentionally.
[2026-06-07T02:52:57.394Z] [warning] The resource https://a.espncdn.com/fonts/_BentonSans/BentonSansBlack.woff2 was preloaded using link preload but not used within a few seconds from the window's load event. Please make sure it has an appropriate `as` value and it is preloaded intentionally.
[2026-06-07T02:52:57.394Z] [warning] The resource https://a.espncdn.com/fonts/_BentonSansCond/BentonSansCondBold.woff2 was preloaded using link preload but not used within a few seconds from the window's load event. Please make sure it has an appropriate `as` value and it is preloaded intentionally.
[2026-06-07T02:52:57.394Z] [warning] The resource https://a.espncdn.com/fonts/_BentonSans/BentonSansRegular.woff2 was preloaded using link preload but not used within a few seconds from the window's load event. Please make sure it has an appropriate `as` value and it is preloaded intentionally.
[2026-06-07T02:53:07.301Z] [warning] The resource https://a.espncdn.com/fonts/_BentonSans/BentonSansBlack.woff2 was preloaded using link preload but not used within a few seconds from the window's load event. Please make sure it has an appropriate `as` value and it is preloaded intentionally.
[2026-06-07T02:53:07.301Z] [warning] The resource https://a.espncdn.com/fonts/_BentonSansCond/BentonSansCondBold.woff2 was preloaded using link preload but not used within a few seconds from the window's load event. Please make sure it has an appropriate `as` value and it is preloaded intentionally.
[2026-06-07T02:53:07.301Z] [warning] The resource https://a.espncdn.com/fonts/_BentonSans/BentonSansRegular.woff2 was preloaded using link preload but not used within a few seconds from the window's load event. Please make sure it has an appropriate `as` value and it is preloaded intentionally.
[2026-06-07T02:53:20.207Z] [warning] The resource https://a.espncdn.com/fonts/_BentonSans/BentonSansBlack.woff2 was preloaded using link preload but not used within a few seconds from the window's load event. Please make sure it has an appropriate `as` value and it is preloaded intentionally.
[2026-06-07T02:53:20.207Z] [warning] The resource https://a.espncdn.com/fonts/_BentonSansCond/BentonSansCondBold.woff2 was preloaded using link preload but not used within a few seconds from the window's load event. Please make sure it has an appropriate `as` value and it is preloaded intentionally.
[2026-06-07T02:53:20.207Z] [warning] The resource https://a.espncdn.com/fonts/_BentonSans/BentonSansRegular.woff2 was preloaded using link preload but not used within a few seconds from the window's load event. Please make sure it has an appropriate `as` value and it is preloaded intentionally.
